heuristic-v2
var 1 0x1.f374842314aadp+37 1 1
var 2 0x1.8f6d9f4a2689dp+37 0 1
var 3 0x1.06ac423dfecep+38 1 1
var 4 0x1.a5ac02114cc6ap+36 0 1
var 5 0x1.ca49abd47acb3p+35 1 1
var 6 0x1.95721932b0b4ap+34 1 1
var 7 0x1.861cf4b48617cp+35 1 1
var 8 0x1.375d99741f333p+22 1 1
var 9 0x1.a40bc19ca26bp+37 0 1
var 10 0x1.2a733306bf86ep+25 1 1
var 11 0x1.2a733306bf86ep+25 0 1
var 12 0x1.2a733306bf86ep+25 1 1
var 13 0x1.0e3f6fbaec5eep+35 1 1
var 14 0x1.b5746437b2af2p+36 0 1
var 15 0x1.55ddad6bdf3fep+37 0 1
var 16 0x1.e87588bfcc638p+34 1 1
var 17 0x1.2f227877a0aa9p+35 0 1
var 18 0x1.62612ac6bf65ep+34 1 1
var 19 0x1.1305c126a22c2p+33 1 1
var 20 0x1.278c0dd9c72ecp+31 0 1
var 21 0x1.c0574275a57bdp+29 1 1
var 22 0x1.9ce23d1795442p+30 1 1
var 23 0x1.1b61a3202394bp+29 1 1
var 24 0x1.1b616d5cef103p+29 1 1
var 25 0x1.976edd984bc7p+36 1 1
var 26 0x1.a1bff66aaae08p+36 1 1
var 27 0x1.85c384ae51331p+37 0 1
var 28 0x1.70341ecced3e1p+35 1 1
var 29 0x1.70341ecced3e3p+35 1 1
var 30 0x1.707ebb973a522p+35 1 1
var 31 0x1.1693e7cf65a3dp-85 1 1
var 32 0x1.1693e7cf65d44p-85 1 1
var 33 0x1.1693e7cf66029p-85 1 1
var 34 0x1.9ca36d4eaa7fdp+27 1 1
var 35 0x1.a7263fd8ed7e6p+27 1 1
var 36 0x1.e445b3ba82c41p+28 0 1
var 37 0x1.1a08fcb2b768cp+26 1 1
var 38 0x1.1a08fcb2b768cp+26 1 1
var 39 0x1.f4410420862a2p+27 1 1
var 40 0x1.68d055172778fp+36 1 1
var 41 0x1.cea1870e18cf2p+24 0 1
var 42 0x1.cea1870e18cf2p+24 1 1
var 43 0x1.bfe5e4b160c5fp+37 0 1
var 44 0x1.255fc7240577ap+37 1 1
var 45 0x1.25710d913d00cp+37 0 1
var 46 0x1.81bd8440de68fp+33 1 1
var 47 0x1.b1f4bd80143c2p+34 1 1
var 48 0x1.81bd8440de68fp+33 0 1
var 49 0x1.8bf8d4aef48bcp+34 0 1
var 50 0x1.1352f25500537p+35 1 1
var 51 0x1.7a6a4ce3f4864p+36 1 1
var 52 0x1.f488e77538279p+6 1 1
var 53 0x1.f488e77538059p+6 1 1
var 54 0x1.f488e77538059p+6 1 1
var 55 0x1.130d2733e5f1p+25 1 1
var 56 0x1.7e412b26203acp+26 1 1
var 57 0x1.130d2733e5f1p+25 1 1
var 58 0x1.639b7adc91486p+33 1 1
var 59 0x1.70958b0a677p+33 0 1
var 60 0x1.63736c33f301cp+33 1 1
var 61 0x1.412556ce84cd3p+35 1 1
var 62 0x1.3c428cdbaff8ep+35 1 1
var 63 0x1.3c428cdbb02d2p+35 1 1
var 64 0x1.517b541980b64p+1 1 1
var 65 0x1.517b541980b64p+1 1 1
var 66 0x1.517b541980b64p+1 1 1
var 67 0x1.e2fe9570e0a1dp+33 1 1
var 68 0x1.e4ed6afb52647p+33 0 1
var 69 0x1.e2fe9570d66b6p+33 1 1
var 70 0x1.0bca37c4451c1p-582 0 1
var 71 0x1.0bca37c4451c1p-582 1 1
var 72 0x1.0bca37c4451c1p-582 1 1
var 73 0x1.8f3b7d7236745p+37 1 1
var 74 0x1.89ef0a0813e6bp+36 0 1
var 75 0x1.89ef0a0813e6bp+36 1 1
var 76 0x1.2367b5b853862p+37 0 1
var 77 0x1.86f33be644514p+35 1 1
var 78 0x1.beb192ef1ccbbp+37 1 1
var 79 0x1.6fde2ab555a92p+35 0 1
var 80 0x1.6fde2ab555a92p+35 1 1
var 81 0x1.6fde2ab555a92p+35 1 1
var 82 0x1.10dc37f10693cp-40 1 1
var 83 0x1.ec939ed3e41ccp-42 1 1
var 84 0x1.319cd63bc0f1p+24 0 1
var 85 0x1.f6c48ac1516ep+9 0 1
var 86 0x1.172a22686023fp+9 1 1
var 87 0x1.1916c2fb59938p+9 1 1
var 88 0x1.5d2f2112f5eap+34 1 1
var 89 0x1.5e777d91a9c25p+31 1 1
var 90 0x1.555bd9dfc11p+31 1 1
var 91 0x1.44131095461bp+37 1 1
var 92 0x1.bec2b1e50c24p+36 0 1
var 93 0x1.f95890233015p+36 0 1
var 94 0x1.fdfcedd5adbd3p-7 1 1
var 95 0x1.fdfcedd5adbd3p-7 1 1
var 96 0x1.f8ab96de1bea8p-2 1 1
var 97 0x1.e919b1f7a1995p+36 1 1
var 98 0x1.e49ee421f8098p+36 0 1
var 99 0x1.b5e7fb870b2edp+37 1 1
var 100 0x1.1ede45c831ba9p-5 1 1
var 101 0x1.e61512afa9984p-5 1 1
var 102 0x1.1ede45c831ba6p-5 1 1
var 103 0x1.040dbaa4500e2p+37 0 1
var 104 0x1.223097c39f64dp+36 1 1
var 105 0x1.e22d9a2ccb4c5p+34 1 1
var 106 0x1.927fcee748768p+35 1 1
var 107 0x1.ad08666b4ae11p+35 1 1
var 108 0x1.dfa5920fd6513p+35 0 1
var 109 0x1.744951673cca7p-69 1 1
var 110 0x1.744951673cca7p-69 1 1
var 111 0x1.744951673cca7p-69 1 1
var 112 0x1.d9f9b9c2b9209p-98 1 1
var 113 0x1.d9f9b9c2b9209p-98 1 1
var 114 0x1.d9f9b9c2b9209p-98 1 1
var 115 0x1.27cdbf008a82ep+35 1 1
var 116 0x1.27cdacb26db68p+35 1 1
var 117 0x1.27cdacb26db68p+35 1 1
var 118 0x1.5766574396432p+32 1 1
var 119 0x1.cfbdcd80c7746p+29 1 1
var 120 0x1.bdb970aa8491ap+31 1 1
var 121 0x1.b263e31d1190bp+28 1 1
var 122 0x1.b25c46213b4bap+28 0 1
var 123 0x1.b25c45e3a7394p+28 1 1
var 124 0x1.b08530a4b63bp+36 1 1
var 125 0x1.1d717e575b88fp+36 1 1
var 126 0x1.cd4ae939af782p+37 0 1
var 127 0x1.d7355a4309e4bp+8 1 1
var 128 0x1.d7355a4309e42p+8 0 1
var 129 0x1.d7355a4309e42p+8 1 1
var 130 0x1.f488e77535fafp+6 1 1
var 131 0x1.f488e77535fafp+6 1 1
var 132 0x1.f488e77535fafp+6 1 1
var 133 0x1.360d3613b62e7p+34 0 1
var 134 0x1.5e74444b823cp-19 1 1
var 135 0x1.7629046643509p+25 0 1
var 136 0x1.aae13c0e223e3p+23 1 1
var 137 0x1.a4d1dda9a5ac9p+37 1 1
var 138 0x1.2e841d40c13c8p+37 0 1
var 139 0x1.1811b7f09d276p+37 1 1
var 140 0x1.975e56366874fp+36 0 1
var 141 0x1.4a3895225a019p+36 1 1
var 142 0x1.4b004aa407f0ap-17 1 1
var 143 0x1.4b004aa407f0ap-17 1 1
var 144 0x1.4b004aa407f0ap-17 1 1
var 145 0x1.30d57b94ffacp+35 0 1
var 146 0x1.30d57b94ffacp+35 1 1
var 147 0x1.30d57b94ffad8p+35 1 1
var 148 0x1.2a785c55cc51cp+25 1 1
var 149 0x1.2a785c55cc534p+25 1 1
var 150 0x1.2a7866283bad5p+25 1 1
var 151 0x1.3a4deb7202e56p+4 1 1
var 152 0x1.3a4deb7202e56p+4 1 1
var 153 0x1.3a4deb7202e56p+4 1 1
var 154 0x1.b25a4a8506b24p+28 1 1
var 155 0x1.b25a4a8506b36p+28 1 1
var 156 0x1.b7ef201a3f219p+30 1 1
var 157 0x1.bf8424db6b20ep+35 0 1
var 158 0x1.f52b1247d1b1p+35 1 1
var 159 0x1.3e5040d13cc54p+37 1 1
var 160 0x1.9b4f6e9e9188dp-119 1 1
var 161 0x1.45bd037bd6dadp-116 1 1
var 162 0x1.9b4f98b0f371ep-119 0 1
var 163 0x1.4c8a26b3d1badp+35 0 1
var 164 0x1.448b594173b5p+35 1 1
var 165 0x1.3c42bc25471e9p+35 1 1
var 166 0x1.ea328efcf3df3p-37 1 1
var 167 0x1.b3bb29c467055p-38 0 1
var 168 0x1.b3bb29c467055p-38 1 1
var 169 0x1.3d5dc6c2c0dfcp+13 1 1
var 170 0x1.3d5dc6c2c0dfcp+13 1 1
var 171 0x1.3d5dc6c2c0dfcp+13 1 1
var 172 0x1.0246665b0c5fdp+3 1 1
var 173 0x1.b3bb29c466fa7p-38 1 1
var 174 0x1.b3c6184cd7c3bp-38 1 1
var 175 0x1.48f298389cc92p+36 1 1
var 176 0x1.48c386953a7d3p+36 1 1
var 177 0x1.492132f855e34p+36 0 1
var 178 0x1.1801ac2e6ef96p+33 0 1
var 179 0x1.6982819de634cp+36 1 1
var 180 0x1.1801ac2e6ef81p+33 1 1
var 181 0x1.2e0cbe52b7fe2p+28 1 1
var 182 0x1.3f78c79f62524p+27 1 1
var 183 0x1.3fcb8a0a0758p+27 1 1
var 184 0x1.6fde2ab555a9ep+35 1 1
var 185 0x1.6fde2ab555a9ep+35 1 1
var 186 0x1.6fde2ab555a9ep+35 0 1
var 187 0x1.934e377b06742p+34 1 1
var 188 0x1.2191e068417f2p+36 0 1
var 189 0x1.ee5236c4c73aep+34 1 1
var 190 0x1.9aae32c4a04bep-139 1 1
var 191 0x1.9aae32c4a04bep-139 1 1
var 192 0x1.9aae32c4a04bep-139 1 1
var 193 0x1.312f24849c00ap+37 1 1
var 194 0x1.1ebad86c9d202p+32 1 1
var 195 0x1.1ebad86c9d202p+32 0 1
var 196 0x1.06710fa7a04b6p+32 1 1
var 197 0x1.0d83700754bf9p+31 0 1
var 198 0x1.2f8e38bff47b9p+25 1 1
var 199 0x1.bcbf6e07408ffp+36 0 1
var 200 0x1.0639591904cc5p+34 1 1
var 201 0x1.05e86c494dd2ep+34 1 1
var 202 0x1.ea543bcdb35b5p+37 1 1
var 203 0x1.8112383a2a326p+36 1 1
var 204 0x1.ee4558a266e79p+37 0 1
var 205 0x1.a46b6826aea65p+26 1 1
var 206 0x1.1e8c8ba7ff52cp+26 0 1
var 207 0x1.65897eec09c5ap+26 1 1
var 208 0x1.9e00f73cd34a8p+27 0 1
var 209 0x1.61145c712f116p+29 0 1
var 210 0x1.9ab8a1ab1d94cp+27 1 1
var 211 0x1.c6f80702e56cdp+36 0 1
var 212 0x1.c48b1e8dda063p+37 1 1
var 213 0x1.0f99baa15ce3bp+37 1 1
var 214 0x1.6720f79cdd048p+37 0 1
var 215 0x1.74fcdc81b11edp+37 1 1
var 216 0x1.62b63f28ff4d7p+37 1 1
var 217 0x1.457d6ec359adp+37 1 1
var 218 0x1.0c6183b272908p+34 1 1
var 219 0x1.0c6183b272908p+34 0 1
var 220 0x1.9e4f88e574466p+33 1 1
var 221 0x1.c03dbfd166c2dp+34 1 1
var 222 0x1.9e4f88e57438dp+33 1 1
var 223 0x1.10e5f8cc9862p+31 1 1
var 224 0x1.cea2b3dd33ae8p+24 1 1
var 225 0x1.16457608a9c29p+34 1 1
var 226 0x1.e370191669d92p+36 1 1
var 227 0x1.977dc2fba512ap+35 1 1
var 228 0x1.977dc2fba512ap+35 0 1
var 229 0x1.b8be33da43bfp+34 1 1
var 230 0x1.8f5070f72d2c1p+33 0 1
var 231 0x1.dd72810d12c4ap+34 1 1
var 232 0x1.60899bfd504ffp+37 1 1
var 233 0x1.e89930aaec898p+35 0 1
var 234 0x1.e89930aaec898p+35 1 1
var 235 0x1.73db2b88444a3p+35 1 1
var 236 0x1.73d127de1c8dap+35 0 1
var 237 0x1.8476bd44c7ba3p+35 0 1
var 238 0x1.130d28f3fea13p+25 1 1
var 239 0x1.af2711214eec2p+26 1 1
var 240 0x1.130d28f3fa50ep+25 1 1
var 241 0x1.7710db9807392p+36 0 1
var 242 0x1.46409cb330424p+37 1 1
var 243 0x1.9d9fbaaacc03ep+36 1 1
var 244 0x1.071bf8196094fp-92 1 1
var 245 0x1.071bf81951722p-92 1 1
var 246 0x1.071bf8194fec9p-92 1 1
var 247 0x1.00e341362e5c1p+32 1 1
var 248 0x1.d6b37b2c16c41p+31 1 1
var 249 0x1.6107322eb506ep+34 0 1
var 250 0x1.65ef647530d34p+36 1 1
var 251 0x1.16a2ef51a707ep+36 1 1
var 252 0x1.20664cd3061b3p+35 1 1
var 253 0x1.546a38a17073bp-37 1 1
var 254 0x1.546a38a17073bp-37 1 1
var 255 0x1.546a38a17073bp-37 1 1
var 256 0x1.e8f581bbcd739p+34 1 1
var 257 0x1.b7ee272d2611p+30 1 1
var 258 0x1.b2566b18d0e38p+28 1 1
var 259 0x1.66ba56897ef88p+33 1 1
var 260 0x1.251f5dd938b5dp+34 0 1
var 261 0x1.66bb469f4a4cbp+33 1 1
var 262 0x1.edbe6d4d294afp+32 0 1
var 263 0x1.15bb1d7b6739cp+34 1 1
var 264 0x1.edbe6d4d29528p+32 1 1
var 265 0x1.471b38b614f78p-127 1 1
var 266 0x1.4e10439db968bp-127 1 1
var 267 0x1.471bc112fcd31p-127 1 1
var 268 0x1.f488e77535fafp+6 1 1
var 269 0x1.f488e77535fafp+6 1 1
var 270 0x1.f488e77535fafp+6 1 1
var 271 0x1.6d848ae29ef88p-40 1 1
var 272 0x1.6d848ae29ef88p-40 1 1
var 273 0x1.6d848ae29ef88p-40 1 1
var 274 0x1.750ff38164375p+25 1 1
var 275 0x1.750ff38164593p+25 1 1
var 276 0x1.750ff395ded0ap+25 1 1
var 277 0x1.82efc238643edp+30 1 1
var 278 0x1.4d11f70b876cp+37 0 1
var 279 0x1.1f06d474146dcp+36 1 1
var 280 0x1.b7ebdb424eefbp+30 0 1
var 281 0x1.0089a3887eedp-7 1 1
var 282 0x1.943df2f879076p+31 1 1
var 283 0x1.22580ba94a4cap+37 1 1
var 284 0x1.22580c1133ddcp+37 0 1
var 285 0x1.b616fa4895897p+37 1 1
var 286 0x1.3df9c68610e59p+27 1 1
var 287 0x1.8d533868687dep+35 0 1
var 288 0x1.3376f3fbaffcdp+27 1 1
var 289 0x1.d92d775816c89p+23 1 1
var 290 0x1.50bc7b221156p+24 1 1
var 291 0x1.d92d75f636b73p+23 1 1
var 292 0x1.3f9e1f45b7757p+33 1 1
var 293 0x1.360c1443d4ca1p+33 1 1
var 294 0x1.360c1443c5f2p+33 0 1
var 295 0x1.130d61c899273p+25 1 1
var 296 0x1.de85c7c44226p+28 1 1
var 297 0x1.130d61c89915ep+25 1 1
var 298 0x1.68949f30bc614p+36 1 1
var 299 0x1.c924b377f63c9p+35 1 1
var 300 0x1.cd95991a60187p+35 0 1
var 301 0x1.a63ee63da3a18p+25 1 1
var 302 0x1.319ce9e097048p+24 1 1
var 303 0x1.319ce9e097048p+24 1 1
var 304 0x1.0972bef3d74d8p+36 1 1
var 305 0x1.99877c70fe21ap+35 0 1
var 306 0x1.9b562145504e7p+35 1 1
var 307 0x1.bac6ad55d39f6p+29 1 1
var 308 0x1.f8eaf9235f665p+31 1 1
var 309 0x1.bac6ad55d39f6p+29 0 1
var 310 0x1.ead4bcd0717d4p+35 0 1
var 311 0x1.45f2a6d4b1ee5p+35 1 1
var 312 0x1.0e93d6601bc8fp+37 1 1
var 313 0x1.2e00701e38943p+36 1 1
var 314 0x1.0a3cf94a4ed96p+36 0 1
var 315 0x1.0a3cf02c7917p+36 1 1
var 316 0x1.71768835f8776p+16 1 1
var 317 0x1.71768835f8776p+16 1 1
var 318 0x1.32559184848ep+25 0 1
var 319 0x1.17288c580ffc6p+9 1 1
var 320 0x1.17288c580ffc6p+9 0 1
var 321 0x1.17288c580ffc6p+9 1 1
var 322 0x1.aca7a02caf3c6p+16 1 1
var 323 0x1.ae19ea37a4d48p+16 1 1
var 324 0x1.aca7a02caf3cep+16 0 1
var 325 0x1.b762377672e82p+34 1 1
var 326 0x1.8e16fcd0c6a79p+33 0 1
var 327 0x1.8c98782d9eddbp+33 1 1
var 328 0x1.2e0801fdf2accp+34 1 1
var 329 0x1.4a3a5b187a657p+37 0 1
var 330 0x1.17292c68b8785p+34 0 1
var 331 0x1.49d4531ac954ap+37 0 1
var 332 0x1.0fb5808ee49c9p+29 1 1
var 333 0x1.12d6a5bb4f8a1p+29 1 1
var 334 0x1.af86f5aa3ac75p-47 1 1
var 335 0x1.af86f5aa3ac75p-47 1 1
var 336 0x1.af86f5aa3ac75p-47 1 1
var 337 0x1.e54a64ac4369p-40 1 1
var 338 0x1.e54a64ac4369p-40 1 1
var 339 0x1.e54a64ac436acp-40 1 1
var 340 0x1.76f8c90491028p+26 0 1
var 341 0x1.8631c5123ba9ep+28 1 1
var 342 0x1.e394c17a0dd68p+34 1 1
var 343 0x1.a2d27b8ae2831p-68 1 1
var 344 0x1.a2d27b8ae2831p-68 1 1
var 345 0x1.a2d27b8ae2831p-68 1 1
var 346 0x1.bb835a806228bp+26 1 1
var 347 0x1.bb83e614a75e6p+26 1 1
var 348 0x1.bb835a806228bp+26 1 1
var 349 0x1.99873962cd68ep+31 1 1
var 350 0x1.980086377a2f8p+31 1 1
var 351 0x1.98000a3c1a967p+31 1 1
var 352 0x1.857861144ce09p-3 1 1
var 353 0x1.30164b7758fb5p-4 1 1
var 354 0x1.2ffa24a504c25p-4 1 1
var 355 0x1.86e28eb234e27p+29 1 1
var 356 0x1.92d5b5c80a266p+29 1 1
var 357 0x1.86e28e936ad94p+29 1 1
var 358 0x1.8c599bad30a4cp+26 0 1
var 359 0x1.cf7d0ec948cdbp+29 0 1
var 360 0x1.241c25fb4dd02p+36 1 1
var 361 0x1.c0115982ad922p+1 0 1
var 362 0x1.c0115982ad922p+1 1 1
var 363 0x1.872f2fd969775p+23 1 1
var 364 0x1.8e0b365505ebap+33 1 1
var 365 0x1.6e76632f03e1fp+33 1 1
var 366 0x1.7384addcf2a52p+34 1 1
var 367 0x1.2a7349203c022p+25 1 1
var 368 0x1.2a73357b5d4bp+25 1 1
var 369 0x1.2a73357b5d4bp+25 1 1
var 370 0x1.5ffb14afb6f82p-29 1 1
var 371 0x1.5ffb14afb6f82p-29 1 1
var 372 0x1.4121cd1adaa56p+26 1 1
var 373 0x1.19a10f3d12466p+37 1 1
var 374 0x1.f6fcad27e8bf7p+36 1 1
var 375 0x1.30618043e3726p+37 1 1
var 376 0x1.4cafb49d05aecp+36 1 1
var 377 0x1.4cafd17b05f63p+36 1 1
var 378 0x1.61d9cf47431b1p+37 0 1
var 379 0x1.9e1cda8a59657p+23 1 1
var 380 0x1.802cea124a776p+13 1 1
var 381 0x1.7fec402ad92bbp+13 1 1
var 382 0x1.cbd88d91a6224p+35 1 1
var 383 0x1.e22d55d23d7c6p+33 0 1
var 384 0x1.eb87e442a927ap+15 1 1
var 385 0x1.f33d616c22c15p+31 0 1
var 386 0x1.1a8d6b4052ca4p+34 1 1
var 387 0x1.c18f784c39184p+34 1 1
var 388 0x1.48c3979f30d0ap+36 1 1
var 389 0x1.48c3979f30d0ap+36 0 1
var 390 0x1.48c3979f39a99p+36 1 1
var 391 0x1.17288caad00fp+9 1 1
var 392 0x1.17288caad00fp+9 1 1
var 393 0x1.17288caad00fp+9 1 1
var 394 0x1.88ed366a0cc1ap+33 1 1
var 395 0x1.0287c0d025c52p+31 1 1
var 396 0x1.2ad59042bf4b8p+37 0 1
var 397 0x1.288cde78d339dp+35 1 1
var 398 0x1.288d13acb5b02p+35 1 1
var 399 0x1.291e98b3f1c4fp+35 1 1
var 400 0x1.6fde30f19672cp+35 1 1
var 401 0x1.6fde30f19672cp+35 1 1
var 402 0x1.6fde30f19672cp+35 0 1
var 403 0x1.6fde2d9c6e2d5p+35 1 1
var 404 0x1.6fde2bfc73b68p+35 1 1
var 405 0x1.6fde2bfc73b68p+35 1 1
var 406 0x1.948f2dba820a6p+32 1 1
var 407 0x1.0f70991af1329p+29 1 1
var 408 0x1.e4c76ee8238f9p+30 1 1
var 409 0x1.8478116fd3f16p+27 0 1
var 410 0x1.136120555c0eep+28 1 1
var 411 0x1.0a1ac5a8f6198p+27 1 1
var 412 0x1.beb1c626ff41fp+33 1 1
var 413 0x1.beb1c626ff415p+33 1 1
var 414 0x1.beb1c85550562p+33 1 1
var 415 0x1.3004566b06673p-4 1 1
var 416 0x1.3004566b06673p-4 1 1
var 417 0x1.3004566b06673p-4 1 1
var 418 0x1.5c95bb0385955p-38 0 1
var 419 0x1.7edfe0e43a0c2p-89 1 1
var 420 0x1.7edfe26ea3f08p-89 1 1
var 421 0x1.8dba0fac3919ep-36 1 1
var 422 0x1.8dba0fac3919ep-36 1 1
var 423 0x1.0af37d4f83d6ep-35 1 1
var 424 0x1.8f508123d90edp+33 0 1
var 425 0x1.8f509e6dd296fp+33 1 1
var 426 0x1.719883fa48fd6p+35 1 1
var 427 0x1.e22bf6bd5d6edp+33 1 1
var 428 0x1.e22bf6bd5d6edp+33 1 1
var 429 0x1.e22bf6bd5d6edp+33 0 1
var 430 0x1.057614ca341b7p+37 0 1
var 431 0x1.7336efc7a5379p+37 1 1
var 432 0x1.bb38b1c785f59p+37 1 1
var 433 0x1.5c63f5f00f7b3p-125 1 1
var 434 0x1.45e196c297fb7p-127 1 1
var 435 0x1.45e196c297fb7p-127 1 1
var 436 0x1.10dc37f10693cp-40 0 1
var 437 0x1.e8792cff7371bp-24 1 1
var 438 0x1.ec939ed3e41ccp-42 1 1
var 439 0x1.e8694ae888712p+35 0 1
var 440 0x1.e8693bc6cc23ep+35 1 1
var 441 0x1.e8693bc66eb5ep+35 1 1
var 442 0x1.bac69e9c28a6dp+29 1 1
var 443 0x1.bac69e9c28a6ep+29 1 1
var 444 0x1.bac69e9c28cd5p+29 1 1
var 445 0x1.7e0e720b0dad3p+24 1 1
var 446 0x1.7ea0e2f06508bp+24 1 1
var 447 0x1.7e0e720b0dad5p+24 1 1
var 448 0x1.b2505c8d316adp+28 1 1
var 449 0x1.b2505c8d316adp+28 1 1
var 450 0x1.b2505c8d316adp+28 1 1
var 451 0x1.92caa154dfe76p-23 1 1
var 452 0x1.93088d23df30bp-23 1 1
var 453 0x1.92caa51c79dc7p-23 1 1
var 454 0x1.0c7dc73880032p+36 1 1
var 455 0x1.e22e0c784a659p+33 1 1
var 456 0x1.233026b7ac988p+16 1 1
var 457 0x1.2446553dde0fcp+36 0 1
var 458 0x1.2446f7dfe1071p+36 1 1
var 459 0x1.57a55c3d16b24p+36 1 1
var 460 0x1.a4b1e54b651e5p+25 1 1
var 461 0x1.a4b1e54b651e5p+25 1 1
var 462 0x1.85cc34ca810c1p+27 1 1
var 463 0x1.c7ceaab998f2fp+26 1 1
var 464 0x1.00960317c646ap+28 1 1
var 465 0x1.c7ce57d894c97p+26 0 1
var 466 0x1.81bccaa4a0c0ep+33 1 1
var 467 0x1.81bccb83f462dp+33 1 1
var 468 0x1.81bccaa4a0c0ep+33 1 1
var 469 0x1.4ce40a563fd25p+16 1 1
var 470 0x1.2bac63e6ca79p+15 1 1
var 471 0x1.2bac63e6ca79p+15 0 1
var 472 0x1.2cbe437848693p+36 0 1
var 473 0x1.280c256797f97p+38 1 1
var 474 0x1.96f5c7fa85c22p+36 1 1
var 475 0x1.e25e09102103ep+33 1 1
var 476 0x1.909296358efebp+22 1 1
var 477 0x1.909296358efebp+22 0 1
var 478 0x1.1afe73544c10bp+33 1 1
var 479 0x1.1afe73544c10bp+33 1 1
var 480 0x1.1afe73544c158p+33 1 1
var 481 0x1.ed3af8480cb53p-15 1 1
var 482 0x1.ed3aed60a5b19p-15 1 1
var 483 0x1.ed3aed60a5b19p-15 1 1
var 484 0x1.6fde2aaf56f8ap+35 1 1
var 485 0x1.6fde2aaf56f8ap+35 1 1
var 486 0x1.6fde2aaf56f8ap+35 1 1
var 487 0x1.9879a6052d34fp+31 0 1
var 488 0x1.7b18ce9c7d82ap+29 1 1
var 489 0x1.abf161f09e773p+30 1 1
var 490 0x1.e22bf6bd5a51fp+33 0 1
var 491 0x1.e22bf6bd5a529p+33 1 1
var 492 0x1.e22bf6bd5a51fp+33 1 1
var 493 0x1.bf76f6755d773p+35 1 1
var 494 0x1.74c79ceba5defp+35 0 1
var 495 0x1.a9daa6e0df4aep+37 1 1
var 496 0x1.0f29857ccca02p-18 1 1
var 497 0x1.0f2b74db3dd66p-18 1 1
var 498 0x1.156106b5a43p+35 1 1
var 499 0x1.bb0c37c47566fp+36 0 1
var 500 0x1.ba9b608d8ee33p+36 1 1
var 501 0x1.c656e17326d74p+35 1 1
var 502 0x1.88e170a6851f2p+4 1 1
var 503 0x1.88e170a6851f2p+4 1 1
var 504 0x1.88e170a6851f2p+4 0 1
var 505 0x1.b0ea4d396b424p+35 0 1
var 506 0x1.ed6138a89d428p+35 1 1
var 507 0x1.b962408d92786p+35 1 1
var 508 0x1.2ff9fe68b146fp-4 1 1
var 509 0x1.2ff9fe68b146fp-4 1 1
var 510 0x1.2ff9fe68b146fp-4 1 1
var 511 0x1.17288a6ad5126p+9 1 1
var 512 0x1.17288a6ad5126p+9 1 1
var 513 0x1.17288a6ad5126p+9 1 1
var 514 0x1.319cd639aa316p+24 1 1
var 515 0x1.319cd639aa316p+24 1 1
var 516 0x1.319cd639aa316p+24 1 1
var 517 0x1.0342222efd808p+29 0 1
var 518 0x1.69729477d001cp+36 0 1
var 519 0x1.50dc23c21a8aep+26 1 1
var 520 0x1.4faccf06631a4p-27 0 1
var 521 0x1.4faccf06631a4p-27 1 1
var 522 0x1.4faccf06631a4p-27 1 1
var 523 0x1.538b8be8dfb64p-27 1 1
var 524 0x1.538b8be8dfb64p-27 1 1
var 525 0x1.538b8be8dfb64p-27 1 1
var 526 0x1.943df2f878f85p+31 1 1
var 527 0x1.a81f6c08e3a41p+29 1 1
var 528 0x1.a81f6c08e406ep+29 1 1
var 529 0x1.75c8b0d673423p+25 1 1
var 530 0x1.7176a27ad5cb8p+16 1 1
var 531 0x1.360d4150ef4dfp+33 1 1
var 532 0x1.2ff9fe68b146fp-4 1 1
var 533 0x1.2ff9fe68b146fp-4 1 1
var 534 0x1.2ff9fe68b1591p-4 0 1
var 535 0x1.2a733306bf86ep+25 1 1
var 536 0x1.2a733306bf86ep+25 1 1
var 537 0x1.2a733306bf86ep+25 1 1
var 538 0x1.815607696d6ebp-14 1 1
var 539 0x1.81560743ff9aap-14 1 1
var 540 0x1.81560743ff9aap-14 1 1
var 541 0x1.81bd30e23fe76p+24 1 1
var 542 0x1.319fdfa45b5aep+24 1 1
var 543 0x1.48db06e9590fcp+25 1 1
var 544 0x1.9a54b3a503da3p+31 1 1
var 545 0x1.19571fb3e03abp+36 1 1
var 546 0x1.9a58b271c9436p+31 0 1
var 547 0x1.5b993b3fc36dep+36 1 1
var 548 0x1.6b04b6b6382fep+37 0 1
var 549 0x1.f9b91c15335fap+35 1 1
var 550 0x1.0a2907c33a5dbp-128 1 1
var 551 0x1.d4a4312dc0d34p-128 1 1
var 552 0x1.0a2907c33a5dbp-128 1 1
var 553 0x1.1fd1aba8a1c58p+36 0 1
var 554 0x1.0978498ace8f6p+37 1 1
var 555 0x1.1fd31a6c877acp+36 1 1
var 556 0x1.ea4a8d93291b4p+25 1 1
var 557 0x1.7e0529a9fef6ep+24 1 1
var 558 0x1.7e0529a9fef6ep+24 1 1
var 559 0x1.38f1819568899p-22 1 1
var 560 0x1.38f1819568899p-22 1 1
var 561 0x1.38f1819568899p-22 0 1
var 562 0x1.d254d03d373b8p+25 1 1
var 563 0x1.d254cfd236474p+25 0 1
var 564 0x1.065021e55b762p+27 1 1
var 565 0x1.ed09c4ede324ap+33 1 1
var 566 0x1.e2ebcd92e07d3p+33 1 1
var 567 0x1.e22db394ed452p+33 1 1
var 568 0x1.bd51d534cb9b8p+36 0 1
var 569 0x1.6eac2c7dec784p+37 1 1
var 570 0x1.e5d604dd0d8e8p+36 1 1
var 571 0x1.e8fd0016661fp+23 1 1
var 572 0x1.e8fbdb2306b9cp+23 0 1
var 573 0x1.ea20bcedb4c75p+23 1 1
var 574 0x1.ac212db795bacp+34 1 1
var 575 0x1.6e156760c0898p+31 0 1
var 576 0x1.32e88889f150ap+36 1 1
var 577 0x1.f2d9c1a243baep+36 1 1
var 578 0x1.df60e0933a08p+36 0 1
var 579 0x1.4cdd5cd587d7cp+37 0 1
var 580 0x1.b0ffb47ad1a43p-113 1 1
var 581 0x1.e716139545cc1p-112 1 1
var 582 0x1.e7196889cc942p-112 1 1
var 583 0x1.4cc85f0a35ba8p+11 1 1
var 584 0x1.4cc85f099cb1p+11 1 1
var 585 0x1.4cc85f3204745p+11 0 1
var 586 0x1.f669fdb6fecc7p+37 1 1
var 587 0x1.b17dc1129f79p+37 0 1
var 588 0x1.8eedb9a9ee365p+37 1 1
var 589 0x1.e8faf05c54bfap+23 1 1
var 590 0x1.e8faf05c5285cp+23 1 1
var 591 0x1.e8faf05c52e28p+23 1 1
var 592 0x1.c0b59ff255f09p+35 0 1
var 593 0x1.bd6d183cb8952p+35 1 1
var 594 0x1.bd6d183cb8954p+35 1 1
var 595 0x1.6030d225c5082p+36 0 1
var 596 0x1.edbe77cd4a21p+32 0 1
var 597 0x1.edbe77cd4a21p+32 1 1
var 598 0x0p+0 1 1
var 599 0x0p+0 1 1
var 600 0x0p+0 1 1
heap_pop_order [204,202,126,212,43,78,432,285,587,137,2,588,27,569,548,214,216,378,15,278,579,331,242,159,375,138,396,45,44,284,283,373,139,213,554,430,103,374,577,97,570,98,578,211,92,568,199,499,500,14,124,4,26,243,25,140,474,75,74,203,51,241,179,298,250,547,459,377,376,141,177,175,390,388,389,176,576,313,472,458,457,360,104,188,555,553,279,125,545,251,454,314,315,304,549,158,506,310,234,233,439,440,441,108,300,382,5,299,501,592,157,493,594,593,507,505,107,306,305,228,227,106,287,77,7,237,494,235,236,426,30,29,28,400,402,401,403,404,405,184,185,186,79,80,81,486,485,484,163,311,164,61,165,63,62,147,146,145,17,399,398,397,115,116,117,252,498,50,13,189,256,16,342,105,231,387,221,229,325,47,574,6,187,49,366,18,249,88,133,328,260,386,330,225,263,218,219,200,201,565,68,67,69,566,475,455,567,383,429,427,428,491,490,492,414,412,413,220,222,425,424,230,326,364,327,394,46,48,467,468,466,59,365,261,259,58,60,292,531,293,294,480,478,479,178,180,19,597,596,264,262,406,118,194,195,196,247,385,248,120,546,544,349,487,350,351,282,526,575,89,90,20,223,197,395,408,156,257,280,489,22,277,119,359,21,307,309,444,443,442,528,527,356,355,357,488,209,23,24,333,332,407,517,36,296,121,122,123,155,154,258,448,450,449,341,181,410,464,39,35,208,34,210,462,409,183,182,286,288,411,564,463,465,347,346,348,239,205,358,56,340,207,519,372,206,38,37,556,562,563,301,460,461,135,529,276,275,274,543,318,198,150,149,148,367,369,368,536,12,10,535,537,11,295,297,238,240,57,55,224,42,41,541,446,447,445,558,557,290,542,303,302,84,514,515,516,573,571,572,589,591,590,289,291,136,379,363,477,476,8,323,324,322,530,316,317,469,456,384,470,471,380,381,170,171,169,585,583,584,85,87,86,391,392,393,319,321,320,513,511,512,127,128,129,52,54,53,130,132,269,270,131,268,504,502,503,152,153,151,172,362,361,66,65,64,96,352,353,415,417,416,354,534,508,509,532,510,533,101,100,102,95,94,281,538,540,539,481,482,483,142,144,143,497,496,134,559,561,560,452,453,451,437,524,525,523,520,522,521,371,370,423,421,422,166,254,255,253,174,168,167,173,418,339,338,337,273,272,271,436,82,83,438,336,334,335,343,345,344,111,110,109,33,32,31,420,419,244,245,246,112,114,113,582,581,580,161,162,160,433,266,267,265,435,434,551,552,550,190,192,191,70,71,72]
increments 0x1.1f659158fbf24p+36 0x1.8c4f0fc6ef44fp+4 random 0x1.57c8328p+27 0x0p+0 0 2
decay 0x1.999999999999ap-1 0x1.ff7ced916872bp-1 restart 1 3208 0x1.43ap+14 2 3300 0x1.999999999999ap-1 0x1.6666666666666p+0
simplify 0 -240929 1
lbd_queue 50 332 [5,4,8,10,7,8,7,7,6,5,6,5,8,8,10,8,10,8,6,9,10,2,9,8,3,8,7,4,5,5,6,7,6,7,7,7,7,6,8,5,5,6,4,7,6,5,5,5,8,9]
trail_queue 5000 869427 [342,236,312,304,252,336,178,185,242,331,297,410,332,242,296,213,233,253,222,194,198,302,258,150,382,254,388,222,226,154,177,318,252,231,273,203,238,327,318,367,333,233,241,280,307,237,245,246,327,284,268,314,257,313,258,288,276,276,280,242,165,399,295,276,234,241,290,351,378,350,288,242,176,171,305,299,337,289,286,202,172,288,273,264,364,298,320,235,320,298,278,356,327,272,304,153,270,299,196,308,274,363,354,264,330,233,328,343,307,238,305,270,274,295,253,260,300,244,148,335,289,165,297,243,328,277,270,213,244,224,294,212,193,289,118,139,294,282,192,220,295,320,257,306,264,76,113,391,279,320,384,149,321,256,371,232,296,293,206,316,207,252,176,130,212,179,394,238,361,384,305,182,186,180,261,308,279,313,256,270,288,379,280,339,278,260,411,251,170,308,288,330,182,221,279,283,238,281,312,302,286,218,266,217,246,193,159,230,360,213,210,294,245,354,230,295,259,196,151,136,376,323,382,316,289,195,221,215,373,191,185,263,336,345,274,246,280,355,220,329,360,212,386,346,284,318,250,250,376,404,234,191,281,231,355,270,291,261,238,332,280,313,277,205,213,204,329,337,369,289,269,336,213,171,341,312,308,186,301,260,332,265,339,178,420,249,258,235,217,245,194,279,204,192,277,288,233,284,282,295,372,315,313,355,324,346,248,248,376,262,342,322,259,228,266,291,313,192,229,273,312,272,353,286,286,308,335,306,280,303,346,210,209,229,322,268,332,317,252,257,224,296,280,275,271,316,281,324,311,429,398,294,374,308,280,335,313,262,309,296,334,301,172,335,196,282,238,315,330,259,283,243,236,313,253,327,287,387,355,256,378,309,311,189,133,257,276,102,300,280,388,288,155,294,274,255,282,314,327,321,246,272,428,198,262,200,368,318,263,308,228,306,326,271,337,166,184,177,313,209,322,292,267,300,299,231,121,333,297,275,317,434,265,337,301,308,362,263,266,270,179,281,309,356,263,312,288,118,186,357,118,257,359,364,241,208,205,243,190,327,262,143,258,256,265,309,380,266,213,105,284,309,249,202,218,290,359,298,342,263,348,359,292,230,358,288,398,312,328,225,336,258,345,276,319,299,186,329,282,182,265,307,323,200,270,313,257,193,202,326,310,179,206,270,200,322,314,194,251,263,222,200,206,236,183,244,372,255,179,269,219,190,114,198,170,269,255,410,306,267,271,221,397,220,238,205,256,174,229,327,401,280,305,255,227,240,251,209,253,192,235,329,387,336,199,274,296,322,363,366,330,231,347,228,355,326,135,217,314,316,465,206,376,313,358,370,403,270,275,198,334,360,268,275,306,405,269,201,413,297,270,335,345,293,402,266,294,280,310,250,238,182,147,182,365,353,283,229,293,217,294,295,220,226,302,293,322,346,224,357,384,317,223,346,165,284,321,346,346,316,242,227,384,198,182,311,303,284,214,328,353,235,202,275,241,310,316,273,262,293,270,213,227,267,272,296,246,271,357,265,183,265,283,301,280,345,261,215,212,273,300,381,271,389,370,180,216,404,291,177,389,294,370,247,391,258,329,323,268,393,315,258,378,214,249,243,271,302,308,330,273,243,344,343,341,145,314,304,293,354,383,162,215,375,402,395,318,315,362,173,202,352,367,314,335,292,315,319,253,337,294,252,300,334,242,346,297,259,347,255,325,250,332,284,231,297,328,262,242,382,365,324,362,341,492,321,271,249,127,268,308,308,240,338,289,265,246,196,323,296,377,343,319,232,218,196,270,228,378,287,320,313,314,252,196,215,151,398,266,194,352,322,396,104,353,380,373,326,328,365,332,315,337,252,150,157,305,243,174,204,242,324,323,362,199,205,275,270,328,336,350,217,400,341,331,271,374,299,317,396,348,231,198,303,266,229,296,190,390,346,300,244,191,306,314,330,240,249,379,330,282,356,292,207,331,317,285,319,207,248,457,392,224,241,227,290,307,250,280,232,368,325,270,324,270,197,165,231,202,213,170,288,94,172,226,194,273,231,209,273,264,257,286,254,290,236,171,207,327,326,152,168,270,306,111,249,409,298,324,340,185,224,375,301,219,254,204,322,360,423,319,298,378,197,274,210,310,285,238,383,265,270,207,250,172,192,328,259,365,162,230,365,351,251,192,268,271,189,275,203,179,275,299,278,303,301,310,134,155,304,326,153,171,301,150,110,388,218,342,345,186,308,258,394,236,227,225,220,178,132,252,355,432,332,366,361,292,203,264,237,152,283,257,206,327,157,286,302,275,111,151,114,129,225,207,231,377,302,382,93,103,295,172,279,275,294,280,382,113,289,221,199,279,395,393,210,313,205,344,256,332,182,306,198,264,312,122,241,230,145,111,161,249,231,278,309,151,203,272,378,119,175,386,187,135,277,176,294,184,321,182,289,302,165,169,256,328,325,267,298,192,247,325,95,280,392,340,289,271,310,271,278,320,201,375,320,268,409,259,214,178,162,286,266,188,319,146,272,166,246,122,221,348,347,377,261,240,283,240,186,219,305,247,215,255,228,291,333,311,322,364,324,254,246,209,267,97,389,281,174,228,237,261,326,230,207,191,148,266,301,204,198,250,192,243,281,419,203,169,287,295,230,274,270,226,241,244,309,206,69,255,224,277,296,120,209,277,206,315,319,340,252,262,269,252,196,153,333,321,238,313,225,275,369,287,306,210,201,263,236,344,174,288,206,401,189,148,308,245,258,134,319,290,239,294,229,377,263,344,117,146,156,327,270,279,277,276,280,394,350,212,199,383,386,151,235,257,276,204,269,250,177,278,346,285,178,283,299,234,285,291,200,272,259,323,230,269,162,215,216,246,201,308,308,305,257,113,149,198,178,351,324,309,172,375,228,263,272,313,296,287,340,206,342,263,273,329,326,342,284,316,358,238,265,364,305,241,345,308,256,345,326,258,216,252,316,316,338,252,349,321,356,130,187,286,264,231,236,227,191,237,287,430,314,313,277,211,285,186,344,230,233,182,329,241,256,298,366,239,265,354,261,361,219,339,281,210,272,316,195,277,296,292,251,198,329,286,230,349,256,341,302,219,213,260,349,244,332,280,171,172,246,299,257,282,268,196,239,375,241,303,200,242,300,318,296,209,234,254,344,331,336,353,240,349,148,242,207,257,268,247,253,258,245,319,321,337,210,350,268,319,301,362,327,313,269,348,176,289,225,155,257,315,261,268,266,229,216,132,259,311,306,340,406,241,252,245,320,235,297,267,327,299,286,326,284,268,292,170,186,364,401,306,295,413,339,290,342,384,254,341,202,337,248,211,302,207,235,280,256,260,293,236,221,141,142,248,280,271,275,281,311,280,293,289,289,254,275,270,383,203,396,418,236,226,364,361,306,177,276,301,329,289,258,250,273,245,221,309,237,223,225,253,332,328,296,257,237,237,343,272,266,167,189,260,273,189,311,274,330,231,265,227,244,266,217,343,273,195,314,326,157,371,251,111,241,80,284,412,316,225,200,364,383,228,209,257,387,411,338,358,338,376,186,363,200,383,53,79,318,305,321,341,253,268,172,190,296,297,293,246,246,336,316,225,326,271,335,347,260,247,244,335,356,222,305,381,296,296,302,172,347,311,288,362,266,244,217,342,168,288,204,245,238,340,211,329,378,366,380,243,238,243,216,214,309,397,309,340,358,271,243,268,187,153,146,286,115,180,150,144,144,328,205,315,328,310,224,248,274,261,285,174,180,346,326,312,385,314,227,199,345,235,277,244,206,364,397,334,317,215,199,334,365,300,296,258,228,286,400,384,366,296,307,290,251,369,317,260,279,194,239,330,260,297,364,263,298,312,258,297,248,240,250,317,160,298,332,319,335,291,255,232,249,197,321,181,207,356,313,213,192,234,238,327,309,257,401,299,212,201,219,168,212,297,361,333,384,302,307,309,202,126,120,110,134,336,225,108,268,270,333,277,260,247,281,208,249,353,261,166,314,254,369,253,271,217,291,279,243,321,288,320,272,294,291,329,395,212,351,209,184,283,398,303,340,335,170,163,343,314,212,108,99,286,249,275,254,171,181,208,300,310,276,285,319,284,212,355,346,338,388,399,333,400,293,347,344,336,262,216,387,332,259,368,292,214,204,436,361,296,184,338,283,257,378,176,225,217,297,263,260,179,362,224,252,289,288,262,345,340,229,206,416,398,300,299,328,364,373,232,276,255,326,285,390,243,277,298,159,226,289,174,259,373,286,118,290,319,331,282,363,212,234,309,337,293,263,349,275,305,272,235,270,191,262,296,195,275,177,299,324,337,342,273,187,367,416,326,310,282,268,304,313,381,405,326,327,298,332,311,390,274,287,257,208,274,270,246,271,355,266,256,217,236,425,298,248,231,340,188,275,257,257,298,288,263,225,220,338,201,257,289,294,147,310,136,390,358,272,399,315,346,242,256,313,253,257,258,282,257,236,288,238,376,266,370,268,340,299,309,299,313,279,374,303,290,349,198,295,368,343,212,269,312,319,210,275,209,223,350,323,173,214,209,287,176,311,323,322,429,337,365,378,205,326,293,233,211,325,248,228,219,373,358,180,366,162,242,251,142,301,286,137,152,371,215,176,375,186,196,283,175,391,307,339,251,243,198,207,365,310,330,370,303,319,218,283,297,132,187,179,282,328,308,284,107,141,293,172,188,160,173,266,365,304,254,243,178,282,156,344,302,317,230,216,314,147,162,168,161,116,96,243,260,349,221,213,345,244,250,183,189,269,362,160,224,300,254,129,132,333,181,275,315,260,402,322,285,377,234,352,305,214,293,170,170,256,126,126,325,228,245,288,278,231,219,87,272,141,343,345,382,207,232,303,304,309,369,354,351,214,131,141,193,195,225,313,174,183,271,278,293,313,243,266,179,174,267,408,333,251,275,342,78,308,208,310,140,302,288,303,348,335,288,332,278,207,256,293,302,409,248,213,177,148,279,164,227,217,244,270,309,316,279,212,369,317,241,254,300,306,249,265,360,282,262,336,361,363,312,296,258,188,314,405,183,208,225,358,179,229,390,344,235,292,275,191,187,297,308,187,422,305,266,252,216,204,307,252,225,166,267,90,274,327,332,264,302,264,282,264,184,318,264,296,298,385,372,384,334,350,181,299,281,150,175,357,239,336,254,243,310,297,362,282,276,156,104,236,400,325,222,307,389,300,225,349,350,272,350,268,246,197,243,285,272,268,277,222,167,116,279,152,217,361,350,186,117,99,261,346,294,221,365,321,324,250,291,335,321,295,342,277,241,247,135,199,314,277,206,167,222,361,266,151,205,259,319,305,389,225,215,201,230,224,234,375,182,183,206,139,156,338,342,388,203,142,180,215,178,182,292,122,279,207,378,356,182,227,317,207,189,365,206,217,241,272,282,276,374,356,334,212,273,250,321,217,280,456,349,310,151,157,213,282,162,211,233,316,235,195,388,328,404,455,270,369,266,249,293,257,164,320,291,229,233,335,147,146,275,266,187,350,235,307,271,231,214,285,286,334,326,371,390,297,153,218,226,152,307,306,293,185,334,227,110,201,326,293,212,306,347,333,353,340,317,422,299,333,230,353,213,222,212,128,291,382,328,263,349,324,245,344,336,225,300,387,218,291,265,213,195,321,314,276,270,130,287,286,289,276,277,196,303,155,358,281,342,397,135,294,298,212,330,327,344,337,363,305,381,293,252,233,165,233,280,309,220,359,205,375,343,286,261,216,337,265,282,381,240,237,347,347,132,231,278,398,219,254,393,244,282,298,302,314,279,298,254,305,242,252,267,243,183,303,126,323,228,245,102,340,249,195,265,198,257,264,274,327,241,140,271,229,152,235,202,229,258,321,380,281,300,263,186,395,75,120,196,270,298,318,299,264,285,363,278,307,265,244,320,198,269,176,274,247,271,245,173,299,200,230,307,256,286,344,327,277,314,202,316,202,199,235,228,348,187,171,330,304,421,254,321,368,338,285,334,354,268,382,201,363,221,310,133,358,286,298,308,268,147,223,323,218,274,296,341,197,405,245,351,275,359,246,207,264,197,314,267,277,281,240,388,313,313,256,260,332,307,243,265,241,207,300,232,336,277,289,212,233,228,294,335,238,273,295,365,239,246,272,223,294,346,197,403,353,303,194,269,299,280,354,315,297,346,168,150,146,353,332,230,319,349,208,364,283,280,214,318,219,241,316,255,324,305,365,360,234,223,299,228,311,203,304,277,325,333,332,202,277,327,257,289,321,266,200,243,143,214,226,252,165,346,246,287,328,373,196,239,260,224,230,367,245,270,366,276,341,363,285,324,286,269,199,382,222,246,244,216,351,309,262,316,296,217,286,280,250,250,303,330,358,166,303,212,215,192,338,252,298,337,345,265,378,260,201,246,222,279,328,131,324,311,272,316,286,113,307,332,286,305,242,212,222,349,226,170,214,153,294,351,349,276,344,323,249,336,234,152,325,352,329,298,277,369,318,293,379,285,248,220,149,326,92,288,354,254,243,236,127,178,185,307,335,348,269,304,301,377,279,242,306,192,339,144,233,218,276,288,293,318,184,214,281,334,164,255,247,211,337,251,334,348,245,234,207,293,213,162,143,195,162,259,377,349,138,141,286,191,282,265,190,320,258,373,366,200,237,185,136,221,256,225,171,312,210,326,140,116,289,317,175,320,249,335,333,326,181,164,384,339,345,405,197,182,313,281,160,346,346,353,161,163,337,303,225,265,268,284,308,318,368,325,264,354,205,114,75,147,244,215,372,346,331,280,271,172,349,213,225,241,172,214,315,249,267,288,265,128,308,326,192,187,359,218,214,134,159,154,292,314,274,274,274,369,403,373,269,244,197,229,309,127,236,270,271,266,238,370,295,316,242,292,319,341,274,179,262,187,201,198,208,253,356,304,383,299,280,229,162,271,146,209,172,184,281,217,290,212,131,210,301,269,360,343,275,334,276,298,339,248,181,190,151,336,193,262,185,328,361,334,257,293,364,151,317,258,240,253,295,344,311,178,159,281,392,318,246,164,342,342,257,276,358,125,202,260,354,258,233,268,327,347,304,353,281,273,176,247,268,374,353,152,188,225,126,329,316,293,252,255,331,143,180,294,314,198,311,226,305,130,158,292,158,267,260,212,197,178,178,255,218,112,219,167,280,258,132,295,332,289,390,359,300,366,358,261,203,139,287,262,341,202,168,308,262,310,180,356,341,283,181,225,296,259,147,198,185,264,322,307,361,286,180,172,324,333,231]
clause 1 0 0 -599 -600 
clause 2 0 0 -598 -600 
clause 3 0 0 -234 -600 
clause 4 0 0 -228 -600 
clause 5 0 0 -219 -600 
clause 6 0 0 -195 -600 
clause 7 0 0 -75 -600 
clause 8 0 0 -42 -600 
clause 9 0 0 -598 -599 
clause 10 0 0 -233 -599 
clause 11 0 0 -227 -599 
clause 12 0 0 -218 -599 
clause 13 0 0 -194 -599 
clause 14 0 0 -74 -599 
clause 15 0 0 -41 -599 
clause 16 0 0 -232 -598 
clause 17 0 0 -226 -598 
clause 18 0 0 -217 -598 
clause 19 0 0 -193 -598 
clause 20 0 0 -73 -598 
clause 21 0 0 -40 -598 
clause 22 0 0 -596 -597 
clause 23 0 0 -595 -597 
clause 24 0 0 -492 -597 
clause 25 0 0 -264 -597 
clause 26 0 0 -597 -108 
clause 27 0 0 -597 -90 
clause 28 0 0 -48 -597 
clause 29 0 0 -33 -597 
clause 30 0 0 -595 -596 
clause 31 0 0 -491 -596 
clause 32 0 0 -596 -263 
clause 33 0 0 -596 -107 
clause 34 0 0 -596 -89 
clause 35 0 0 -47 -596 
clause 36 0 0 -32 -596 
clause 37 0 0 -490 -595 
clause 38 0 0 -262 -595 
clause 39 0 0 -106 -595 
clause 40 0 0 -88 -595 
clause 41 0 0 -46 -595 
clause 42 0 0 -31 -595 
clause 43 0 0 -593 -594 
clause 44 0 0 -592 -594 
clause 45 0 0 -594 -579 
clause 46 0 0 -294 -594 
clause 47 0 0 -240 -594 
clause 48 0 0 -186 -594 
clause 49 0 0 -594 -135 
clause 50 0 0 -594 -75 
clause 51 0 0 -592 -593 
clause 52 0 0 -593 -578 
clause 53 0 0 -293 -593 
clause 54 0 0 -239 -593 
clause 55 0 0 -185 -593 
clause 56 0 0 -134 -593 
clause 57 0 0 -593 -74 
clause 58 0 0 -592 -577 
clause 59 0 0 -292 -592 
clause 60 0 0 -238 -592 
clause 61 0 0 -184 -592 
clause 62 0 0 -133 -592 
clause 63 0 0 -73 -592 
clause 64 0 0 -590 -591 
clause 65 0 0 -589 -591 
clause 66 0 0 -591 -585 
clause 67 0 0 -591 -462 
clause 68 0 0 -591 -339 
clause 69 0 0 -591 -276 
clause 70 0 0 -591 -237 
clause 71 0 0 -57 -591 
clause 72 0 0 -589 -590 
clause 73 0 0 -590 -584 
clause 74 0 0 -590 -461 
clause 75 0 0 -590 -338 
clause 76 0 0 -275 -590 
clause 77 0 0 -236 -590 
clause 78 0 0 -590 -56 
clause 79 0 0 -589 -583 
clause 80 0 0 -460 -589 
clause 81 0 0 -337 -589 
clause 82 0 0 -589 -274 
clause 83 0 0 -589 -235 
clause 84 0 0 -589 -55 
clause 85 0 0 -587 -588 
clause 86 0 0 -588 -586 
clause 87 0 0 -501 -588 
clause 88 0 0 -459 -588 
clause 89 0 0 -294 -588 
clause 90 0 0 -588 -204 
clause 91 0 0 -45 -588 
clause 92 0 0 -588 -15 
clause 93 0 0 -586 -587 
clause 94 0 0 -587 -500 
clause 95 0 0 -458 -587 
clause 96 0 0 -293 -587 
clause 97 0 0 -587 -203 
clause 98 0 0 -44 -587 
clause 99 0 0 -587 -14 
clause 100 0 0 -499 -586 
clause 101 0 0 -457 -586 
clause 102 0 0 -292 -586 
clause 103 0 0 -586 -202 
clause 104 0 0 -586 -43 
clause 105 0 0 -13 -586 
clause 106 0 0 -584 -585 
clause 107 0 0 -583 -585 
clause 108 0 0 -585 -408 
clause 109 0 0 -264 -585 
clause 110 0 0 -585 -246 
clause 111 0 0 -585 -243 
clause 112 0 0 -150 -585 
clause 113 0 0 -583 -584 
clause 114 0 0 -584 -407 
clause 115 0 0 -584 -263 
clause 116 0 0 -245 -584 
clause 117 0 0 -584 -242 
clause 118 0 0 -584 -149 
clause 119 0 0 -406 -583 
clause 120 0 0 -583 -262 
clause 121 0 0 -583 -244 
clause 122 0 0 -583 -241 
clause 123 0 0 -148 -583 
clause 124 0 0 -582 -581 
clause 125 0 0 -580 -582 
clause 126 0 0 -582 -573 
clause 127 0 0 -582 -492 
clause 128 0 0 -582 -264 
clause 129 0 0 -582 -168 
clause 130 0 0 -72 -582 
clause 131 0 0 -582 -33 
clause 132 0 0 -580 -581 
clause 133 0 0 -572 -581 
clause 134 0 0 -491 -581 
clause 135 0 0 -581 -263 
clause 136 0 0 -167 -581 
clause 137 0 0 -581 -71 
clause 138 0 0 -32 -581 
clause 139 0 0 -571 -580 
clause 140 0 0 -490 -580 
clause 141 0 0 -262 -580 
clause 142 0 0 -166 -580 
clause 143 0 0 -70 -580 
clause 144 0 0 -31 -580 
clause 145 0 0 -578 -579 
clause 146 0 0 -577 -579 
clause 147 0 0 -579 -549 
clause 148 0 0 -375 -579 
clause 149 0 0 -141 -579 
clause 150 0 0 -579 -138 
clause 151 0 0 -6 -579 
clause 152 0 0 -577 -578 
clause 153 0 0 -548 -578 
clause 154 0 0 -578 -374 
clause 155 0 0 -140 -578 
clause 156 0 0 -578 -137 
clause 157 0 0 -578 -5 
clause 158 0 0 -547 -577 
clause 159 0 0 -577 -373 
clause 160 0 0 -139 -577 
clause 161 0 0 -577 -136 
clause 162 0 0 -4 -577 
clause 163 0 0 -575 -576 
clause 164 0 0 -574 -576 
clause 165 0 0 -576 -543 
clause 166 0 0 -576 -396 
clause 167 0 0 -387 -576 
clause 168 0 0 -576 -330 
clause 169 0 0 -576 -312 
clause 170 0 0 -576 -204 
clause 171 0 0 -574 -575 
clause 172 0 0 -542 -575 
clause 173 0 0 -395 -575 
clause 174 0 0 -386 -575 
clause 175 0 0 -575 -329 
clause 176 0 0 -575 -311 
clause 177 0 0 -575 -203 
clause 178 0 0 -541 -574 
clause 179 0 0 -394 -574 
clause 180 0 0 -385 -574 
clause 181 0 0 -328 -574 
clause 182 0 0 -574 -310 
clause 183 0 0 -574 -202 
clause 184 0 0 -572 -573 
clause 185 0 0 -571 -573 
clause 186 0 0 -573 -351 
clause 187 0 0 -573 -312 
clause 188 0 0 -297 -573 
clause 189 0 0 -573 -156 
clause 190 0 0 -573 -117 
clause 191 0 0 -571 -572 
clause 192 0 0 -572 -350 
clause 193 0 0 -572 -311 
clause 194 0 0 -296 -572 
clause 195 0 0 -572 -155 
clause 196 0 0 -116 -572 
clause 197 0 0 -349 -571 
clause 198 0 0 -571 -310 
clause 199 0 0 -295 -571 
clause 200 0 0 -571 -154 
clause 201 0 0 -571 -115 
clause 202 0 0 -570 -569 
clause 203 0 0 -568 -570 
clause 204 0 0 -570 -330 
clause 205 0 0 -261 -570 
clause 206 0 0 -252 -570 
clause 207 0 0 -189 -570 
clause 208 0 0 -570 -126 
clause 209 0 0 -570 -93 
clause 210 0 0 -568 -569 
clause 211 0 0 -329 -569 
clause 212 0 0 -260 -569 
clause 213 0 0 -251 -569 
clause 214 0 0 -188 -569 
clause 215 0 0 -125 -569 
clause 216 0 0 -569 -92 
clause 217 0 0 -328 -568 
clause 218 0 0 -259 -568 
clause 219 0 0 -250 -568 
clause 220 0 0 -187 -568 
clause 221 0 0 -124 -568 
clause 222 0 0 -568 -91 
clause 223 0 0 -566 -567 
clause 224 0 0 -565 -567 
clause 225 0 0 -558 -567 
clause 226 0 0 -567 -507 
clause 227 0 0 -567 -429 
clause 228 0 0 -318 -567 
clause 229 0 0 -567 -105 
clause 230 0 0 -567 -24 
clause 231 0 0 -565 -566 
clause 232 0 0 -566 -557 
clause 233 0 0 -566 -506 
clause 234 0 0 -428 -566 
clause 235 0 0 -317 -566 
clause 236 0 0 -566 -104 
clause 237 0 0 -566 -23 
clause 238 0 0 -556 -565 
clause 239 0 0 -565 -505 
clause 240 0 0 -427 -565 
clause 241 0 0 -316 -565 
clause 242 0 0 -565 -103 
clause 243 0 0 -565 -22 
clause 244 0 0 -563 -564 
clause 245 0 0 -562 -564 
clause 246 0 0 -564 -540 
clause 247 0 0 -417 -564 
clause 248 0 0 -564 -396 
clause 249 0 0 -348 -564 
clause 250 0 0 -102 -564 
clause 251 0 0 -564 -78 
clause 252 0 0 -562 -563 
clause 253 0 0 -539 -563 
clause 254 0 0 -416 -563 
clause 255 0 0 -563 -395 
clause 256 0 0 -347 -563 
clause 257 0 0 -101 -563 
clause 258 0 0 -563 -77 
clause 259 0 0 -538 -562 
clause 260 0 0 -415 -562 
clause 261 0 0 -562 -394 
clause 262 0 0 -346 -562 
clause 263 0 0 -100 -562 
clause 264 0 0 -562 -76 
clause 265 0 0 -560 -561 
clause 266 0 0 -559 -561 
clause 267 0 0 -561 -453 
clause 268 0 0 -561 -423 
clause 269 0 0 -561 -180 
clause 270 0 0 -561 -168 
clause 271 0 0 -561 -81 
clause 272 0 0 -561 -69 
clause 273 0 0 -559 -560 
clause 274 0 0 -452 -560 
clause 275 0 0 -422 -560 
clause 276 0 0 -560 -179 
clause 277 0 0 -560 -167 
clause 278 0 0 -560 -80 
clause 279 0 0 -68 -560 
clause 280 0 0 -559 -451 
clause 281 0 0 -559 -421 
clause 282 0 0 -559 -178 
clause 283 0 0 -559 -166 
clause 284 0 0 -559 -79 
clause 285 0 0 -67 -559 
clause 286 0 0 -557 -558 
clause 287 0 0 -556 -558 
clause 288 0 0 -558 -399 
clause 289 0 0 -357 -558 
clause 290 0 0 -558 -183 
clause 291 0 0 -558 -36 
clause 292 0 0 -558 -33 
clause 293 0 0 -556 -557 
clause 294 0 0 -557 -398 
clause 295 0 0 -356 -557 
clause 296 0 0 -557 -182 
clause 297 0 0 -557 -35 
clause 298 0 0 -557 -32 
clause 299 0 0 -556 -397 
clause 300 0 0 -355 -556 
clause 301 0 0 -556 -181 
clause 302 0 0 -556 -34 
clause 303 0 0 -556 -31 
clause 304 0 0 -555 -554 
clause 305 0 0 -553 -555 
clause 306 0 0 -393 -555 
clause 307 0 0 -375 -555 
clause 308 0 0 -195 -555 
clause 309 0 0 -186 -555 
clause 310 0 0 -555 -99 
clause 311 0 0 -555 -45 
clause 312 0 0 -553 -554 
clause 313 0 0 -392 -554 
clause 314 0 0 -374 -554 
clause 315 0 0 -194 -554 
clause 316 0 0 -185 -554 
clause 317 0 0 -554 -98 
clause 318 0 0 -554 -44 
clause 319 0 0 -391 -553 
clause 320 0 0 -553 -373 
clause 321 0 0 -193 -553 
clause 322 0 0 -184 -553 
clause 323 0 0 -553 -97 
clause 324 0 0 -553 -43 
clause 325 0 0 -551 -552 
clause 326 0 0 -550 -552 
clause 327 0 0 -522 -552 
clause 328 0 0 -552 -492 
clause 329 0 0 -378 -552 
clause 330 0 0 -363 -552 
clause 331 0 0 -162 -552 
clause 332 0 0 -114 -552 
clause 333 0 0 -550 -551 
clause 334 0 0 -551 -521 
clause 335 0 0 -491 -551 
clause 336 0 0 -551 -377 
clause 337 0 0 -551 -362 
clause 338 0 0 -551 -161 
clause 339 0 0 -551 -113 
clause 340 0 0 -520 -550 
clause 341 0 0 -550 -490 
clause 342 0 0 -376 -550 
clause 343 0 0 -361 -550 
clause 344 0 0 -550 -160 
clause 345 0 0 -112 -550 
clause 346 0 0 -548 -549 
clause 347 0 0 -547 -549 
clause 348 0 0 -354 -549 
clause 349 0 0 -147 -549 
clause 350 0 0 -549 -78 
clause 351 0 0 -549 -51 
clause 352 0 0 -30 -549 
clause 353 0 0 -547 -548 
clause 354 0 0 -353 -548 
clause 355 0 0 -146 -548 
clause 356 0 0 -548 -77 
clause 357 0 0 -50 -548 
clause 358 0 0 -29 -548 
clause 359 0 0 -547 -352 
clause 360 0 0 -145 -547 
clause 361 0 0 -547 -76 
clause 362 0 0 -547 -49 
clause 363 0 0 -28 -547 
clause 364 0 0 -546 -545 
clause 365 0 0 -546 -544 
clause 366 0 0 -546 -498 
clause 367 0 0 -351 -546 
clause 368 0 0 -546 -285 
clause 369 0 0 -546 -228 
clause 370 0 0 -546 -177 
clause 371 0 0 -105 -546 
clause 372 0 0 -544 -545 
clause 373 0 0 -545 -497 
clause 374 0 0 -545 -350 
clause 375 0 0 -545 -284 
clause 376 0 0 -545 -227 
clause 377 0 0 -545 -176 
clause 378 0 0 -104 -545 
clause 379 0 0 -496 -544 
clause 380 0 0 -349 -544 
clause 381 0 0 -544 -283 
clause 382 0 0 -226 -544 
clause 383 0 0 -175 -544 
clause 384 0 0 -544 -103 
clause 385 0 0 -542 -543 
clause 386 0 0 -541 -543 
clause 387 0 0 -363 -543 
clause 388 0 0 -324 -543 
clause 389 0 0 -543 -207 
clause 390 0 0 -543 -84 
clause 391 0 0 -543 -42 
clause 392 0 0 -541 -542 
clause 393 0 0 -362 -542 
clause 394 0 0 -323 -542 
clause 395 0 0 -542 -206 
clause 396 0 0 -83 -542 
clause 397 0 0 -542 -41 
clause 398 0 0 -361 -541 
clause 399 0 0 -322 -541 
clause 400 0 0 -541 -205 
clause 401 0 0 -82 -541 
clause 402 0 0 -40 -541 
clause 403 0 0 -539 -540 
clause 404 0 0 -538 -540 
clause 405 0 0 -540 -477 
clause 406 0 0 -339 -540 
clause 407 0 0 -240 -540 
clause 408 0 0 -540 -222 
clause 409 0 0 -111 -540 
clause 410 0 0 -538 -539 
clause 411 0 0 -539 -476 
clause 412 0 0 -539 -338 
clause 413 0 0 -239 -539 
clause 414 0 0 -539 -221 
clause 415 0 0 -539 -110 
clause 416 0 0 -538 -475 
clause 417 0 0 -538 -337 
clause 418 0 0 -538 -238 
clause 419 0 0 -538 -220 
clause 420 0 0 -538 -109 
clause 421 0 0 -536 -537 
clause 422 0 0 -535 -537 
clause 423 0 0 -528 -537 
clause 424 0 0 -537 -462 
clause 425 0 0 -537 -459 
clause 426 0 0 -291 -537 
clause 427 0 0 -537 -150 
clause 428 0 0 -537 -132 
clause 429 0 0 -535 -536 
clause 430 0 0 -527 -536 
clause 431 0 0 -536 -461 
clause 432 0 0 -536 -458 
clause 433 0 0 -290 -536 
clause 434 0 0 -536 -149 
clause 435 0 0 -536 -131 
clause 436 0 0 -535 -526 
clause 437 0 0 -535 -460 
clause 438 0 0 -535 -457 
clause 439 0 0 -535 -289 
clause 440 0 0 -535 -148 
clause 441 0 0 -130 -535 
clause 442 0 0 -533 -534 
clause 443 0 0 -532 -534 
clause 444 0 0 -534 -513 
clause 445 0 0 -510 -534 
clause 446 0 0 -534 -459 
clause 447 0 0 -534 -354 
clause 448 0 0 -345 -534 
clause 449 0 0 -534 -147 
clause 450 0 0 -532 -533 
clause 451 0 0 -512 -533 
clause 452 0 0 -533 -509 
clause 453 0 0 -533 -458 
clause 454 0 0 -533 -353 
clause 455 0 0 -533 -344 
clause 456 0 0 -533 -146 
clause 457 0 0 -532 -511 
clause 458 0 0 -532 -508 
clause 459 0 0 -532 -457 
clause 460 0 0 -352 -532 
clause 461 0 0 -532 -343 
clause 462 0 0 -532 -145 
clause 463 0 0 -530 -531 
clause 464 0 0 -531 -529 
clause 465 0 0 -417 -531 
clause 466 0 0 -531 -318 
clause 467 0 0 -531 -294 
clause 468 0 0 -531 -213 
clause 469 0 0 -531 -177 
clause 470 0 0 -135 -531 
clause 471 0 0 -530 -529 
clause 472 0 0 -530 -416 
clause 473 0 0 -317 -530 
clause 474 0 0 -293 -530 
clause 475 0 0 -530 -212 
clause 476 0 0 -530 -176 
clause 477 0 0 -530 -134 
clause 478 0 0 -529 -415 
clause 479 0 0 -316 -529 
clause 480 0 0 -529 -292 
clause 481 0 0 -529 -211 
clause 482 0 0 -529 -175 
clause 483 0 0 -529 -133 
clause 484 0 0 -527 -528 
clause 485 0 0 -526 -528 
clause 486 0 0 -528 -513 
clause 487 0 0 -528 -489 
clause 488 0 0 -444 -528 
clause 489 0 0 -528 -279 
clause 490 0 0 -528 -72 
clause 491 0 0 -526 -527 
clause 492 0 0 -512 -527 
clause 493 0 0 -488 -527 
clause 494 0 0 -443 -527 
clause 495 0 0 -278 -527 
clause 496 0 0 -71 -527 
clause 497 0 0 -526 -511 
clause 498 0 0 -526 -487 
clause 499 0 0 -526 -442 
clause 500 0 0 -526 -277 
clause 501 0 0 -526 -70 
clause 502 0 0 -524 -525 
clause 503 0 0 -523 -525 
clause 504 0 0 -525 -522 
clause 505 0 0 -525 -489 
clause 506 0 0 -270 -525 
clause 507 0 0 -192 -525 
clause 508 0 0 -525 -99 
clause 509 0 0 -525 -54 
clause 510 0 0 -523 -524 
clause 511 0 0 -521 -524 
clause 512 0 0 -524 -488 
clause 513 0 0 -524 -269 
clause 514 0 0 -524 -191 
clause 515 0 0 -524 -98 
clause 516 0 0 -524 -53 
clause 517 0 0 -520 -523 
clause 518 0 0 -523 -487 
clause 519 0 0 -268 -523 
clause 520 0 0 -190 -523 
clause 521 0 0 -523 -97 
clause 522 0 0 -52 -523 
clause 523 0 0 -521 -522 
clause 524 0 0 -520 -522 
clause 525 0 0 -510 -522 
clause 526 0 0 -522 -453 
clause 527 0 0 -522 -267 
clause 528 0 0 -522 -42 
clause 529 0 0 -520 -521 
clause 530 0 0 -521 -509 
clause 531 0 0 -521 -452 
clause 532 0 0 -521 -266 
clause 533 0 0 -41 -521 
clause 534 0 0 -520 -508 
clause 535 0 0 -451 -520 
clause 536 0 0 -520 -265 
clause 537 0 0 -40 -520 
clause 538 0 0 -519 -518 
clause 539 0 0 -519 -517 
clause 540 0 0 -450 -519 
clause 541 0 0 -435 -519 
clause 542 0 0 -519 -342 
clause 543 0 0 -519 -282 
clause 544 0 0 -519 -261 
clause 545 0 0 -519 -219 
clause 546 0 0 -517 -518 
clause 547 0 0 -449 -518 
clause 548 0 0 -434 -518 
clause 549 0 0 -341 -518 
clause 550 0 0 -518 -281 
clause 551 0 0 -260 -518 
clause 552 0 0 -218 -518 
clause 553 0 0 -517 -448 
clause 554 0 0 -433 -517 
clause 555 0 0 -340 -517 
clause 556 0 0 -280 -517 
clause 557 0 0 -259 -517 
clause 558 0 0 -217 -517 
clause 559 0 0 -515 -516 
clause 560 0 0 -514 -516 
clause 561 0 0 -516 -411 
clause 562 0 0 -303 -516 
clause 563 0 0 -297 -516 
clause 564 0 0 -192 -516 
clause 565 0 0 -516 -72 
clause 566 0 0 -516 -30 
clause 567 0 0 -514 -515 
clause 568 0 0 -515 -410 
clause 569 0 0 -302 -515 
clause 570 0 0 -296 -515 
clause 571 0 0 -191 -515 
clause 572 0 0 -71 -515 
clause 573 0 0 -515 -29 
clause 574 0 0 -514 -409 
clause 575 0 0 -301 -514 
clause 576 0 0 -514 -295 
clause 577 0 0 -190 -514 
clause 578 0 0 -514 -70 
clause 579 0 0 -514 -28 
clause 580 0 0 -512 -513 
clause 581 0 0 -511 -513 
clause 582 0 0 -480 -513 
clause 583 0 0 -513 -321 
clause 584 0 0 -246 -513 
clause 585 0 0 -513 -87 
clause 586 0 0 -511 -512 
clause 587 0 0 -512 -479 
clause 588 0 0 -512 -320 
clause 589 0 0 -245 -512 
clause 590 0 0 -512 -86 
clause 591 0 0 -511 -478 
clause 592 0 0 -511 -319 
clause 593 0 0 -244 -511 
clause 594 0 0 -85 -511 
clause 595 0 0 -509 -510 
clause 596 0 0 -508 -510 
clause 597 0 0 -510 -417 
clause 598 0 0 -357 -510 
clause 599 0 0 -510 -297 
clause 600 0 0 -510 -255 
clause 601 0 0 -508 -509 
clause 602 0 0 -509 -416 
clause 603 0 0 -509 -356 
clause 604 0 0 -509 -296 
clause 605 0 0 -509 -254 
clause 606 0 0 -508 -415 
clause 607 0 0 -508 -355 
clause 608 0 0 -508 -295 
clause 609 0 0 -253 -508 
clause 610 0 0 -506 -507 
clause 611 0 0 -507 -505 
clause 612 0 0 -507 -330 
clause 613 0 0 -300 -507 
clause 614 0 0 -507 -228 
clause 615 0 0 -99 -507 
clause 616 0 0 -24 -507 
clause 617 0 0 -506 -505 
clause 618 0 0 -506 -329 
clause 619 0 0 -299 -506 
clause 620 0 0 -227 -506 
clause 621 0 0 -506 -98 
clause 622 0 0 -506 -23 
clause 623 0 0 -328 -505 
clause 624 0 0 -298 -505 
clause 625 0 0 -226 -505 
clause 626 0 0 -505 -97 
clause 627 0 0 -22 -505 
clause 628 0 0 -503 -504 
clause 629 0 0 -502 -504 
clause 630 0 0 -504 -480 
clause 631 0 0 -504 -462 
clause 632 0 0 -417 -504 
clause 633 0 0 -504 -369 
clause 634 0 0 -504 -144 
clause 635 0 0 -129 -504 
clause 636 0 0 -502 -503 
clause 637 0 0 -503 -479 
clause 638 0 0 -503 -461 
clause 639 0 0 -503 -416 
clause 640 0 0 -368 -503 
clause 641 0 0 -143 -503 
clause 642 0 0 -128 -503 
clause 643 0 0 -502 -478 
clause 644 0 0 -502 -460 
clause 645 0 0 -502 -415 
clause 646 0 0 -502 -367 
clause 647 0 0 -142 -502 
clause 648 0 0 -127 -502 
clause 649 0 0 -501 -500 
clause 650 0 0 -501 -499 
clause 651 0 0 -501 -315 
clause 652 0 0 -117 -501 
clause 653 0 0 -501 -93 
clause 654 0 0 -69 -501 
clause 655 0 0 -36 -501 
clause 656 0 0 -499 -500 
clause 657 0 0 -500 -314 
clause 658 0 0 -116 -500 
clause 659 0 0 -92 -500 
clause 660 0 0 -68 -500 
clause 661 0 0 -35 -500 
clause 662 0 0 -499 -313 
clause 663 0 0 -115 -499 
clause 664 0 0 -499 -91 
clause 665 0 0 -67 -499 
clause 666 0 0 -34 -499 
clause 667 0 0 -497 -498 
clause 668 0 0 -496 -498 
clause 669 0 0 -498 -453 
clause 670 0 0 -321 -498 
clause 671 0 0 -276 -498 
clause 672 0 0 -498 -141 
clause 673 0 0 -498 -39 
clause 674 0 0 -496 -497 
clause 675 0 0 -452 -497 
clause 676 0 0 -320 -497 
clause 677 0 0 -275 -497 
clause 678 0 0 -497 -140 
clause 679 0 0 -38 -497 
clause 680 0 0 -496 -451 
clause 681 0 0 -319 -496 
clause 682 0 0 -274 -496 
clause 683 0 0 -496 -139 
clause 684 0 0 -496 -37 
clause 685 0 0 -494 -495 
clause 686 0 0 -493 -495 
clause 687 0 0 -486 -495 
clause 688 0 0 -495 -432 
clause 689 0 0 -495 -396 
clause 690 0 0 -183 -495 
clause 691 0 0 -165 -495 
clause 692 0 0 -27 -495 
clause 693 0 0 -493 -494 
clause 694 0 0 -485 -494 
clause 695 0 0 -431 -494 
clause 696 0 0 -395 -494 
clause 697 0 0 -182 -494 
clause 698 0 0 -164 -494 
clause 699 0 0 -494 -26 
clause 700 0 0 -493 -484 
clause 701 0 0 -493 -430 
clause 702 0 0 -394 -493 
clause 703 0 0 -181 -493 
clause 704 0 0 -163 -493 
clause 705 0 0 -493 -25 
clause 706 0 0 -491 -492 
clause 707 0 0 -490 -492 
clause 708 0 0 -492 -429 
clause 709 0 0 -390 -492 
clause 710 0 0 -492 -219 
clause 711 0 0 -490 -491 
clause 712 0 0 -491 -428 
clause 713 0 0 -491 -389 
clause 714 0 0 -491 -218 
clause 715 0 0 -427 -490 
clause 716 0 0 -388 -490 
clause 717 0 0 -217 -490 
clause 718 0 0 -489 -488 
clause 719 0 0 -489 -487 
clause 720 0 0 -408 -489 
clause 721 0 0 -489 -300 
clause 722 0 0 -489 -240 
clause 723 0 0 -489 -120 
clause 724 0 0 -488 -487 
clause 725 0 0 -488 -407 
clause 726 0 0 -488 -299 
clause 727 0 0 -239 -488 
clause 728 0 0 -488 -119 
clause 729 0 0 -406 -487 
clause 730 0 0 -487 -298 
clause 731 0 0 -487 -238 
clause 732 0 0 -487 -118 
clause 733 0 0 -485 -486 
clause 734 0 0 -486 -484 
clause 735 0 0 -438 -486 
clause 736 0 0 -486 -405 
clause 737 0 0 -336 -486 
clause 738 0 0 -486 -186 
clause 739 0 0 -486 -81 
clause 740 0 0 -484 -485 
clause 741 0 0 -437 -485 
clause 742 0 0 -404 -485 
clause 743 0 0 -335 -485 
clause 744 0 0 -485 -185 
clause 745 0 0 -485 -80 
clause 746 0 0 -436 -484 
clause 747 0 0 -484 -403 
clause 748 0 0 -334 -484 
clause 749 0 0 -484 -184 
clause 750 0 0 -484 -79 
clause 751 0 0 -482 -483 
clause 752 0 0 -481 -483 
clause 753 0 0 -369 -483 
clause 754 0 0 -363 -483 
clause 755 0 0 -321 -483 
clause 756 0 0 -483 -303 
clause 757 0 0 -483 -168 
clause 758 0 0 -54 -483 
clause 759 0 0 -481 -482 
clause 760 0 0 -368 -482 
clause 761 0 0 -362 -482 
clause 762 0 0 -320 -482 
clause 763 0 0 -482 -302 
clause 764 0 0 -167 -482 
clause 765 0 0 -53 -482 
clause 766 0 0 -481 -367 
clause 767 0 0 -361 -481 
clause 768 0 0 -481 -319 
clause 769 0 0 -481 -301 
clause 770 0 0 -166 -481 
clause 771 0 0 -52 -481 
clause 772 0 0 -479 -480 
clause 773 0 0 -478 -480 
clause 774 0 0 -480 -261 
clause 775 0 0 -480 -180 
clause 776 0 0 -147 -480 
clause 777 0 0 -480 -90 
clause 778 0 0 -478 -479 
clause 779 0 0 -479 -260 
clause 780 0 0 -179 -479 
clause 781 0 0 -146 -479 
clause 782 0 0 -479 -89 
clause 783 0 0 -478 -259 
clause 784 0 0 -478 -178 
clause 785 0 0 -145 -478 
clause 786 0 0 -478 -88 
clause 787 0 0 -476 -477 
clause 788 0 0 -475 -477 
clause 789 0 0 -477 -420 
clause 790 0 0 -342 -477 
clause 791 0 0 -477 -306 
clause 792 0 0 -201 -477 
clause 793 0 0 -171 -477 
clause 794 0 0 -475 -476 
clause 795 0 0 -419 -476 
clause 796 0 0 -341 -476 
clause 797 0 0 -476 -305 
clause 798 0 0 -200 -476 
clause 799 0 0 -170 -476 
clause 800 0 0 -475 -418 
clause 801 0 0 -475 -340 
clause 802 0 0 -475 -304 
clause 803 0 0 -475 -199 
clause 804 0 0 -475 -169 
clause 805 0 0 -474 -473 
clause 806 0 0 -472 -474 
clause 807 0 0 -225 -474 
clause 808 0 0 -474 -204 
clause 809 0 0 -174 -474 
clause 810 0 0 -99 -474 
clause 811 0 0 -474 -27 
clause 812 0 0 -474 -3 
clause 813 0 0 -472 -473 
clause 814 0 0 -224 -473 
clause 815 0 0 -473 -203 
clause 816 0 0 -173 -473 
clause 817 0 0 -98 -473 
clause 818 0 0 -26 -473 
clause 819 0 0 -2 -473 
clause 820 0 0 -223 -472 
clause 821 0 0 -202 -472 
clause 822 0 0 -172 -472 
clause 823 0 0 -97 -472 
clause 824 0 0 -25 -472 
clause 825 0 0 -1 -472 
clause 826 0 0 -470 -471 
clause 827 0 0 -469 -471 
clause 828 0 0 -384 -471 
clause 829 0 0 -471 -333 
clause 830 0 0 -258 -471 
clause 831 0 0 -231 -471 
clause 832 0 0 -471 -96 
clause 833 0 0 -42 -471 
clause 834 0 0 -469 -470 
clause 835 0 0 -383 -470 
clause 836 0 0 -470 -332 
clause 837 0 0 -470 -257 
clause 838 0 0 -470 -230 
clause 839 0 0 -95 -470 
clause 840 0 0 -470 -41 
clause 841 0 0 -469 -382 
clause 842 0 0 -469 -331 
clause 843 0 0 -256 -469 
clause 844 0 0 -469 -229 
clause 845 0 0 -469 -94 
clause 846 0 0 -40 -469 
clause 847 0 0 -467 -468 
clause 848 0 0 -466 -468 
clause 849 0 0 -468 -426 
clause 850 0 0 -354 -468 
clause 851 0 0 -327 -468 
clause 852 0 0 -129 -468 
clause 853 0 0 -468 -87 
clause 854 0 0 -468 -48 
clause 855 0 0 -466 -467 
clause 856 0 0 -467 -425 
clause 857 0 0 -353 -467 
clause 858 0 0 -326 -467 
clause 859 0 0 -467 -128 
clause 860 0 0 -86 -467 
clause 861 0 0 -467 -47 
clause 862 0 0 -466 -424 
clause 863 0 0 -466 -352 
clause 864 0 0 -466 -325 
clause 865 0 0 -466 -127 
clause 866 0 0 -85 -466 
clause 867 0 0 -466 -46 
clause 868 0 0 -465 -464 
clause 869 0 0 -463 -465 
clause 870 0 0 -411 -465 
clause 871 0 0 -465 -279 
clause 872 0 0 -465 -234 
clause 873 0 0 -465 -183 
clause 874 0 0 -465 -168 
clause 875 0 0 -54 -465 
clause 876 0 0 -463 -464 
clause 877 0 0 -464 -410 
clause 878 0 0 -464 -278 
clause 879 0 0 -464 -233 
clause 880 0 0 -464 -182 
clause 881 0 0 -167 -464 
clause 882 0 0 -464 -53 
clause 883 0 0 -409 -463 
clause 884 0 0 -463 -277 
clause 885 0 0 -232 -463 
clause 886 0 0 -463 -181 
clause 887 0 0 -166 -463 
clause 888 0 0 -52 -463 
clause 889 0 0 -461 -462 
clause 890 0 0 -460 -462 
clause 891 0 0 -348 -462 
clause 892 0 0 -462 -126 
clause 893 0 0 -96 -462 
clause 894 0 0 -460 -461 
clause 895 0 0 -461 -347 
clause 896 0 0 -461 -125 
clause 897 0 0 -95 -461 
clause 898 0 0 -460 -346 
clause 899 0 0 -460 -124 
clause 900 0 0 -94 -460 
clause 901 0 0 -458 -459 
clause 902 0 0 -457 -459 
clause 903 0 0 -459 -396 
clause 904 0 0 -459 -384 
clause 905 0 0 -459 -18 
clause 906 0 0 -458 -457 
clause 907 0 0 -458 -395 
clause 908 0 0 -383 -458 
clause 909 0 0 -17 -458 
clause 910 0 0 -457 -394 
clause 911 0 0 -382 -457 
clause 912 0 0 -16 -457 
clause 913 0 0 -455 -456 
clause 914 0 0 -454 -456 
clause 915 0 0 -423 -456 
clause 916 0 0 -384 -456 
clause 917 0 0 -333 -456 
clause 918 0 0 -324 -456 
clause 919 0 0 -234 -456 
clause 920 0 0 -456 -105 
clause 921 0 0 -455 -454 
clause 922 0 0 -422 -455 
clause 923 0 0 -455 -383 
clause 924 0 0 -455 -332 
clause 925 0 0 -323 -455 
clause 926 0 0 -455 -233 
clause 927 0 0 -455 -104 
clause 928 0 0 -421 -454 
clause 929 0 0 -382 -454 
clause 930 0 0 -454 -331 
clause 931 0 0 -454 -322 
clause 932 0 0 -232 -454 
clause 933 0 0 -454 -103 
clause 934 0 0 -452 -453 
clause 935 0 0 -451 -453 
clause 936 0 0 -453 -288 
clause 937 0 0 -453 -258 
clause 938 0 0 -453 -60 
clause 939 0 0 -451 -452 
clause 940 0 0 -452 -287 
clause 941 0 0 -452 -257 
clause 942 0 0 -59 -452 
clause 943 0 0 -451 -286 
clause 944 0 0 -256 -451 
clause 945 0 0 -451 -58 
clause 946 0 0 -449 -450 
clause 947 0 0 -448 -450 
clause 948 0 0 -426 -450 
clause 949 0 0 -402 -450 
clause 950 0 0 -339 -450 
clause 951 0 0 -450 -258 
clause 952 0 0 -450 -246 
clause 953 0 0 -448 -449 
clause 954 0 0 -449 -425 
clause 955 0 0 -401 -449 
clause 956 0 0 -338 -449 
clause 957 0 0 -449 -257 
clause 958 0 0 -245 -449 
clause 959 0 0 -448 -424 
clause 960 0 0 -400 -448 
clause 961 0 0 -337 -448 
clause 962 0 0 -256 -448 
clause 963 0 0 -244 -448 
clause 964 0 0 -446 -447 
clause 965 0 0 -445 -447 
clause 966 0 0 -447 -405 
clause 967 0 0 -447 -351 
clause 968 0 0 -447 -234 
clause 969 0 0 -447 -117 
clause 970 0 0 -447 -39 
clause 971 0 0 -447 -24 
clause 972 0 0 -445 -446 
clause 973 0 0 -446 -404 
clause 974 0 0 -446 -350 
clause 975 0 0 -446 -233 
clause 976 0 0 -446 -116 
clause 977 0 0 -38 -446 
clause 978 0 0 -23 -446 
clause 979 0 0 -403 -445 
clause 980 0 0 -349 -445 
clause 981 0 0 -232 -445 
clause 982 0 0 -115 -445 
clause 983 0 0 -445 -37 
clause 984 0 0 -22 -445 
clause 985 0 0 -443 -444 
clause 986 0 0 -442 -444 
clause 987 0 0 -444 -309 
clause 988 0 0 -162 -444 
clause 989 0 0 -444 -159 
clause 990 0 0 -150 -444 
clause 991 0 0 -81 -444 
clause 992 0 0 -442 -443 
clause 993 0 0 -443 -308 
clause 994 0 0 -443 -161 
clause 995 0 0 -443 -158 
clause 996 0 0 -149 -443 
clause 997 0 0 -80 -443 
clause 998 0 0 -442 -307 
clause 999 0 0 -160 -442 
clause 1000 0 0 -442 -157 
clause 1001 0 0 -442 -148 
clause 1002 0 0 -79 -442 
clause 1003 0 0 -440 -441 
clause 1004 0 0 -439 -441 
clause 1005 0 0 -441 -402 
clause 1006 0 0 -441 -327 
clause 1007 0 0 -441 -285 
clause 1008 0 0 -258 -441 
clause 1009 0 0 -234 -441 
clause 1010 0 0 -114 -441 
clause 1011 0 0 -439 -440 
clause 1012 0 0 -401 -440 
clause 1013 0 0 -440 -326 
clause 1014 0 0 -440 -284 
clause 1015 0 0 -440 -257 
clause 1016 0 0 -440 -233 
clause 1017 0 0 -113 -440 
clause 1018 0 0 -400 -439 
clause 1019 0 0 -325 -439 
clause 1020 0 0 -439 -283 
clause 1021 0 0 -439 -256 
clause 1022 0 0 -232 -439 
clause 1023 0 0 -112 -439 
clause 1024 0 0 -437 -438 
clause 1025 0 0 -436 -438 
clause 1026 0 0 -438 -303 
clause 1027 0 0 -192 -438 
clause 1028 0 0 -438 -186 
clause 1029 0 0 -129 -438 
clause 1030 0 0 -438 -84 
clause 1031 0 0 -436 -437 
clause 1032 0 0 -302 -437 
clause 1033 0 0 -437 -191 
clause 1034 0 0 -437 -185 
clause 1035 0 0 -437 -128 
clause 1036 0 0 -437 -83 
clause 1037 0 0 -436 -301 
clause 1038 0 0 -436 -190 
clause 1039 0 0 -436 -184 
clause 1040 0 0 -127 -436 
clause 1041 0 0 -82 -436 
clause 1042 0 0 -434 -435 
clause 1043 0 0 -433 -435 
clause 1044 0 0 -339 -435 
clause 1045 0 0 -435 -267 
clause 1046 0 0 -246 -435 
clause 1047 0 0 -66 -435 
clause 1048 0 0 -435 -33 
clause 1049 0 0 -433 -434 
clause 1050 0 0 -338 -434 
clause 1051 0 0 -266 -434 
clause 1052 0 0 -245 -434 
clause 1053 0 0 -65 -434 
clause 1054 0 0 -434 -32 
clause 1055 0 0 -337 -433 
clause 1056 0 0 -433 -265 
clause 1057 0 0 -244 -433 
clause 1058 0 0 -64 -433 
clause 1059 0 0 -31 -433 
clause 1060 0 0 -431 -432 
clause 1061 0 0 -430 -432 
clause 1062 0 0 -375 -432 
clause 1063 0 0 -282 -432 
clause 1064 0 0 -237 -432 
clause 1065 0 0 -231 -432 
clause 1066 0 0 -432 -204 
clause 1067 0 0 -430 -431 
clause 1068 0 0 -431 -374 
clause 1069 0 0 -431 -281 
clause 1070 0 0 -236 -431 
clause 1071 0 0 -230 -431 
clause 1072 0 0 -431 -203 
clause 1073 0 0 -373 -430 
clause 1074 0 0 -430 -280 
clause 1075 0 0 -235 -430 
clause 1076 0 0 -229 -430 
clause 1077 0 0 -430 -202 
clause 1078 0 0 -428 -429 
clause 1079 0 0 -427 -429 
clause 1080 0 0 -429 -420 
clause 1081 0 0 -429 -336 
clause 1082 0 0 -288 -429 
clause 1083 0 0 -429 -231 
clause 1084 0 0 -427 -428 
clause 1085 0 0 -419 -428 
clause 1086 0 0 -335 -428 
clause 1087 0 0 -428 -287 
clause 1088 0 0 -428 -230 
clause 1089 0 0 -418 -427 
clause 1090 0 0 -427 -334 
clause 1091 0 0 -286 -427 
clause 1092 0 0 -427 -229 
clause 1093 0 0 -425 -426 
clause 1094 0 0 -424 -426 
clause 1095 0 0 -426 -231 
clause 1096 0 0 -222 -426 
clause 1097 0 0 -426 -21 
clause 1098 0 0 -426 -9 
clause 1099 0 0 -424 -425 
clause 1100 0 0 -425 -230 
clause 1101 0 0 -425 -221 
clause 1102 0 0 -425 -20 
clause 1103 0 0 -425 -8 
clause 1104 0 0 -229 -424 
clause 1105 0 0 -220 -424 
clause 1106 0 0 -424 -19 
clause 1107 0 0 -424 -7 
clause 1108 0 0 -423 -422 
clause 1109 0 0 -421 -423 
clause 1110 0 0 -273 -423 
clause 1111 0 0 -423 -174 
clause 1112 0 0 -423 -144 
clause 1113 0 0 -423 -6 
clause 1114 0 0 -421 -422 
clause 1115 0 0 -422 -272 
clause 1116 0 0 -173 -422 
clause 1117 0 0 -422 -143 
clause 1118 0 0 -422 -5 
clause 1119 0 0 -421 -271 
clause 1120 0 0 -172 -421 
clause 1121 0 0 -421 -142 
clause 1122 0 0 -421 -4 
clause 1123 0 0 -419 -420 
clause 1124 0 0 -418 -420 
clause 1125 0 0 -420 -414 
clause 1126 0 0 -309 -420 
clause 1127 0 0 -420 -267 
clause 1128 0 0 -96 -420 
clause 1129 0 0 -418 -419 
clause 1130 0 0 -419 -413 
clause 1131 0 0 -308 -419 
clause 1132 0 0 -266 -419 
clause 1133 0 0 -419 -95 
clause 1134 0 0 -418 -412 
clause 1135 0 0 -307 -418 
clause 1136 0 0 -418 -265 
clause 1137 0 0 -418 -94 
clause 1138 0 0 -416 -417 
clause 1139 0 0 -415 -417 
clause 1140 0 0 -417 -381 
clause 1141 0 0 -417 -144 
clause 1142 0 0 -415 -416 
clause 1143 0 0 -380 -416 
clause 1144 0 0 -143 -416 
clause 1145 0 0 -415 -379 
clause 1146 0 0 -142 -415 
clause 1147 0 0 -414 -413 
clause 1148 0 0 -412 -414 
clause 1149 0 0 -414 -387 
clause 1150 0 0 -414 -306 
clause 1151 0 0 -414 -222 
clause 1152 0 0 -186 -414 
clause 1153 0 0 -180 -414 
clause 1154 0 0 -412 -413 
clause 1155 0 0 -413 -386 
clause 1156 0 0 -413 -305 
clause 1157 0 0 -221 -413 
clause 1158 0 0 -185 -413 
clause 1159 0 0 -413 -179 
clause 1160 0 0 -412 -385 
clause 1161 0 0 -412 -304 
clause 1162 0 0 -220 -412 
clause 1163 0 0 -184 -412 
clause 1164 0 0 -178 -412 
clause 1165 0 0 -410 -411 
clause 1166 0 0 -409 -411 
clause 1167 0 0 -411 -381 
clause 1168 0 0 -411 -318 
clause 1169 0 0 -411 -36 
clause 1170 0 0 -411 -21 
clause 1171 0 0 -409 -410 
clause 1172 0 0 -380 -410 
clause 1173 0 0 -410 -317 
clause 1174 0 0 -410 -35 
clause 1175 0 0 -410 -20 
clause 1176 0 0 -409 -379 
clause 1177 0 0 -409 -316 
clause 1178 0 0 -409 -34 
clause 1179 0 0 -409 -19 
clause 1180 0 0 -407 -408 
clause 1181 0 0 -406 -408 
clause 1182 0 0 -408 -387 
clause 1183 0 0 -354 -408 
clause 1184 0 0 -351 -408 
clause 1185 0 0 -408 -120 
clause 1186 0 0 -406 -407 
clause 1187 0 0 -407 -386 
clause 1188 0 0 -353 -407 
clause 1189 0 0 -350 -407 
clause 1190 0 0 -407 -119 
clause 1191 0 0 -385 -406 
clause 1192 0 0 -352 -406 
clause 1193 0 0 -349 -406 
clause 1194 0 0 -406 -118 
clause 1195 0 0 -404 -405 
clause 1196 0 0 -403 -405 
clause 1197 0 0 -405 -402 
clause 1198 0 0 -405 -330 
clause 1199 0 0 -201 -405 
clause 1200 0 0 -66 -405 
clause 1201 0 0 -403 -404 
clause 1202 0 0 -401 -404 
clause 1203 0 0 -404 -329 
clause 1204 0 0 -404 -200 
clause 1205 0 0 -65 -404 
clause 1206 0 0 -400 -403 
clause 1207 0 0 -403 -328 
clause 1208 0 0 -403 -199 
clause 1209 0 0 -403 -64 
clause 1210 0 0 -401 -402 
clause 1211 0 0 -400 -402 
clause 1212 0 0 -402 -171 
clause 1213 0 0 -402 -141 
clause 1214 0 0 -402 -111 
clause 1215 0 0 -400 -401 
clause 1216 0 0 -170 -401 
clause 1217 0 0 -401 -140 
clause 1218 0 0 -110 -401 
clause 1219 0 0 -169 -400 
clause 1220 0 0 -139 -400 
clause 1221 0 0 -109 -400 
clause 1222 0 0 -398 -399 
clause 1223 0 0 -397 -399 
clause 1224 0 0 -399 -348 
clause 1225 0 0 -324 -399 
clause 1226 0 0 -399 -306 
clause 1227 0 0 -399 -147 
clause 1228 0 0 -399 -117 
clause 1229 0 0 -397 -398 
clause 1230 0 0 -398 -347 
clause 1231 0 0 -398 -323 
clause 1232 0 0 -398 -305 
clause 1233 0 0 -398 -146 
clause 1234 0 0 -398 -116 
clause 1235 0 0 -346 -397 
clause 1236 0 0 -397 -322 
clause 1237 0 0 -304 -397 
clause 1238 0 0 -397 -145 
clause 1239 0 0 -115 -397 
clause 1240 0 0 -395 -396 
clause 1241 0 0 -394 -396 
clause 1242 0 0 -339 -396 
clause 1243 0 0 -396 -312 
clause 1244 0 0 -394 -395 
clause 1245 0 0 -338 -395 
clause 1246 0 0 -311 -395 
clause 1247 0 0 -337 -394 
clause 1248 0 0 -394 -310 
clause 1249 0 0 -392 -393 
clause 1250 0 0 -391 -393 
clause 1251 0 0 -366 -393 
clause 1252 0 0 -393 -321 
clause 1253 0 0 -393 -162 
clause 1254 0 0 -144 -393 
clause 1255 0 0 -57 -393 
clause 1256 0 0 -391 -392 
clause 1257 0 0 -392 -365 
clause 1258 0 0 -320 -392 
clause 1259 0 0 -161 -392 
clause 1260 0 0 -143 -392 
clause 1261 0 0 -56 -392 
clause 1262 0 0 -391 -364 
clause 1263 0 0 -319 -391 
clause 1264 0 0 -160 -391 
clause 1265 0 0 -391 -142 
clause 1266 0 0 -55 -391 
clause 1267 0 0 -389 -390 
clause 1268 0 0 -388 -390 
clause 1269 0 0 -390 -378 
clause 1270 0 0 -390 -243 
clause 1271 0 0 -390 -177 
clause 1272 0 0 -390 -96 
clause 1273 0 0 -390 -48 
clause 1274 0 0 -389 -388 
clause 1275 0 0 -389 -377 
clause 1276 0 0 -389 -242 
clause 1277 0 0 -176 -389 
clause 1278 0 0 -95 -389 
clause 1279 0 0 -47 -389 
clause 1280 0 0 -388 -376 
clause 1281 0 0 -388 -241 
clause 1282 0 0 -388 -175 
clause 1283 0 0 -388 -94 
clause 1284 0 0 -46 -388 
clause 1285 0 0 -386 -387 
clause 1286 0 0 -387 -385 
clause 1287 0 0 -231 -387 
clause 1288 0 0 -219 -387 
clause 1289 0 0 -387 -18 
clause 1290 0 0 -386 -385 
clause 1291 0 0 -230 -386 
clause 1292 0 0 -218 -386 
clause 1293 0 0 -17 -386 
clause 1294 0 0 -229 -385 
clause 1295 0 0 -217 -385 
clause 1296 0 0 -16 -385 
clause 1297 0 0 -383 -384 
clause 1298 0 0 -384 -382 
clause 1299 0 0 -150 -384 
clause 1300 0 0 -384 -129 
clause 1301 0 0 -384 -105 
clause 1302 0 0 -383 -382 
clause 1303 0 0 -383 -149 
clause 1304 0 0 -383 -128 
clause 1305 0 0 -383 -104 
clause 1306 0 0 -382 -148 
clause 1307 0 0 -127 -382 
clause 1308 0 0 -103 -382 
clause 1309 0 0 -380 -381 
clause 1310 0 0 -379 -381 
clause 1311 0 0 -336 -381 
clause 1312 0 0 -381 -231 
clause 1313 0 0 -381 -174 
clause 1314 0 0 -45 -381 
clause 1315 0 0 -379 -380 
clause 1316 0 0 -380 -335 
clause 1317 0 0 -380 -230 
clause 1318 0 0 -173 -380 
clause 1319 0 0 -44 -380 
clause 1320 0 0 -379 -334 
clause 1321 0 0 -379 -229 
clause 1322 0 0 -379 -172 
clause 1323 0 0 -379 -43 
clause 1324 0 0 -377 -378 
clause 1325 0 0 -378 -376 
clause 1326 0 0 -363 -378 
clause 1327 0 0 -378 -279 
clause 1328 0 0 -378 -216 
clause 1329 0 0 -51 -378 
clause 1330 0 0 -376 -377 
clause 1331 0 0 -362 -377 
clause 1332 0 0 -377 -278 
clause 1333 0 0 -215 -377 
clause 1334 0 0 -377 -50 
clause 1335 0 0 -376 -361 
clause 1336 0 0 -376 -277 
clause 1337 0 0 -376 -214 
clause 1338 0 0 -376 -49 
clause 1339 0 0 -374 -375 
clause 1340 0 0 -373 -375 
clause 1341 0 0 -375 -213 
clause 1342 0 0 -150 -375 
clause 1343 0 0 -123 -375 
clause 1344 0 0 -373 -374 
clause 1345 0 0 -374 -212 
clause 1346 0 0 -149 -374 
clause 1347 0 0 -122 -374 
clause 1348 0 0 -211 -373 
clause 1349 0 0 -148 -373 
clause 1350 0 0 -121 -373 
clause 1351 0 0 -371 -372 
clause 1352 0 0 -370 -372 
clause 1353 0 0 -372 -318 
clause 1354 0 0 -372 -276 
clause 1355 0 0 -372 -249 
clause 1356 0 0 -84 -372 
clause 1357 0 0 -372 -72 
clause 1358 0 0 -372 -66 
clause 1359 0 0 -370 -371 
clause 1360 0 0 -371 -317 
clause 1361 0 0 -371 -275 
clause 1362 0 0 -371 -248 
clause 1363 0 0 -83 -371 
clause 1364 0 0 -71 -371 
clause 1365 0 0 -371 -65 
clause 1366 0 0 -316 -370 
clause 1367 0 0 -274 -370 
clause 1368 0 0 -370 -247 
clause 1369 0 0 -82 -370 
clause 1370 0 0 -370 -70 
clause 1371 0 0 -64 -370 
clause 1372 0 0 -368 -369 
clause 1373 0 0 -367 -369 
clause 1374 0 0 -369 -261 
clause 1375 0 0 -369 -228 
clause 1376 0 0 -150 -369 
clause 1377 0 0 -12 -369 
clause 1378 0 0 -367 -368 
clause 1379 0 0 -368 -260 
clause 1380 0 0 -368 -227 
clause 1381 0 0 -368 -149 
clause 1382 0 0 -368 -11 
clause 1383 0 0 -367 -259 
clause 1384 0 0 -226 -367 
clause 1385 0 0 -148 -367 
clause 1386 0 0 -10 -367 
clause 1387 0 0 -366 -365 
clause 1388 0 0 -364 -366 
clause 1389 0 0 -366 -189 
clause 1390 0 0 -366 -165 
clause 1391 0 0 -366 -108 
clause 1392 0 0 -96 -366 
clause 1393 0 0 -60 -366 
clause 1394 0 0 -365 -364 
clause 1395 0 0 -365 -188 
clause 1396 0 0 -164 -365 
clause 1397 0 0 -365 -107 
clause 1398 0 0 -95 -365 
clause 1399 0 0 -59 -365 
clause 1400 0 0 -364 -187 
clause 1401 0 0 -163 -364 
clause 1402 0 0 -364 -106 
clause 1403 0 0 -94 -364 
clause 1404 0 0 -58 -364 
clause 1405 0 0 -362 -363 
clause 1406 0 0 -361 -363 
clause 1407 0 0 -240 -363 
clause 1408 0 0 -363 -66 
clause 1409 0 0 -361 -362 
clause 1410 0 0 -362 -239 
clause 1411 0 0 -362 -65 
clause 1412 0 0 -238 -361 
clause 1413 0 0 -361 -64 
clause 1414 0 0 -359 -360 
clause 1415 0 0 -358 -360 
clause 1416 0 0 -360 -330 
clause 1417 0 0 -360 -198 
clause 1418 0 0 -360 -138 
clause 1419 0 0 -360 -60 
clause 1420 0 0 -39 -360 
clause 1421 0 0 -33 -360 
clause 1422 0 0 -358 -359 
clause 1423 0 0 -359 -329 
clause 1424 0 0 -359 -197 
clause 1425 0 0 -137 -359 
clause 1426 0 0 -59 -359 
clause 1427 0 0 -38 -359 
clause 1428 0 0 -32 -359 
clause 1429 0 0 -358 -328 
clause 1430 0 0 -358 -196 
clause 1431 0 0 -358 -136 
clause 1432 0 0 -58 -358 
clause 1433 0 0 -358 -37 
clause 1434 0 0 -31 -358 
clause 1435 0 0 -356 -357 
clause 1436 0 0 -355 -357 
clause 1437 0 0 -357 -327 
clause 1438 0 0 -123 -357 
clause 1439 0 0 -357 -51 
clause 1440 0 0 -21 -357 
clause 1441 0 0 -355 -356 
clause 1442 0 0 -326 -356 
clause 1443 0 0 -356 -122 
clause 1444 0 0 -356 -50 
clause 1445 0 0 -356 -20 
clause 1446 0 0 -325 -355 
clause 1447 0 0 -355 -121 
clause 1448 0 0 -355 -49 
clause 1449 0 0 -355 -19 
clause 1450 0 0 -353 -354 
clause 1451 0 0 -352 -354 
clause 1452 0 0 -318 -354 
clause 1453 0 0 -354 -276 
clause 1454 0 0 -352 -353 
clause 1455 0 0 -353 -317 
clause 1456 0 0 -275 -353 
clause 1457 0 0 -352 -316 
clause 1458 0 0 -274 -352 
clause 1459 0 0 -350 -351 
clause 1460 0 0 -349 -351 
clause 1461 0 0 -207 -351 
clause 1462 0 0 -351 -195 
clause 1463 0 0 -349 -350 
clause 1464 0 0 -206 -350 
clause 1465 0 0 -350 -194 
clause 1466 0 0 -205 -349 
clause 1467 0 0 -193 -349 
clause 1468 0 0 -347 -348 
clause 1469 0 0 -346 -348 
clause 1470 0 0 -309 -348 
clause 1471 0 0 -348 -249 
clause 1472 0 0 -114 -348 
clause 1473 0 0 -346 -347 
clause 1474 0 0 -347 -308 
clause 1475 0 0 -347 -248 
clause 1476 0 0 -347 -113 
clause 1477 0 0 -307 -346 
clause 1478 0 0 -346 -247 
clause 1479 0 0 -112 -346 
clause 1480 0 0 -344 -345 
clause 1481 0 0 -343 -345 
clause 1482 0 0 -345 -180 
clause 1483 0 0 -345 -147 
clause 1484 0 0 -132 -345 
clause 1485 0 0 -345 -123 
clause 1486 0 0 -345 -111 
clause 1487 0 0 -343 -344 
clause 1488 0 0 -344 -179 
clause 1489 0 0 -344 -146 
clause 1490 0 0 -344 -131 
clause 1491 0 0 -122 -344 
clause 1492 0 0 -110 -344 
clause 1493 0 0 -343 -178 
clause 1494 0 0 -343 -145 
clause 1495 0 0 -130 -343 
clause 1496 0 0 -343 -121 
clause 1497 0 0 -109 -343 
clause 1498 0 0 -341 -342 
clause 1499 0 0 -340 -342 
clause 1500 0 0 -342 -303 
clause 1501 0 0 -177 -342 
clause 1502 0 0 -342 -15 
clause 1503 0 0 -12 -342 
clause 1504 0 0 -340 -341 
clause 1505 0 0 -341 -302 
clause 1506 0 0 -341 -176 
clause 1507 0 0 -341 -14 
clause 1508 0 0 -11 -341 
clause 1509 0 0 -340 -301 
clause 1510 0 0 -340 -175 
clause 1511 0 0 -340 -13 
clause 1512 0 0 -10 -340 
clause 1513 0 0 -338 -339 
clause 1514 0 0 -337 -339 
clause 1515 0 0 -273 -339 
clause 1516 0 0 -337 -338 
clause 1517 0 0 -272 -338 
clause 1518 0 0 -337 -271 
clause 1519 0 0 -335 -336 
clause 1520 0 0 -334 -336 
clause 1521 0 0 -273 -336 
clause 1522 0 0 -336 -165 
clause 1523 0 0 -84 -336 
clause 1524 0 0 -334 -335 
clause 1525 0 0 -335 -272 
clause 1526 0 0 -335 -164 
clause 1527 0 0 -83 -335 
clause 1528 0 0 -334 -271 
clause 1529 0 0 -334 -163 
clause 1530 0 0 -334 -82 
clause 1531 0 0 -332 -333 
clause 1532 0 0 -333 -331 
clause 1533 0 0 -333 -252 
clause 1534 0 0 -333 -219 
clause 1535 0 0 -333 -69 
clause 1536 0 0 -24 -333 
clause 1537 0 0 -331 -332 
clause 1538 0 0 -332 -251 
clause 1539 0 0 -218 -332 
clause 1540 0 0 -332 -68 
clause 1541 0 0 -332 -23 
clause 1542 0 0 -331 -250 
clause 1543 0 0 -217 -331 
clause 1544 0 0 -67 -331 
clause 1545 0 0 -22 -331 
clause 1546 0 0 -329 -330 
clause 1547 0 0 -330 -328 
clause 1548 0 0 -282 -330 
clause 1549 0 0 -329 -328 
clause 1550 0 0 -329 -281 
clause 1551 0 0 -280 -328 
clause 1552 0 0 -326 -327 
clause 1553 0 0 -325 -327 
clause 1554 0 0 -327 -222 
clause 1555 0 0 -327 -72 
clause 1556 0 0 -327 -51 
clause 1557 0 0 -325 -326 
clause 1558 0 0 -221 -326 
clause 1559 0 0 -71 -326 
clause 1560 0 0 -326 -50 
clause 1561 0 0 -325 -220 
clause 1562 0 0 -70 -325 
clause 1563 0 0 -325 -49 
clause 1564 0 0 -323 -324 
clause 1565 0 0 -322 -324 
clause 1566 0 0 -324 -255 
clause 1567 0 0 -324 -189 
clause 1568 0 0 -324 -81 
clause 1569 0 0 -322 -323 
clause 1570 0 0 -254 -323 
clause 1571 0 0 -323 -188 
clause 1572 0 0 -80 -323 
clause 1573 0 0 -253 -322 
clause 1574 0 0 -322 -187 
clause 1575 0 0 -322 -79 
clause 1576 0 0 -320 -321 
clause 1577 0 0 -319 -321 
clause 1578 0 0 -171 -321 
clause 1579 0 0 -321 -90 
clause 1580 0 0 -319 -320 
clause 1581 0 0 -170 -320 
clause 1582 0 0 -320 -89 
clause 1583 0 0 -169 -319 
clause 1584 0 0 -319 -88 
clause 1585 0 0 -317 -318 
clause 1586 0 0 -316 -318 
clause 1587 0 0 -84 -318 
clause 1588 0 0 -316 -317 
clause 1589 0 0 -83 -317 
clause 1590 0 0 -82 -316 
clause 1591 0 0 -314 -315 
clause 1592 0 0 -315 -313 
clause 1593 0 0 -291 -315 
clause 1594 0 0 -315 -228 
clause 1595 0 0 -63 -315 
clause 1596 0 0 -315 -9 
clause 1597 0 0 -6 -315 
clause 1598 0 0 -313 -314 
clause 1599 0 0 -314 -290 
clause 1600 0 0 -227 -314 
clause 1601 0 0 -62 -314 
clause 1602 0 0 -8 -314 
clause 1603 0 0 -314 -5 
clause 1604 0 0 -289 -313 
clause 1605 0 0 -226 -313 
clause 1606 0 0 -61 -313 
clause 1607 0 0 -313 -7 
clause 1608 0 0 -313 -4 
clause 1609 0 0 -311 -312 
clause 1610 0 0 -310 -312 
clause 1611 0 0 -126 -312 
clause 1612 0 0 -108 -312 
clause 1613 0 0 -21 -312 
clause 1614 0 0 -310 -311 
clause 1615 0 0 -311 -125 
clause 1616 0 0 -107 -311 
clause 1617 0 0 -20 -311 
clause 1618 0 0 -310 -124 
clause 1619 0 0 -106 -310 
clause 1620 0 0 -19 -310 
clause 1621 0 0 -308 -309 
clause 1622 0 0 -307 -309 
clause 1623 0 0 -309 -282 
clause 1624 0 0 -129 -309 
clause 1625 0 0 -309 -60 
clause 1626 0 0 -307 -308 
clause 1627 0 0 -308 -281 
clause 1628 0 0 -128 -308 
clause 1629 0 0 -308 -59 
clause 1630 0 0 -307 -280 
clause 1631 0 0 -127 -307 
clause 1632 0 0 -307 -58 
clause 1633 0 0 -305 -306 
clause 1634 0 0 -304 -306 
clause 1635 0 0 -306 -300 
clause 1636 0 0 -306 -216 
clause 1637 0 0 -306 -183 
clause 1638 0 0 -305 -304 
clause 1639 0 0 -305 -299 
clause 1640 0 0 -215 -305 
clause 1641 0 0 -182 -305 
clause 1642 0 0 -304 -298 
clause 1643 0 0 -304 -214 
clause 1644 0 0 -304 -181 
clause 1645 0 0 -302 -303 
clause 1646 0 0 -303 -301 
clause 1647 0 0 -303 -225 
clause 1648 0 0 -303 -15 
clause 1649 0 0 -301 -302 
clause 1650 0 0 -224 -302 
clause 1651 0 0 -302 -14 
clause 1652 0 0 -301 -223 
clause 1653 0 0 -301 -13 
clause 1654 0 0 -300 -299 
clause 1655 0 0 -300 -298 
clause 1656 0 0 -300 -189 
clause 1657 0 0 -300 -159 
clause 1658 0 0 -90 -300 
clause 1659 0 0 -299 -298 
clause 1660 0 0 -299 -188 
clause 1661 0 0 -299 -158 
clause 1662 0 0 -89 -299 
clause 1663 0 0 -298 -187 
clause 1664 0 0 -298 -157 
clause 1665 0 0 -88 -298 
clause 1666 0 0 -296 -297 
clause 1667 0 0 -295 -297 
clause 1668 0 0 -57 -297 
clause 1669 0 0 -54 -297 
clause 1670 0 0 -297 -6 
clause 1671 0 0 -295 -296 
clause 1672 0 0 -296 -56 
clause 1673 0 0 -296 -53 
clause 1674 0 0 -296 -5 
clause 1675 0 0 -55 -295 
clause 1676 0 0 -52 -295 
clause 1677 0 0 -295 -4 
clause 1678 0 0 -293 -294 
clause 1679 0 0 -292 -294 
clause 1680 0 0 -294 -276 
clause 1681 0 0 -273 -294 
clause 1682 0 0 -18 -294 
clause 1683 0 0 -293 -292 
clause 1684 0 0 -293 -275 
clause 1685 0 0 -272 -293 
clause 1686 0 0 -293 -17 
clause 1687 0 0 -292 -274 
clause 1688 0 0 -271 -292 
clause 1689 0 0 -16 -292 
clause 1690 0 0 -290 -291 
clause 1691 0 0 -289 -291 
clause 1692 0 0 -225 -291 
clause 1693 0 0 -291 -195 
clause 1694 0 0 -153 -291 
clause 1695 0 0 -87 -291 
clause 1696 0 0 -289 -290 
clause 1697 0 0 -290 -224 
clause 1698 0 0 -290 -194 
clause 1699 0 0 -290 -152 
clause 1700 0 0 -290 -86 
clause 1701 0 0 -223 -289 
clause 1702 0 0 -193 -289 
clause 1703 0 0 -151 -289 
clause 1704 0 0 -85 -289 
clause 1705 0 0 -288 -287 
clause 1706 0 0 -286 -288 
clause 1707 0 0 -288 -216 
clause 1708 0 0 -39 -288 
clause 1709 0 0 -36 -288 
clause 1710 0 0 -288 -6 
clause 1711 0 0 -286 -287 
clause 1712 0 0 -215 -287 
clause 1713 0 0 -38 -287 
clause 1714 0 0 -35 -287 
clause 1715 0 0 -287 -5 
clause 1716 0 0 -286 -214 
clause 1717 0 0 -286 -37 
clause 1718 0 0 -34 -286 
clause 1719 0 0 -286 -4 
clause 1720 0 0 -284 -285 
clause 1721 0 0 -283 -285 
clause 1722 0 0 -285 -243 
clause 1723 0 0 -240 -285 
clause 1724 0 0 -285 -213 
clause 1725 0 0 -285 -126 
clause 1726 0 0 -284 -283 
clause 1727 0 0 -242 -284 
clause 1728 0 0 -239 -284 
clause 1729 0 0 -284 -212 
clause 1730 0 0 -125 -284 
clause 1731 0 0 -283 -241 
clause 1732 0 0 -238 -283 
clause 1733 0 0 -283 -211 
clause 1734 0 0 -283 -124 
clause 1735 0 0 -282 -281 
clause 1736 0 0 -280 -282 
clause 1737 0 0 -216 -282 
clause 1738 0 0 -180 -282 
clause 1739 0 0 -280 -281 
clause 1740 0 0 -215 -281 
clause 1741 0 0 -179 -281 
clause 1742 0 0 -214 -280 
clause 1743 0 0 -178 -280 
clause 1744 0 0 -278 -279 
clause 1745 0 0 -277 -279 
clause 1746 0 0 -279 -213 
clause 1747 0 0 -51 -279 
clause 1748 0 0 -279 -9 
clause 1749 0 0 -277 -278 
clause 1750 0 0 -212 -278 
clause 1751 0 0 -50 -278 
clause 1752 0 0 -8 -278 
clause 1753 0 0 -277 -211 
clause 1754 0 0 -49 -277 
clause 1755 0 0 -277 -7 
clause 1756 0 0 -275 -276 
clause 1757 0 0 -274 -276 
clause 1758 0 0 -39 -276 
clause 1759 0 0 -274 -275 
clause 1760 0 0 -275 -38 
clause 1761 0 0 -274 -37 
clause 1762 0 0 -272 -273 
clause 1763 0 0 -271 -273 
clause 1764 0 0 -273 -264 
clause 1765 0 0 -273 -39 
clause 1766 0 0 -271 -272 
clause 1767 0 0 -272 -263 
clause 1768 0 0 -272 -38 
clause 1769 0 0 -271 -262 
clause 1770 0 0 -271 -37 
clause 1771 0 0 -269 -270 
clause 1772 0 0 -268 -270 
clause 1773 0 0 -270 -156 
clause 1774 0 0 -132 -270 
clause 1775 0 0 -270 -102 
clause 1776 0 0 -270 -72 
clause 1777 0 0 -270 -30 
clause 1778 0 0 -268 -269 
clause 1779 0 0 -269 -155 
clause 1780 0 0 -131 -269 
clause 1781 0 0 -101 -269 
clause 1782 0 0 -71 -269 
clause 1783 0 0 -269 -29 
clause 1784 0 0 -268 -154 
clause 1785 0 0 -130 -268 
clause 1786 0 0 -100 -268 
clause 1787 0 0 -70 -268 
clause 1788 0 0 -268 -28 
clause 1789 0 0 -266 -267 
clause 1790 0 0 -265 -267 
clause 1791 0 0 -255 -267 
clause 1792 0 0 -267 -171 
clause 1793 0 0 -12 -267 
clause 1794 0 0 -265 -266 
clause 1795 0 0 -254 -266 
clause 1796 0 0 -170 -266 
clause 1797 0 0 -266 -11 
clause 1798 0 0 -265 -253 
clause 1799 0 0 -265 -169 
clause 1800 0 0 -10 -265 
clause 1801 0 0 -263 -264 
clause 1802 0 0 -262 -264 
clause 1803 0 0 -264 -180 
clause 1804 0 0 -264 -3 
clause 1805 0 0 -262 -263 
clause 1806 0 0 -263 -179 
clause 1807 0 0 -263 -2 
clause 1808 0 0 -178 -262 
clause 1809 0 0 -1 -262 
clause 1810 0 0 -260 -261 
clause 1811 0 0 -261 -259 
clause 1812 0 0 -261 -90 
clause 1813 0 0 -261 -60 
clause 1814 0 0 -259 -260 
clause 1815 0 0 -89 -260 
clause 1816 0 0 -59 -260 
clause 1817 0 0 -259 -88 
clause 1818 0 0 -259 -58 
clause 1819 0 0 -257 -258 
clause 1820 0 0 -256 -258 
clause 1821 0 0 -258 -156 
clause 1822 0 0 -258 -99 
clause 1823 0 0 -256 -257 
clause 1824 0 0 -257 -155 
clause 1825 0 0 -257 -98 
clause 1826 0 0 -256 -154 
clause 1827 0 0 -256 -97 
clause 1828 0 0 -254 -255 
clause 1829 0 0 -253 -255 
clause 1830 0 0 -255 -192 
clause 1831 0 0 -153 -255 
clause 1832 0 0 -255 -135 
clause 1833 0 0 -253 -254 
clause 1834 0 0 -191 -254 
clause 1835 0 0 -254 -152 
clause 1836 0 0 -254 -134 
clause 1837 0 0 -190 -253 
clause 1838 0 0 -253 -151 
clause 1839 0 0 -253 -133 
clause 1840 0 0 -251 -252 
clause 1841 0 0 -250 -252 
clause 1842 0 0 -219 -252 
clause 1843 0 0 -252 -189 
clause 1844 0 0 -141 -252 
clause 1845 0 0 -18 -252 
clause 1846 0 0 -250 -251 
clause 1847 0 0 -218 -251 
clause 1848 0 0 -251 -188 
clause 1849 0 0 -140 -251 
clause 1850 0 0 -17 -251 
clause 1851 0 0 -217 -250 
clause 1852 0 0 -250 -187 
clause 1853 0 0 -250 -139 
clause 1854 0 0 -16 -250 
clause 1855 0 0 -248 -249 
clause 1856 0 0 -247 -249 
clause 1857 0 0 -249 -216 
clause 1858 0 0 -249 -120 
clause 1859 0 0 -90 -249 
clause 1860 0 0 -249 -78 
clause 1861 0 0 -247 -248 
clause 1862 0 0 -248 -215 
clause 1863 0 0 -248 -119 
clause 1864 0 0 -89 -248 
clause 1865 0 0 -248 -77 
clause 1866 0 0 -247 -214 
clause 1867 0 0 -247 -118 
clause 1868 0 0 -88 -247 
clause 1869 0 0 -247 -76 
clause 1870 0 0 -245 -246 
clause 1871 0 0 -244 -246 
clause 1872 0 0 -246 -162 
clause 1873 0 0 -246 -63 
clause 1874 0 0 -244 -245 
clause 1875 0 0 -245 -161 
clause 1876 0 0 -245 -62 
clause 1877 0 0 -160 -244 
clause 1878 0 0 -244 -61 
clause 1879 0 0 -242 -243 
clause 1880 0 0 -241 -243 
clause 1881 0 0 -141 -243 
clause 1882 0 0 -243 -93 
clause 1883 0 0 -243 -27 
clause 1884 0 0 -241 -242 
clause 1885 0 0 -140 -242 
clause 1886 0 0 -242 -92 
clause 1887 0 0 -26 -242 
clause 1888 0 0 -139 -241 
clause 1889 0 0 -241 -91 
clause 1890 0 0 -241 -25 
clause 1891 0 0 -239 -240 
clause 1892 0 0 -238 -240 
clause 1893 0 0 -240 -57 
clause 1894 0 0 -238 -239 
clause 1895 0 0 -239 -56 
clause 1896 0 0 -238 -55 
clause 1897 0 0 -236 -237 
clause 1898 0 0 -235 -237 
clause 1899 0 0 -207 -237 
clause 1900 0 0 -156 -237 
clause 1901 0 0 -237 -138 
clause 1902 0 0 -30 -237 
clause 1903 0 0 -236 -235 
clause 1904 0 0 -236 -206 
clause 1905 0 0 -155 -236 
clause 1906 0 0 -236 -137 
clause 1907 0 0 -29 -236 
clause 1908 0 0 -235 -205 
clause 1909 0 0 -154 -235 
clause 1910 0 0 -235 -136 
clause 1911 0 0 -28 -235 
clause 1912 0 0 -233 -234 
clause 1913 0 0 -232 -234 
clause 1914 0 0 -234 -30 
clause 1915 0 0 -232 -233 
clause 1916 0 0 -233 -29 
clause 1917 0 0 -28 -232 
clause 1918 0 0 -230 -231 
clause 1919 0 0 -229 -231 
clause 1920 0 0 -229 -230 
clause 1921 0 0 -227 -228 
clause 1922 0 0 -226 -228 
clause 1923 0 0 -156 -228 
clause 1924 0 0 -226 -227 
clause 1925 0 0 -155 -227 
clause 1926 0 0 -154 -226 
clause 1927 0 0 -224 -225 
clause 1928 0 0 -223 -225 
clause 1929 0 0 -225 -171 
clause 1930 0 0 -162 -225 
clause 1931 0 0 -42 -225 
clause 1932 0 0 -223 -224 
clause 1933 0 0 -170 -224 
clause 1934 0 0 -161 -224 
clause 1935 0 0 -41 -224 
clause 1936 0 0 -169 -223 
clause 1937 0 0 -160 -223 
clause 1938 0 0 -40 -223 
clause 1939 0 0 -221 -222 
clause 1940 0 0 -220 -222 
clause 1941 0 0 -24 -222 
clause 1942 0 0 -222 -15 
clause 1943 0 0 -220 -221 
clause 1944 0 0 -221 -23 
clause 1945 0 0 -221 -14 
clause 1946 0 0 -22 -220 
clause 1947 0 0 -220 -13 
clause 1948 0 0 -218 -219 
clause 1949 0 0 -217 -219 
clause 1950 0 0 -217 -218 
clause 1951 0 0 -215 -216 
clause 1952 0 0 -214 -216 
clause 1953 0 0 -216 -27 
clause 1954 0 0 -214 -215 
clause 1955 0 0 -26 -215 
clause 1956 0 0 -214 -25 
clause 1957 0 0 -213 -212 
clause 1958 0 0 -213 -211 
clause 1959 0 0 -213 -9 
clause 1960 0 0 -213 -3 
clause 1961 0 0 -211 -212 
clause 1962 0 0 -212 -8 
clause 1963 0 0 -212 -2 
clause 1964 0 0 -211 -7 
clause 1965 0 0 -1 -211 
clause 1966 0 0 -209 -210 
clause 1967 0 0 -208 -210 
clause 1968 0 0 -207 -210 
clause 1969 0 0 -210 -171 
clause 1970 0 0 -129 -210 
clause 1971 0 0 -210 -120 
clause 1972 0 0 -210 -36 
clause 1973 0 0 -210 -27 
clause 1974 0 0 -209 -208 
clause 1975 0 0 -206 -209 
clause 1976 0 0 -170 -209 
clause 1977 0 0 -128 -209 
clause 1978 0 0 -209 -119 
clause 1979 0 0 -35 -209 
clause 1980 0 0 -209 -26 
clause 1981 0 0 -208 -205 
clause 1982 0 0 -169 -208 
clause 1983 0 0 -208 -127 
clause 1984 0 0 -208 -118 
clause 1985 0 0 -34 -208 
clause 1986 0 0 -208 -25 
clause 1987 0 0 -206 -207 
clause 1988 0 0 -205 -207 
clause 1989 0 0 -207 -183 
clause 1990 0 0 -207 -105 
clause 1991 0 0 -205 -206 
clause 1992 0 0 -182 -206 
clause 1993 0 0 -104 -206 
clause 1994 0 0 -181 -205 
clause 1995 0 0 -205 -103 
clause 1996 0 0 -204 -203 
clause 1997 0 0 -202 -204 
clause 1998 0 0 -168 -204 
clause 1999 0 0 -204 -3 
clause 2000 0 0 -202 -203 
clause 2001 0 0 -167 -203 
clause 2002 0 0 -2 -203 
clause 2003 0 0 -166 -202 
clause 2004 0 0 -1 -202 
clause 2005 0 0 -200 -201 
clause 2006 0 0 -201 -199 
clause 2007 0 0 -201 -195 
clause 2008 0 0 -201 -189 
clause 2009 0 0 -201 -75 
clause 2010 0 0 -201 -69 
clause 2011 0 0 -199 -200 
clause 2012 0 0 -200 -194 
clause 2013 0 0 -200 -188 
clause 2014 0 0 -74 -200 
clause 2015 0 0 -200 -68 
clause 2016 0 0 -193 -199 
clause 2017 0 0 -199 -187 
clause 2018 0 0 -73 -199 
clause 2019 0 0 -67 -199 
clause 2020 0 0 -198 -197 
clause 2021 0 0 -196 -198 
clause 2022 0 0 -198 -195 
clause 2023 0 0 -198 -183 
clause 2024 0 0 -66 -198 
clause 2025 0 0 -45 -198 
clause 2026 0 0 -21 -198 
clause 2027 0 0 -197 -196 
clause 2028 0 0 -197 -194 
clause 2029 0 0 -182 -197 
clause 2030 0 0 -197 -65 
clause 2031 0 0 -197 -44 
clause 2032 0 0 -20 -197 
clause 2033 0 0 -193 -196 
clause 2034 0 0 -181 -196 
clause 2035 0 0 -64 -196 
clause 2036 0 0 -196 -43 
clause 2037 0 0 -196 -19 
clause 2038 0 0 -194 -195 
clause 2039 0 0 -193 -195 
clause 2040 0 0 -193 -194 
clause 2041 0 0 -191 -192 
clause 2042 0 0 -190 -192 
clause 2043 0 0 -162 -192 
clause 2044 0 0 -192 -117 
clause 2045 0 0 -190 -191 
clause 2046 0 0 -191 -161 
clause 2047 0 0 -191 -116 
clause 2048 0 0 -190 -160 
clause 2049 0 0 -190 -115 
clause 2050 0 0 -189 -188 
clause 2051 0 0 -187 -189 
clause 2052 0 0 -187 -188 
clause 2053 0 0 -185 -186 
clause 2054 0 0 -184 -186 
clause 2055 0 0 -81 -186 
clause 2056 0 0 -184 -185 
clause 2057 0 0 -80 -185 
clause 2058 0 0 -79 -184 
clause 2059 0 0 -182 -183 
clause 2060 0 0 -183 -181 
clause 2061 0 0 -181 -182 
clause 2062 0 0 -179 -180 
clause 2063 0 0 -178 -180 
clause 2064 0 0 -178 -179 
clause 2065 0 0 -176 -177 
clause 2066 0 0 -175 -177 
clause 2067 0 0 -177 -135 
clause 2068 0 0 -177 -105 
clause 2069 0 0 -176 -175 
clause 2070 0 0 -134 -176 
clause 2071 0 0 -176 -104 
clause 2072 0 0 -175 -133 
clause 2073 0 0 -175 -103 
clause 2074 0 0 -173 -174 
clause 2075 0 0 -172 -174 
clause 2076 0 0 -111 -174 
clause 2077 0 0 -174 -87 
clause 2078 0 0 -54 -174 
clause 2079 0 0 -172 -173 
clause 2080 0 0 -110 -173 
clause 2081 0 0 -173 -86 
clause 2082 0 0 -53 -173 
clause 2083 0 0 -109 -172 
clause 2084 0 0 -85 -172 
clause 2085 0 0 -172 -52 
clause 2086 0 0 -170 -171 
clause 2087 0 0 -169 -171 
clause 2088 0 0 -169 -170 
clause 2089 0 0 -167 -168 
clause 2090 0 0 -166 -168 
clause 2091 0 0 -144 -168 
clause 2092 0 0 -166 -167 
clause 2093 0 0 -143 -167 
clause 2094 0 0 -142 -166 
clause 2095 0 0 -164 -165 
clause 2096 0 0 -163 -165 
clause 2097 0 0 -165 -63 
clause 2098 0 0 -48 -165 
clause 2099 0 0 -45 -165 
clause 2100 0 0 -163 -164 
clause 2101 0 0 -164 -62 
clause 2102 0 0 -47 -164 
clause 2103 0 0 -164 -44 
clause 2104 0 0 -163 -61 
clause 2105 0 0 -46 -163 
clause 2106 0 0 -163 -43 
clause 2107 0 0 -161 -162 
clause 2108 0 0 -160 -162 
clause 2109 0 0 -160 -161 
clause 2110 0 0 -158 -159 
clause 2111 0 0 -157 -159 
clause 2112 0 0 -159 -138 
clause 2113 0 0 -159 -126 
clause 2114 0 0 -15 -159 
clause 2115 0 0 -159 -3 
clause 2116 0 0 -158 -157 
clause 2117 0 0 -137 -158 
clause 2118 0 0 -158 -125 
clause 2119 0 0 -158 -14 
clause 2120 0 0 -158 -2 
clause 2121 0 0 -136 -157 
clause 2122 0 0 -124 -157 
clause 2123 0 0 -13 -157 
clause 2124 0 0 -1 -157 
clause 2125 0 0 -155 -156 
clause 2126 0 0 -154 -156 
clause 2127 0 0 -156 -123 
clause 2128 0 0 -154 -155 
clause 2129 0 0 -155 -122 
clause 2130 0 0 -121 -154 
clause 2131 0 0 -152 -153 
clause 2132 0 0 -151 -153 
clause 2133 0 0 -114 -153 
clause 2134 0 0 -153 -33 
clause 2135 0 0 -153 -24 
clause 2136 0 0 -153 -12 
clause 2137 0 0 -151 -152 
clause 2138 0 0 -152 -113 
clause 2139 0 0 -152 -32 
clause 2140 0 0 -23 -152 
clause 2141 0 0 -11 -152 
clause 2142 0 0 -112 -151 
clause 2143 0 0 -151 -31 
clause 2144 0 0 -151 -22 
clause 2145 0 0 -151 -10 
clause 2146 0 0 -149 -150 
clause 2147 0 0 -148 -150 
clause 2148 0 0 -148 -149 
clause 2149 0 0 -146 -147 
clause 2150 0 0 -145 -147 
clause 2151 0 0 -108 -147 
clause 2152 0 0 -145 -146 
clause 2153 0 0 -146 -107 
clause 2154 0 0 -106 -145 
clause 2155 0 0 -143 -144 
clause 2156 0 0 -142 -144 
clause 2157 0 0 -144 -135 
clause 2158 0 0 -142 -143 
clause 2159 0 0 -134 -143 
clause 2160 0 0 -133 -142 
clause 2161 0 0 -140 -141 
clause 2162 0 0 -139 -141 
clause 2163 0 0 -141 -81 
clause 2164 0 0 -139 -140 
clause 2165 0 0 -80 -140 
clause 2166 0 0 -79 -139 
clause 2167 0 0 -137 -138 
clause 2168 0 0 -136 -138 
clause 2169 0 0 -78 -138 
clause 2170 0 0 -15 -138 
clause 2171 0 0 -137 -136 
clause 2172 0 0 -137 -77 
clause 2173 0 0 -14 -137 
clause 2174 0 0 -136 -76 
clause 2175 0 0 -136 -13 
clause 2176 0 0 -134 -135 
clause 2177 0 0 -135 -133 
clause 2178 0 0 -123 -135 
clause 2179 0 0 -134 -133 
clause 2180 0 0 -122 -134 
clause 2181 0 0 -133 -121 
clause 2182 0 0 -131 -132 
clause 2183 0 0 -130 -132 
clause 2184 0 0 -132 -123 
clause 2185 0 0 -114 -132 
clause 2186 0 0 -132 -54 
clause 2187 0 0 -130 -131 
clause 2188 0 0 -131 -122 
clause 2189 0 0 -113 -131 
clause 2190 0 0 -53 -131 
clause 2191 0 0 -121 -130 
clause 2192 0 0 -112 -130 
clause 2193 0 0 -130 -52 
clause 2194 0 0 -128 -129 
clause 2195 0 0 -127 -129 
clause 2196 0 0 -127 -128 
clause 2197 0 0 -125 -126 
clause 2198 0 0 -126 -124 
clause 2199 0 0 -126 -99 
clause 2200 0 0 -124 -125 
clause 2201 0 0 -125 -98 
clause 2202 0 0 -97 -124 
clause 2203 0 0 -123 -122 
clause 2204 0 0 -121 -123 
clause 2205 0 0 -121 -122 
clause 2206 0 0 -119 -120 
clause 2207 0 0 -120 -118 
clause 2208 0 0 -120 -93 
clause 2209 0 0 -57 -120 
clause 2210 0 0 -118 -119 
clause 2211 0 0 -92 -119 
clause 2212 0 0 -56 -119 
clause 2213 0 0 -118 -91 
clause 2214 0 0 -118 -55 
clause 2215 0 0 -116 -117 
clause 2216 0 0 -115 -117 
clause 2217 0 0 -117 -108 
clause 2218 0 0 -115 -116 
clause 2219 0 0 -116 -107 
clause 2220 0 0 -115 -106 
clause 2221 0 0 -113 -114 
clause 2222 0 0 -112 -114 
clause 2223 0 0 -111 -114 
clause 2224 0 0 -112 -113 
clause 2225 0 0 -113 -110 
clause 2226 0 0 -109 -112 
clause 2227 0 0 -110 -111 
clause 2228 0 0 -109 -111 
clause 2229 0 0 -111 -63 
clause 2230 0 0 -109 -110 
clause 2231 0 0 -110 -62 
clause 2232 0 0 -109 -61 
clause 2233 0 0 -107 -108 
clause 2234 0 0 -106 -108 
clause 2235 0 0 -108 -75 
clause 2236 0 0 -106 -107 
clause 2237 0 0 -74 -107 
clause 2238 0 0 -73 -106 
clause 2239 0 0 -104 -105 
clause 2240 0 0 -103 -105 
clause 2241 0 0 -104 -103 
clause 2242 0 0 -101 -102 
clause 2243 0 0 -100 -102 
clause 2244 0 0 -96 -102 
clause 2245 0 0 -102 -66 
clause 2246 0 0 -102 -63 
clause 2247 0 0 -42 -102 
clause 2248 0 0 -100 -101 
clause 2249 0 0 -95 -101 
clause 2250 0 0 -65 -101 
clause 2251 0 0 -101 -62 
clause 2252 0 0 -101 -41 
clause 2253 0 0 -100 -94 
clause 2254 0 0 -100 -64 
clause 2255 0 0 -61 -100 
clause 2256 0 0 -40 -100 
clause 2257 0 0 -99 -98 
clause 2258 0 0 -97 -99 
clause 2259 0 0 -97 -98 
clause 2260 0 0 -95 -96 
clause 2261 0 0 -94 -96 
clause 2262 0 0 -94 -95 
clause 2263 0 0 -92 -93 
clause 2264 0 0 -91 -93 
clause 2265 0 0 -78 -93 
clause 2266 0 0 -9 -93 
clause 2267 0 0 -92 -91 
clause 2268 0 0 -77 -92 
clause 2269 0 0 -8 -92 
clause 2270 0 0 -76 -91 
clause 2271 0 0 -7 -91 
clause 2272 0 0 -89 -90 
clause 2273 0 0 -88 -90 
clause 2274 0 0 -88 -89 
clause 2275 0 0 -86 -87 
clause 2276 0 0 -85 -87 
clause 2277 0 0 -75 -87 
clause 2278 0 0 -48 -87 
clause 2279 0 0 -85 -86 
clause 2280 0 0 -86 -74 
clause 2281 0 0 -86 -47 
clause 2282 0 0 -73 -85 
clause 2283 0 0 -85 -46 
clause 2284 0 0 -83 -84 
clause 2285 0 0 -82 -84 
clause 2286 0 0 -84 -69 
clause 2287 0 0 -82 -83 
clause 2288 0 0 -83 -68 
clause 2289 0 0 -67 -82 
clause 2290 0 0 -80 -81 
clause 2291 0 0 -79 -81 
clause 2292 0 0 -79 -80 
clause 2293 0 0 -77 -78 
clause 2294 0 0 -78 -76 
clause 2295 0 0 -78 -9 
clause 2296 0 0 -76 -77 
clause 2297 0 0 -77 -8 
clause 2298 0 0 -76 -7 
clause 2299 0 0 -74 -75 
clause 2300 0 0 -73 -75 
clause 2301 0 0 -75 -45 
clause 2302 0 0 -73 -74 
clause 2303 0 0 -74 -44 
clause 2304 0 0 -43 -73 
clause 2305 0 0 -71 -72 
clause 2306 0 0 -70 -72 
clause 2307 0 0 -70 -71 
clause 2308 0 0 -68 -69 
clause 2309 0 0 -67 -69 
clause 2310 0 0 -30 -69 
clause 2311 0 0 -67 -68 
clause 2312 0 0 -29 -68 
clause 2313 0 0 -67 -28 
clause 2314 0 0 -65 -66 
clause 2315 0 0 -64 -66 
clause 2316 0 0 -64 -65 
clause 2317 0 0 -62 -63 
clause 2318 0 0 -61 -63 
clause 2319 0 0 -63 -51 
clause 2320 0 0 -61 -62 
clause 2321 0 0 -50 -62 
clause 2322 0 0 -61 -49 
clause 2323 0 0 -60 -59 
clause 2324 0 0 -60 -58 
clause 2325 0 0 -60 -27 
clause 2326 0 0 -59 -58 
clause 2327 0 0 -59 -26 
clause 2328 0 0 -58 -25 
clause 2329 0 0 -56 -57 
clause 2330 0 0 -55 -57 
clause 2331 0 0 -57 -12 
clause 2332 0 0 -56 -55 
clause 2333 0 0 -11 -56 
clause 2334 0 0 -10 -55 
clause 2335 0 0 -53 -54 
clause 2336 0 0 -52 -54 
clause 2337 0 0 -52 -53 
clause 2338 0 0 -50 -51 
clause 2339 0 0 -51 -49 
clause 2340 0 0 -49 -50 
clause 2341 0 0 -47 -48 
clause 2342 0 0 -46 -48 
clause 2343 0 0 -48 -18 
clause 2344 0 0 -46 -47 
clause 2345 0 0 -47 -17 
clause 2346 0 0 -46 -16 
clause 2347 0 0 -44 -45 
clause 2348 0 0 -45 -43 
clause 2349 0 0 -44 -43 
clause 2350 0 0 -41 -42 
clause 2351 0 0 -40 -42 
clause 2352 0 0 -40 -41 
clause 2353 0 0 -39 -38 
clause 2354 0 0 -37 -39 
clause 2355 0 0 -37 -38 
clause 2356 0 0 -35 -36 
clause 2357 0 0 -34 -36 
clause 2358 0 0 -36 -12 
clause 2359 0 0 -34 -35 
clause 2360 0 0 -35 -11 
clause 2361 0 0 -10 -34 
clause 2362 0 0 -32 -33 
clause 2363 0 0 -31 -33 
clause 2364 0 0 -31 -32 
clause 2365 0 0 -29 -30 
clause 2366 0 0 -28 -30 
clause 2367 0 0 -29 -28 
clause 2368 0 0 -26 -27 
clause 2369 0 0 -25 -27 
clause 2370 0 0 -25 -26 
clause 2371 0 0 -23 -24 
clause 2372 0 0 -22 -24 
clause 2373 0 0 -22 -23 
clause 2374 0 0 -20 -21 
clause 2375 0 0 -19 -21 
clause 2376 0 0 -21 -18 
clause 2377 0 0 -20 -19 
clause 2378 0 0 -17 -20 
clause 2379 0 0 -19 -16 
clause 2380 0 0 -17 -18 
clause 2381 0 0 -16 -18 
clause 2382 0 0 -17 -16 
clause 2383 0 0 -14 -15 
clause 2384 0 0 -13 -15 
clause 2385 0 0 -13 -14 
clause 2386 0 0 -11 -12 
clause 2387 0 0 -10 -12 
clause 2388 0 0 -10 -11 
clause 2389 0 0 -8 -9 
clause 2390 0 0 -7 -9 
clause 2391 0 0 -8 -7 
clause 2392 0 0 -5 -6 
clause 2393 0 0 -4 -6 
clause 2394 0 0 -6 -3 
clause 2395 0 0 -5 -4 
clause 2396 0 0 -5 -2 
clause 2397 0 0 -1 -4 
clause 2398 0 0 -2 -3 
clause 2399 0 0 -1 -3 
clause 2400 0 0 -1 -2 
clause 2401 0 0 2 3 1 
clause 2402 0 0 4 6 5 
clause 2403 0 0 9 7 8 
clause 2404 0 0 11 10 12 
clause 2405 0 0 15 13 14 
clause 2406 0 0 17 18 16 
clause 2407 0 0 20 21 19 
clause 2408 0 0 24 23 22 
clause 2409 0 0 25 26 27 
clause 2410 0 0 29 28 30 
clause 2411 0 0 33 32 31 
clause 2412 0 0 36 35 34 
clause 2413 0 0 39 38 37 
clause 2414 0 0 41 42 40 
clause 2415 0 0 45 44 43 
clause 2416 0 0 48 46 47 
clause 2417 0 0 49 51 50 
clause 2418 0 0 52 53 54 
clause 2419 0 0 55 57 56 
clause 2420 0 0 59 58 60 
clause 2421 0 0 62 63 61 
clause 2422 0 0 66 65 64 
clause 2423 0 0 68 69 67 
clause 2424 0 0 70 72 71 
clause 2425 0 0 74 75 73 
clause 2426 0 0 76 78 77 
clause 2427 0 0 79 81 80 
clause 2428 0 0 82 84 83 
clause 2429 0 0 85 87 86 
clause 2430 0 0 88 89 90 
clause 2431 0 0 92 91 93 
clause 2432 0 0 94 96 95 
clause 2433 0 0 98 97 99 
clause 2434 0 0 102 100 101 
clause 2435 0 0 104 103 105 
clause 2436 0 0 108 106 107 
clause 2437 0 0 110 111 109 
clause 2438 0 0 113 114 112 
clause 2439 0 0 117 116 115 
clause 2440 0 0 120 118 119 
clause 2441 0 0 122 123 121 
clause 2442 0 0 126 124 125 
clause 2443 0 0 128 129 127 
clause 2444 0 0 130 132 131 
clause 2445 0 0 135 134 133 
clause 2446 0 0 137 136 138 
clause 2447 0 0 140 141 139 
clause 2448 0 0 143 142 144 
clause 2449 0 0 145 147 146 
clause 2450 0 0 150 149 148 
clause 2451 0 0 151 152 153 
clause 2452 0 0 155 154 156 
clause 2453 0 0 157 159 158 
clause 2454 0 0 162 161 160 
clause 2455 0 0 163 164 165 
clause 2456 0 0 167 166 168 
clause 2457 0 0 171 170 169 
clause 2458 0 0 174 173 172 
clause 2459 0 0 177 175 176 
clause 2460 0 0 178 180 179 
clause 2461 0 0 181 183 182 
clause 2462 0 0 186 185 184 
clause 2463 0 0 188 189 187 
clause 2464 0 0 191 190 192 
clause 2465 0 0 195 194 193 
clause 2466 0 0 197 196 198 
clause 2467 0 0 199 201 200 
clause 2468 0 0 204 203 202 
clause 2469 0 0 206 205 207 
clause 2470 0 0 209 208 210 
clause 2471 0 0 211 212 213 
clause 2472 0 0 214 216 215 
clause 2473 0 0 219 218 217 
clause 2474 0 0 220 221 222 
clause 2475 0 0 225 224 223 
clause 2476 0 0 228 227 226 
clause 2477 0 0 230 231 229 
clause 2478 0 0 233 234 232 
clause 2479 0 0 237 235 236 
clause 2480 0 0 238 240 239 
clause 2481 0 0 241 243 242 
clause 2482 0 0 245 246 244 
clause 2483 0 0 249 248 247 
clause 2484 0 0 252 251 250 
clause 2485 0 0 254 253 255 
clause 2486 0 0 258 256 257 
clause 2487 0 0 260 261 259 
clause 2488 0 0 262 264 263 
clause 2489 0 0 265 266 267 
clause 2490 0 0 269 268 270 
clause 2491 0 0 271 272 273 
clause 2492 0 0 274 275 276 
clause 2493 0 0 277 278 279 
clause 2494 0 0 281 280 282 
clause 2495 0 0 284 285 283 
clause 2496 0 0 288 287 286 
clause 2497 0 0 289 290 291 
clause 2498 0 0 294 292 293 
clause 2499 0 0 297 296 295 
clause 2500 0 0 300 299 298 
clause 2501 0 0 301 302 303 
clause 2502 0 0 305 306 304 
clause 2503 0 0 309 307 308 
clause 2504 0 0 310 311 312 
clause 2505 0 0 314 313 315 
clause 2506 0 0 318 317 316 
clause 2507 0 0 320 321 319 
clause 2508 0 0 324 322 323 
clause 2509 0 0 326 327 325 
clause 2510 0 0 330 328 329 
clause 2511 0 0 331 333 332 
clause 2512 0 0 335 336 334 
clause 2513 0 0 337 338 339 
clause 2514 0 0 340 341 342 
clause 2515 0 0 343 345 344 
clause 2516 0 0 348 346 347 
clause 2517 0 0 349 350 351 
clause 2518 0 0 352 354 353 
clause 2519 0 0 356 357 355 
clause 2520 0 0 358 360 359 
clause 2521 0 0 361 362 363 
clause 2522 0 0 366 365 364 
clause 2523 0 0 367 368 369 
clause 2524 0 0 370 372 371 
clause 2525 0 0 374 375 373 
clause 2526 0 0 378 377 376 
clause 2527 0 0 379 380 381 
clause 2528 0 0 384 383 382 
clause 2529 0 0 385 387 386 
clause 2530 0 0 389 390 388 
clause 2531 0 0 393 392 391 
clause 2532 0 0 396 395 394 
clause 2533 0 0 399 397 398 
clause 2534 0 0 402 400 401 
clause 2535 0 0 404 403 405 
clause 2536 0 0 407 406 408 
clause 2537 0 0 409 410 411 
clause 2538 0 0 412 413 414 
clause 2539 0 0 417 415 416 
clause 2540 0 0 418 420 419 
clause 2541 0 0 422 421 423 
clause 2542 0 0 424 425 426 
clause 2543 0 0 429 428 427 
clause 2544 0 0 430 432 431 
clause 2545 0 0 434 435 433 
clause 2546 0 0 436 437 438 
clause 2547 0 0 439 441 440 
clause 2548 0 0 444 443 442 
clause 2549 0 0 445 447 446 
clause 2550 0 0 450 449 448 
clause 2551 0 0 451 452 453 
clause 2552 0 0 456 455 454 
clause 2553 0 0 457 459 458 
clause 2554 0 0 460 461 462 
clause 2555 0 0 465 463 464 
clause 2556 0 0 466 467 468 
clause 2557 0 0 471 470 469 
clause 2558 0 0 472 474 473 
clause 2559 0 0 477 476 475 
clause 2560 0 0 479 480 478 
clause 2561 0 0 483 482 481 
clause 2562 0 0 484 486 485 
clause 2563 0 0 487 489 488 
clause 2564 0 0 490 492 491 
clause 2565 0 0 494 493 495 
clause 2566 0 0 496 498 497 
clause 2567 0 0 499 501 500 
clause 2568 0 0 504 502 503 
clause 2569 0 0 505 507 506 
clause 2570 0 0 510 509 508 
clause 2571 0 0 513 511 512 
clause 2572 0 0 515 514 516 
clause 2573 0 0 517 519 518 
clause 2574 0 0 520 522 521 
clause 2575 0 0 525 523 524 
clause 2576 0 0 528 526 527 
clause 2577 0 0 531 530 529 
clause 2578 0 0 534 533 532 
clause 2579 0 0 536 537 535 
clause 2580 0 0 538 540 539 
clause 2581 0 0 543 541 542 
clause 2582 0 0 546 544 545 
clause 2583 0 0 548 549 547 
clause 2584 0 0 550 551 552 
clause 2585 0 0 553 555 554 
clause 2586 0 0 557 556 558 
clause 2587 0 0 561 559 560 
clause 2588 0 0 563 564 562 
clause 2589 0 0 567 566 565 
clause 2590 0 0 568 570 569 
clause 2591 0 0 572 573 571 
clause 2592 0 0 575 574 576 
clause 2593 0 0 579 577 578 
clause 2594 0 0 582 581 580 
clause 2595 0 0 585 584 583 
clause 2596 0 0 587 588 586 
clause 2597 0 0 590 589 591 
clause 2598 0 0 592 594 593 
clause 2599 0 0 596 597 595 
clause 2600 0 0 598 599 600 
clause 3268 1 0 288 -3 138 91 232 432 118 276 375 175 547 285 208 203 262 241 544 577 76 500 0x1.f3b3dcp+1 11 1
clause 3113 1 0 490 302 -27 589 251 -3 217 249 261 286 88 341 584 226 545 -138 158 587 495 432 374 292 238 501 133 118 -408 0x1.41f618p+2 10 1
clause 4602 1 0 281 216 27 22 88 232 1 73 226 193 247 -43 300 40 217 0x1.de64cep+3 8 0
clause 4193 1 0 88 -517 138 329 217 500 92 226 298 125 136 271 260 281 312 1 583 193 73 595 580 568 518 188 570 0x1.3bfbbep+3 10 1
clause 2621 1 0 375 392 432 106 -312 43 125 193 494 140 73 184 554 0x1.059114p+1 9 1
clause 2722 1 0 460 577 43 473 203 73 126 106 373 490 212 284 235 388 217 393 555 46 456 384 292 586 7 243 583 262 1 0x1.21ab86p+1 9 1
clause 3118 1 0 490 -7 432 217 -3 237 243 292 249 587 140 46 495 589 584 238 487 488 78 278 0x1.42d1aep+2 9 1
clause 3549 1 0 -89 262 -505 201 400 125 204 1 6 26 217 216 284 308 88 189 570 372 232 324 120 0x1.4acc18p+2 9 1
clause 3818 1 0 300 189 46 73 193 -285 49 199 226 76 158 243 7 592 389 93 577 278 126 330 1 262 506 488 239 0x1.455eb8p+3 9 1
clause 4391 1 0 -89 147 165 1 226 -138 159 312 108 459 479 -570 217 513 48 281 298 193 73 6 21 575 574 507 33 359 0x1.800d7cp+3 9 1
clause 2816 1 0 59 31 559 360 274 210 5 206 148 583 243 384 498 -203 211 262 473 292 1 586 0x1.3dc1b8p+1 8 1
clause 2607 1 0 -312 137 55 394 212 143 238 158 242 374 407 245 548 460 46 149 457 184 193 140 217 490 43 73 337 482 106 97 0x1.04f104p+2 8 1
clause 2923 1 0 406 76 184 352 490 -78 515 193 501 409 377 553 302 316 207 84 118 241 50 88 300 488 9 582 279 465 91 548 0x1.096c56p+2 8 1
clause 3459 1 0 479 519 350 490 570 179 177 243 260 217 545 187 193 69 438 -285 125 14 0x1.315ed6p+2 8 1
clause 3493 1 0 479 490 73 91 125 46 592 9 501 372 284 217 583 216 243 193 137 570 545 226 187 103 260 14 106 -3 505 333 262 1 78 88 120 232 248 567 0x1.38c5ep+2 8 1
clause 2915 1 0 -317 352 501 406 193 76 207 184 553 35 302 409 316 515 84 0x1.5fcf56p+2 8 1
clause 3236 1 0 386 313 37 133 -91 179 292 248 226 36 507 -3 73 106 138 286 217 193 69 88 31 282 -136 222 546 490 238 -9 215 0x1.6b83bp+2 8 1
clause 3484 1 0 262 548 545 226 91 583 243 69 -377 501 592 1 78 9 217 46 490 88 125 106 73 505 -3 120 187 193 570 135 284 232 248 216 177 567 318 333 105 24 51 238 389 378 0x1.d2831ep+2 8 1
clause 4072 1 0 -293 117 312 350 22 579 226 21 328 93 1 500 299 136 138 570 18 586 0x1.171d2cp+3 8 1
clause 3739 1 0 517 15 46 252 189 159 -125 345 300 217 568 88 426 574 586 575 147 0x1.2d25c6p+3 8 1
clause 4190 1 0 281 359 518 298 99 260 88 73 193 199 138 67 329 125 -500 1 0x1.3b8304p+3 8 1
clause 3667 1 0 262 178 -91 88 284 -2 328 93 1 120 243 517 193 73 106 307 430 490 217 406 0x1.d1df18p+3 8 1
clause 4423 1 0 281 346 26 88 -118 531 108 375 340 308 595 494 249 300 478 517 217 568 0x1.29e86p+4 8 1
clause 4422 1 0 -575 108 527 458 478 88 96 595 311 249 511 300 377 517 217 568 308 281 330 0x1.2a4efp+4 8 1
clause 2679 1 0 -7 34 193 92 431 213 499 25 235 375 493 182 349 286 205 0x1.150e2ep+1 7 1
clause 2713 1 0 262 -164 1 203 284 583 133 55 351 226 211 531 546 238 291 86 500 392 46 366 0x1.1eedf2p+1 7 1
clause 2938 1 0 238 17 212 441 46 217 352 530 122 490 133 49 118 193 184 -78 301 340 236 515 375 456 166 465 275 73 106 232 226 313 337 585 589 9 99 31 577 174 421 582 5 501 37 15 138 430 180 88 27 574 0x1.67305p+1 7 1
clause 2992 1 0 439 -487 316 286 276 40 236 175 184 527 273 232 421 226 544 27 359 406 585 119 442 0x1.7cd87ap+1 7 1
clause 2604 1 0 245 374 -284 365 87 46 126 140 568 460 494 537 554 164 143 201 184 193 149 158 55 482 238 0x1.839ca8p+1 7 1
clause 3189 1 0 88 35 316 272 238 378 490 292 226 424 530 133 570 248 217 175 276 528 120 51 495 284 581 243 584 589 337 548 193 286 421 501 313 73 46 232 498 545 237 231 465 354 179 159 140 121 563 415 148 40 360 553 0x1.cd7ee4p+1 7 1
clause 3275 1 0 490 76 138 500 226 46 217 292 208 316 193 133 73 589 232 215 415 40 -3 238 241 175 91 337 375 551 362 222 421 577 88 203 262 276 -49 0x1.f7777ep+1 7 1
clause 2944 1 0 490 126 46 577 226 440 217 332 238 -376 285 99 175 569 242 237 -137 0x1.0f3d8p+2 7 1
clause 2969 1 0 450 313 7 232 99 37 284 440 226 350 126 285 212 141 241 490 133 238 530 0x1.16f35ap+2 7 1
clause 3611 1 0 281 262 570 260 1 298 387 328 -90 412 157 284 0x1.5ff77ap+2 7 1
clause 3230 1 0 37 358 31 -25 49 426 222 125 36 386 546 215 284 286 376 204 231 474 0x1.689d7p+2 7 1
clause 4061 1 0 208 430 138 468 586 198 45 -2 354 524 185 411 98 273 293 91 165 280 426 500 312 247 87 323 77 232 40 432 193 229 216 0x1.14796ep+3 7 1
clause 4150 1 0 483 443 225 158 519 215 261 390 376 300 209 249 321 480 280 -251 387 491 364 18 217 570 0x1.2dc4a6p+3 7 1
clause 3873 1 0 46 -577 93 193 217 121 140 389 315 376 106 49 6 251 73 490 -76 374 0x1.571666p+3 7 1
clause 3229 1 0 568 37 69 217 193 118 -27 299 88 215 358 286 507 248 282 36 250 0x1.6aac26p+3 7 1
clause 4073 1 0 262 21 18 46 431 1 312 138 586 45 576 -292 0x1.17ac58p+4 7 1
clause 4506 1 0 249 505 377 58 216 27 301 330 226 359 217 340 281 88 367 595 261 73 478 300 568 106 263 247 0x1.434534p+4 7 1
clause 4286 1 0 281 58 462 40 -158 469 454 543 492 595 259 88 67 519 31 196 193 73 312 387 506 252 333 570 226 328 22 1 15 0x1.5a88acp+4 7 1
clause 4496 1 0 88 249 226 -9 6 136 299 159 106 -51 595 479 261 93 251 73 263 217 568 330 281 214 376 0x1.ab3c26p+4 7 1
clause 4479 1 0 367 330 359 179 280 215 377 58 505 226 491 217 27 340 281 88 301 0x1.091a22p+5 7 1
clause 2670 1 0 207 -119 43 117 106 73 391 210 164 572 55 408 0x1.9bdb92p+1 6 1
clause 2653 1 0 106 284 43 125 212 158 242 97 73 -493 555 393 577 432 0x1.9e200ep+1 6 1
clause 3117 1 0 368 -228 545 506 284 251 300 124 261 360 60 0x1.ad6ba6p+1 6 1
clause 2783 1 0 142 417 389 133 -474 422 583 6 262 1 26 0x1.ce3c8ep+1 6 1
clause 2809 1 0 301 577 235 586 25 137 292 375 149 383 274 360 158 262 204 1 583 0x1.da426ap+1 6 1
clause 3251 1 0 407 584 28 299 235 430 -208 316 118 37 568 217 193 69 358 250 88 248 215 499 287 26 372 589 352 496 39 0x1.eb077cp+1 6 1
clause 2846 1 0 180 490 99 8 212 -545 133 77 352 58 585 589 88 236 549 300 238 507 27 496 126 286 37 328 0x1.f25cc8p+1 6 1
clause 2885 1 0 449 516 -284 311 166 340 463 88 232 425 301 258 99 368 462 126 0x1.ff6248p+1 6 1
clause 2916 1 0 -318 582 490 9 88 409 488 241 352 279 300 406 49 465 0x1.08fc22p+2 6 1
clause 2906 1 0 35 490 236 73 549 193 545 106 440 68 582 166 530 232 174 363 257 226 7 133 212 5 310 29 421 577 275 504 175 141 37 0x1.1075c2p+2 6 1
clause 3412 1 0 88 592 326 6 193 226 46 440 354 545 86 232 73 356 579 362 217 62 490 157 377 278 -93 285 7 242 212 262 1 0x1.210122p+2 6 1
clause 3046 1 0 88 180 97 106 250 298 251 73 193 212 284 120 217 576 133 570 406 457 148 389 490 68 0x1.2db2aap+2 6 1
clause 3482 1 0 581 378 51 232 439 567 105 318 177 372 389 -333 490 217 0x1.37383ep+2 6 1
clause 2629 1 0 284 -494 73 43 125 242 106 312 365 25 0x1.bcaebap+3 6 1
clause 3619 1 0 487 -189 298 46 73 259 78 106 9 592 308 249 120 1 262 412 217 179 340 570 431 88 329 0x1.6438ep+2 6 1
clause 3679 1 0 499 413 138 49 73 238 592 490 299 576 574 217 376 214 284 -2 211 124 568 328 193 0x1.78ef3cp+2 6 1
clause 3277 1 0 241 325 133 547 175 166 574 284 226 276 589 -208 316 581 430 232 465 528 584 88 138 337 76 91 215 355 26 0x1.7b3e8ap+2 6 1
clause 3716 1 0 76 577 242 187 -9 73 106 568 592 364 147 549 0x1.87264ap+2 6 1
clause 3022 1 0 -16 354 243 589 251 140 585 337 275 217 312 0x1.875dd6p+2 6 1
clause 3403 1 0 88 354 570 377 136 125 362 25 46 217 545 86 490 239 -6 356 247 120 388 278 147 106 73 592 547 583 262 62 501 1 314 0x1.b05bf6p+2 6 1
clause 3438 1 0 262 88 1 570 583 362 252 333 519 566 226 120 247 574 406 459 239 136 177 428 -251 373 528 465 229 106 232 73 592 135 545 125 0x1.bebadap+2 6 1
clause 3175 1 0 409 248 530 51 88 292 231 181 133 226 389 378 176 570 424 495 217 272 490 528 120 238 121 284 581 243 584 589 237 548 193 286 421 501 313 73 46 232 0x1.cc1fb2p+2 6 1
clause 3173 1 0 424 490 570 176 545 121 217 231 88 272 339 292 226 389 530 354 528 276 120 57 155 51 238 406 378 284 133 581 0x1.d8071cp+2 6 1
clause 3604 1 0 -90 262 570 387 298 1 478 178 284 251 473 412 576 261 0x1.06a8a8p+3 6 1
clause 4055 1 0 45 411 359 185 98 430 273 -196 -2 293 500 165 586 208 280 0x1.12f52p+3 6 1
clause 3436 1 0 367 88 179 259 506 566 519 252 570 333 226 328 505 0x1.3f246cp+3 6 1
clause 2900 1 0 -591 490 212 174 226 133 421 232 99 31 217 577 184 166 138 582 238 5 501 530 37 15 7 430 585 180 88 589 27 574 193 275 337 0x1.3f60d6p+3 6 1
clause 4232 1 0 505 369 -2 97 578 226 187 108 430 251 307 444 58 25 328 374 555 44 304 73 214 494 77 193 252 570 0x1.4767dp+3 6 1
clause 4238 1 0 301 126 -2 223 570 505 413 97 517 217 44 340 220 281 576 187 458 73 25 193 88 226 304 578 444 77 595 178 40 359 168 580 432 0x1.498ab2p+3 6 1
clause 4244 1 0 492 505 432 159 -2 204 300 595 229 262 23 0x1.4bb12ap+3 6 1
clause 4250 1 0 -124 183 570 40 16 387 223 206 193 543 209 15 197 217 587 304 396 159 312 0x1.c4db1p+4 6 1
clause 4252 1 0 543 188 73 165 206 193 312 587 197 223 209 15 40 16 300 -158 304 183 387 0x1.71b93cp+5 6 1
clause 4263 1 0 281 26 179 88 519 304 59 180 216 413 0x1.247f4p+4 6 1
clause 4265 1 0 519 88 26 494 595 59 574 260 366 217 -387 0x1.bd3f48p+4 4 0
clause 4266 1 0 396 -261 26 494 312 59 595 366 88 0x1.92f222p+5 4 0
clause 4289 1 0 281 -462 88 217 -568 -138 300 387 519 0x1.5b50ap+3 6 1
clause 3882 1 0 -491 118 73 -176 165 294 592 422 46 272 16 284 318 498 30 232 331 217 -378 0x1.5b5a2ep+3 6 1
clause 3887 1 0 456 -219 31 69 117 22 360 193 398 581 200 349 251 0x1.5ca03cp+3 6 1
clause 3374 1 0 -17 137 273 579 226 313 545 158 5 501 149 531 332 592 176 139 375 0x1.613a08p+3 6 1
clause 4301 1 0 -348 -280 -312 226 586 78 -3 299 88 97 570 92 251 329 576 301 260 340 217 579 595 281 507 460 0x1.614818p+3 6 1
clause 4310 1 0 -519 88 307 369 25 249 223 348 479 301 260 340 0x1.622816p+3 6 1
clause 4308 1 0 517 348 214 340 395 360 73 217 507 301 -312 307 595 88 570 281 178 226 159 -3 220 0x1.628386p+3 6 1
clause 4312 1 0 479 249 535 78 92 348 501 307 443 460 223 385 301 217 340 517 88 369 25 260 487 0x1.62b038p+3 6 1
clause 4313 1 0 535 340 126 78 307 25 595 88 214 348 301 108 385 223 217 249 517 226 507 570 281 159 501 0x1.63662ep+3 6 1
clause 3915 1 0 328 88 247 -570 369 1 204 262 507 299 98 150 0x1.6702c6p+3 6 1
clause 4321 1 0 -347 301 217 214 204 474 40 576 495 366 487 324 413 360 73 193 201 405 340 517 304 443 307 564 0x1.680f1ep+3 6 1
clause 4328 1 0 -476 204 474 347 78 220 430 118 210 576 385 564 217 214 398 301 517 304 340 0x1.6897a6p+3 6 1
clause 4294 1 0 281 88 570 217 -138 40 193 73 226 1 330 232 0x1.69000ep+3 6 1
clause 4330 1 0 517 340 307 204 217 564 252 201 430 413 73 193 347 579 78 220 474 23 507 214 301 304 576 324 443 586 -406 405 -185 495 0x1.69ad48p+3 6 1
clause 4333 1 0 517 340 217 204 307 23 476 413 430 73 193 201 252 579 507 576 324 443 301 405 -185 0x1.6a382ap+3 6 1
clause 4334 1 0 517 301 307 217 252 201 405 304 340 495 23 324 430 214 413 579 73 193 586 507 576 443 487 78 220 564 188 369 -3 360 178 88 40 366 0x1.6a94fcp+3 6 1
clause 4337 1 0 -443 592 69 185 561 405 73 201 554 193 107 360 366 58 307 0x1.6bdaap+3 6 1
clause 4316 1 0 281 88 226 15 159 73 193 217 507 570 -312 595 78 579 360 -280 329 1 0x1.6cdfe8p+3 6 1
clause 4342 1 0 281 307 217 15 -189 312 73 1 78 517 88 40 576 232 193 360 579 237 405 214 178 159 507 226 430 0x1.719096p+3 6 1
clause 4353 1 0 477 -158 342 193 15 298 312 576 99 595 27 88 1 44 107 0x1.71e922p+3 6 1
clause 4356 1 0 477 -412 214 88 298 -310 342 78 15 159 193 44 576 125 107 595 1 58 364 0x1.72d63cp+3 6 1
clause 4359 1 0 88 178 232 298 570 137 73 189 360 595 312 185 201 328 413 214 44 405 198 342 159 193 15 307 261 217 281 576 0x1.73c3f2p+3 6 1
clause 4360 1 0 88 189 226 570 159 307 507 15 312 595 1 178 232 328 137 73 360 413 214 405 193 217 281 576 78 517 0x1.74e252p+3 6 1
clause 4362 1 0 512 88 159 488 311 442 185 146 249 554 78 73 583 364 47 261 345 570 217 281 576 189 307 1 473 107 312 0x1.7541aep+3 6 1
clause 3958 1 0 575 592 217 93 43 360 25 584 78 88 251 587 73 329 283 527 555 215 373 -157 490 377 0x1.758a84p+3 6 1
clause 4377 1 0 517 541 73 189 85 -251 40 223 342 210 458 303 16 466 217 0x1.7ab5f4p+3 6 1
clause 4381 1 0 199 126 73 43 193 359 159 -311 136 19 0x1.618268p+4 6 1
clause 3690 1 0 444 -407 490 230 217 487 385 527 413 307 0x1.7df74cp+3 6 1
clause 3684 1 0 517 88 298 106 217 27 -2 527 307 178 479 569 328 0x1.7eee3ep+3 6 1
clause 4418 1 0 -7 432 541 -587 494 223 40 321 358 236 193 138 79 158 25 393 160 511 526 212 0x1.8a5f06p+3 6 1
clause 4436 1 0 -574 301 -278 315 340 500 242 165 208 492 494 367 26 226 473 505 203 330 0x1.91bd24p+3 6 1
clause 4438 1 0 367 -574 301 315 -278 340 165 479 242 119 494 500 26 226 473 203 330 247 595 88 300 478 517 217 568 0x1.92579p+3 6 1
clause 4440 1 0 281 534 93 249 8 26 474 179 77 345 503 460 308 312 586 -2 0x1.938d48p+3 6 1
clause 4443 1 0 281 145 -2 340 -479 93 8 88 157 77 96 377 460 586 -311 60 261 0x1.976b1ep+3 6 1
clause 4439 1 0 281 393 340 88 301 568 300 226 330 595 60 217 93 -2 261 73 108 126 96 220 311 40 165 252 189 444 569 193 138 158 232 157 136 586 0x1.98ad12p+3 6 1
clause 4459 1 0 -311 88 73 193 -278 158 586 165 -2 340 217 138 93 261 301 145 460 60 252 97 226 189 300 330 568 281 157 136 595 444 40 393 96 0x1.9cbe7ap+3 6 1
clause 4467 1 0 9 -251 586 165 390 1 73 193 138 -91 125 314 5 578 549 278 491 189 217 0x1.9e2fd2p+3 6 1
clause 4365 1 0 281 88 217 570 40 1 73 193 226 232 136 0x1.a2ac82p+3 6 1
clause 4478 1 0 281 353 179 -406 304 217 593 531 88 343 340 532 119 220 0x1.a3666ap+3 6 1
clause 4483 1 0 88 479 91 126 106 158 595 73 -27 76 93 217 568 549 249 261 58 0x1.a5b6f8p+3 6 1
clause 4054 1 0 487 571 93 226 193 98 505 273 586 87 116 574 19 578 -2 139 45 138 -18 280 330 46 293 0x1.a73ff8p+3 6 1
clause 4489 1 0 511 289 430 -51 373 178 136 193 426 155 99 450 47 163 365 73 -108 61 0x1.a79dd8p+3 6 1
clause 3794 1 0 563 58 283 364 94 106 -89 432 126 309 1 26 262 387 412 298 -242 239 249 0x1.a82bdep+3 6 1
clause 4504 1 0 126 86 432 312 16 494 159 136 209 40 304 487 340 473 1 354 47 157 0x1.adce84p+3 6 1
clause 3734 1 0 310 -107 495 46 592 -3 575 577 16 73 202 0x1.ae03ccp+3 6 1
clause 4518 1 0 -24 509 -9 84 354 4 35 316 594 1 498 271 579 94 492 40 388 51 274 370 249 -77 397 232 455 116 323 0x1.b3de9p+3 6 1
clause 4524 1 0 84 -145 -27 323 1 139 452 354 331 403 391 67 372 -280 513 320 264 479 311 180 330 0x1.b67e68p+3 6 1
clause 4469 1 0 281 -366 136 1 73 193 217 88 226 40 232 0x1.b72b7ep+3 6 1
clause 4543 1 0 76 44 -9 500 158 243 164 47 136 388 0x1.bee8b8p+3 6 1
clause 4542 1 0 -324 548 312 29 158 76 126 136 350 117 232 398 454 0x1.bf222ep+3 6 1
clause 4550 1 0 59 310 432 193 387 26 -43 346 9 1 138 359 32 305 309 158 17 47 164 0x1.c32dd6p+3 6 1
clause 4554 1 0 88 -58 158 493 298 14 193 506 217 359 -570 595 164 310 138 554 47 502 118 488 387 432 1 346 26 309 0x1.c414b8p+3 6 1
clause 4556 1 0 502 88 193 298 47 -570 17 136 217 164 595 432 387 1 309 59 73 199 32 -215 300 413 249 340 107 560 140 388 454 322 232 67 145 0x1.c4c27ep+3 6 1
clause 4541 1 0 281 88 251 40 1 136 226 73 217 232 193 0x1.c6a96ap+3 6 1
clause 4562 1 0 180 120 159 249 505 126 226 27 181 487 216 406 298 478 595 88 247 0x1.c77c6p+3 6 1
clause 4567 1 0 499 351 1 554 67 159 507 330 22 199 193 196 15 73 0x1.c9c526p+3 6 1
clause 4557 1 0 281 88 136 193 -570 164 17 298 492 -517 595 1 59 73 199 387 107 140 454 322 232 67 0x1.ca4234p+3 6 1
clause 4570 1 0 152 88 595 298 -506 32 22 0x1.cb6048p+3 6 1
clause 4568 1 0 434 199 93 193 88 136 67 330 1 22 73 360 298 595 554 -249 118 0x1.cbd6e2p+3 6 1
clause 4572 1 0 -200 22 126 261 595 159 505 88 32 298 392 554 73 193 0x1.cc4bd6p+3 6 1
clause 4574 1 0 281 -328 226 126 88 199 27 73 193 249 554 298 67 360 595 164 434 261 22 392 93 136 0x1.cd37dcp+3 6 1
clause 4575 1 0 88 140 99 1 126 560 445 454 136 232 -299 183 37 22 290 86 31 48 492 319 595 0x1.cd72e4p+3 6 1
clause 4576 1 0 281 88 360 595 136 27 199 73 193 554 164 330 261 298 434 1 140 454 126 232 22 492 392 67 226 93 107 17 478 367 387 449 0x1.ce9af6p+3 6 1
clause 4579 1 0 199 291 93 115 495 -300 182 193 67 -75 22 27 84 309 1 281 501 453 561 31 145 595 98 261 88 506 0x1.cf4c9ap+3 6 1
clause 4585 1 0 300 126 232 104 505 531 376 -278 285 99 350 22 226 62 549 9 118 0x1.d2527ap+3 6 1
clause 4592 1 0 -197 349 283 373 241 27 193 -2 44 98 586 -136 0x1.de1afp+4 6 1
clause 4147 1 0 281 262 595 570 217 88 -300 0x1.ddc644p+5 4 0
clause 4212 1 0 -329 220 203 473 570 217 126 505 251 413 0x1.e4340cp+3 6 1
clause 4257 1 0 487 494 26 312 216 92 351 413 193 304 197 583 -181 0x1.f878f6p+3 6 1
clause 3997 1 0 -312 117 118 546 106 283 73 351 592 0x1.050adcp+4 6 1
clause 4319 1 0 -81 60 27 73 193 360 495 201 340 301 405 476 0x1.0c49dcp+4 6 1
clause 4114 1 0 180 444 280 490 185 88 -44 251 212 126 217 414 97 25 31 226 300 576 569 578 138 15 196 165 588 0x1.246866p+4 6 1
clause 4376 1 0 88 21 359 243 193 293 569 -48 217 555 298 44 595 0x1.2e0e18p+4 6 1
clause 3591 1 0 262 178 212 1 -299 284 570 251 480 261 0x1.36fafp+4 6 1
clause 4472 1 0 281 278 88 217 -479 583 549 263 352 241 106 595 0x1.38c592p+4 6 1
clause 4437 1 0 -576 300 108 261 311 -2 73 595 88 126 60 93 0x1.c65716p+5 3 0
clause 4345 1 0 281 -443 366 159 261 570 217 88 576 189 307 0x1.720404p+4 6 1
clause 3573 1 0 -408 479 88 249 217 517 487 385 0x1.295e52p+5 6 1
clause 3043 1 0 281 60 187 158 88 -138 217 259 250 328 300 0x1.36684cp+5 6 1
clause 4405 1 0 88 261 60 212 108 27 -310 300 263 73 595 93 126 0x1.39c1e4p+5 6 1
clause 4421 1 0 479 406 249 478 568 88 517 217 300 0x1.2dca7ep+6 3 0
clause 2610 1 0 449 -8 93 401 140 242 426 0x1.0250c8p+0 5 1
clause 2676 1 0 408 530 182 210 123 -175 238 35 295 55 465 155 274 545 292 120 0x1.13f2dep+0 5 1
clause 2966 1 0 -317 444 528 270 370 53 70 464 148 409 0x1.70d6c4p+0 5 1
clause 3007 1 0 -175 57 342 531 88 464 12 259 303 368 295 0x1.804894p+0 5 1
clause 3076 1 0 396 -458 569 507 298 564 537 249 461 576 88 280 180 0x1.9bbfdep+0 5 1
clause 2626 1 0 143 392 226 172 300 365 97 -555 380 421 201 193 369 0x1.069d86p+1 5 1
clause 3345 1 0 490 -243 26 283 238 215 388 0x1.0d748ep+1 5 1
clause 2695 1 0 575 -373 493 311 235 226 159 138 207 284 25 546 300 97 431 554 0x1.1986b4p+1 5 1
clause 2702 1 0 -546 106 43 73 284 383 394 553 175 97 575 457 0x1.1b813ap+1 5 1
clause 2697 1 0 575 133 431 31 213 106 226 243 581 577 55 159 235 274 73 6 246 13 193 25 232 493 88 284 457 292 43 97 460 238 150 167 499 408 46 490 184 179 272 172 217 0x1.1ba70ap+1 5 1
clause 2700 1 0 238 577 -284 243 213 499 150 226 235 55 408 6 133 0x1.1c1378p+1 5 1
clause 2707 1 0 256 106 43 97 73 163 -373 46 388 554 150 384 0x1.1cc8b2p+1 5 1
clause 2709 1 0 349 106 43 46 499 -555 73 163 246 484 443 184 193 0x1.1d5ab8p+1 5 1
clause 2712 1 0 262 -213 93 7 583 406 1 119 0x1.1e365p+1 5 1
clause 3408 1 0 214 454 287 332 -328 251 31 304 35 39 187 360 570 0x1.1efc76p+1 5 1
clause 3414 1 0 163 291 73 223 -389 40 193 554 106 86 46 100 0x1.20b6d2p+1 5 1
clause 2741 1 0 273 98 232 473 286 546 -588 285 292 351 -137 203 274 0x1.2714c8p+1 5 1
clause 2743 1 0 245 65 546 77 285 371 460 295 9 126 313 238 226 351 -37 55 582 337 31 273 359 0x1.27604ap+1 5 1
clause 2770 1 0 -452 443 365 360 39 164 393 87 46 80 246 140 498 0x1.2f9db6p+1 5 1
clause 2775 1 0 -6 577 46 80 139 174 87 421 27 242 485 164 0x1.314aa8p+1 5 1
clause 2776 1 0 55 -578 46 226 501 393 87 295 290 116 313 164 365 544 485 27 80 242 212 139 375 0x1.3171b2p+1 5 1
clause 2788 1 0 -422 410 586 303 6 133 223 292 577 416 80 125 290 242 54 87 238 209 468 202 55 129 460 393 524 561 0x1.34d2eep+1 5 1
clause 2798 1 0 129 183 27 -494 85 235 163 46 430 0x1.3815ep+1 5 1
clause 2821 1 0 137 46 -15 124 292 379 173 460 336 163 586 290 272 0x1.3f82ap+1 5 1
clause 2823 1 0 504 354 468 46 -126 284 368 226 103 243 408 350 460 0x1.3fd46cp+1 5 1
clause 2872 1 0 88 57 552 175 340 39 301 589 286 -49 -544 276 232 236 363 460 490 217 220 557 261 549 571 295 152 133 489 300 189 252 0x1.50be2p+1 5 1
clause 2876 1 0 -590 39 518 273 217 276 569 300 232 507 445 434 454 0x1.513f36p+1 5 1
clause 2877 1 0 152 126 44 -103 39 434 273 217 236 232 589 295 276 585 176 198 193 571 77 301 490 18 141 46 549 226 500 313 133 340 212 300 0x1.5243p+1 5 1
clause 2879 1 0 -591 300 98 119 375 198 123 -2 295 571 350 156 193 464 507 44 236 0x1.526e1ap+1 5 1
clause 2898 1 0 434 126 282 545 31 217 496 568 358 276 -283 141 0x1.58c09cp+1 5 1
clause 3593 1 0 272 429 208 -313 431 231 27 293 165 288 586 6 501 0x1.5956cap+1 5 1
clause 2902 1 0 504 409 166 -233 463 144 454 174 421 415 0x1.5a2286p+1 5 1
clause 2904 1 0 -234 549 363 29 582 370 49 376 490 316 352 440 0x1.5b0078p+1 5 1
clause 2905 1 0 35 316 236 257 560 155 -28 286 411 68 352 549 0x1.5b2ce2p+1 5 1
clause 3633 1 0 581 -3 31 -227 329 505 97 360 350 310 546 0x1.677094p+1 5 1
clause 2947 1 0 480 -136 359 237 280 430 180 261 59 0x1.6a4192p+1 5 1
clause 2961 1 0 126 -569 91 285 118 589 316 275 238 585 70 527 352 0x1.6fbbf8p+1 5 1
clause 2962 1 0 352 316 388 46 -487 70 88 527 466 300 361 490 569 17 217 550 0x1.6feafep+1 5 1
clause 2970 1 0 450 188 126 7 141 133 569 154 226 440 99 -284 313 212 0x1.72b05ap+1 5 1
clause 3687 1 0 -385 407 138 430 156 15 220 350 413 573 424 0x1.7b64b4p+1 5 1
clause 3008 1 0 -90 517 259 217 298 250 187 0x1.80dc58p+1 5 1
clause 3010 1 0 -89 276 280 -2 286 476 249 250 217 180 223 187 328 259 298 0x1.81a1aep+1 5 1
clause 3012 1 0 -43 305 215 201 193 562 413 -219 458 222 311 18 281 342 518 0x1.8298f6p+1 5 1
clause 3019 1 0 9 46 298 7 260 88 276 217 313 549 226 141 77 212 133 286 342 500 18 569 490 91 0x1.855086p+1 5 1
clause 3020 1 0 120 489 -9 212 133 91 238 313 226 0x1.85825ap+1 5 1
clause 3024 1 0 337 321 589 574 498 118 407 275 527 387 512 -396 0x1.871236p+1 5 1
clause 3028 1 0 433 374 212 354 430 -396 102 562 328 589 530 280 337 275 574 0x1.890862p+1 5 1
clause 2628 1 0 -393 295 125 576 571 238 337 55 312 460 143 0x1.8bf744p+1 5 1
clause 3036 1 0 490 548 -211 279 133 585 238 140 217 337 242 589 275 -250 17 442 226 574 88 298 374 78 212 421 5 174 46 124 0x1.8c63cap+1 5 1
clause 3053 1 0 -219 69 176 80 323 104 490 168 582 331 390 0x1.929586p+1 5 1
clause 3078 1 0 -213 573 93 226 116 164 25 373 284 241 499 133 76 97 5 126 432 577 156 0x1.9cc7dcp+1 5 1
clause 3089 1 0 21 568 -390 242 164 365 396 457 87 358 25 46 92 76 217 197 490 0x1.a15942p+1 5 1
clause 3079 1 0 490 284 43 212 432 238 226 106 184 97 25 5 577 73 133 457 576 193 217 180 88 585 292 273 46 499 589 13 158 223 232 168 582 31 0x1.a2016cp+1 5 1
clause 3090 1 0 88 490 217 589 133 46 180 576 226 193 232 25 238 585 212 577 432 396 499 273 184 457 168 582 5 -284 97 43 13 73 158 106 0x1.a44a68p+1 5 1
clause 3100 1 0 536 237 138 495 136 193 432 149 223 577 554 184 159 0x1.a62dbp+1 5 1
clause 3099 1 0 238 577 73 312 193 43 432 125 97 576 242 106 13 46 390 25 184 536 133 489 88 585 495 223 545 226 499 -2 180 490 31 582 589 40 273 232 285 217 17 0x1.a62ddap+1 5 1
clause 3102 1 0 96 149 432 106 43 73 133 482 159 462 164 226 495 545 536 212 13 577 184 193 223 237 97 125 158 0x1.a6cff8p+1 5 1
clause 3127 1 0 120 306 -430 360 341 221 10 60 414 286 589 442 272 519 148 25 237 282 374 495 0x1.b1bd0ap+1 5 1
clause 2832 1 0 262 490 217 133 1 -589 46 184 226 31 577 40 232 292 106 73 238 193 88 0x1.b24374p+1 5 1
clause 3121 1 0 -350 45 360 73 205 163 181 193 106 60 0x1.3ed2d6p+4 5 1
clause 3149 1 0 581 573 92 463 278 8 295 -118 56 166 0x1.bb9d08p+1 5 1
clause 3163 1 0 15 104 497 -277 224 140 292 159 272 530 290 28 586 500 117 176 445 232 166 313 515 548 53 8 0x1.c16ba6p+1 5 1
clause 3170 1 0 272 316 257 286 589 231 84 424 333 354 468 -545 421 456 105 0x1.c4944p+1 5 1
clause 3186 1 0 533 -459 510 337 539 415 563 0x1.cc1cdp+1 5 1
clause 2781 1 0 541 225 138 26 -472 235 360 40 205 58 0x1.b52b4p+4 5 1
clause 2762 1 0 149 368 -373 184 260 88 555 561 180 80 0x1.cf2554p+1 5 1
clause 3164 1 0 490 106 -3 589 73 232 184 133 46 292 548 432 140 272 295 226 374 217 238 584 15 581 193 31 313 286 179 88 421 0x1.d045bcp+1 5 1
clause 3205 1 0 132 -50 28 461 389 15 232 354 548 257 269 587 275 313 204 133 226 78 474 -9 421 272 295 463 372 526 40 490 581 176 231 357 376 0x1.d52d7cp+1 5 1
clause 3201 1 0 9 490 226 232 530 121 313 284 15 133 589 238 88 231 217 272 292 581 584 286 548 140 148 46 31 495 193 421 73 295 282 179 159 40 553 278 8 0x1.d8c04p+1 5 1
clause 3218 1 0 39 167 360 31 -287 421 581 272 453 0x1.dad816p+1 5 1
clause 2643 1 0 576 396 -493 386 87 164 46 432 457 0x1.db3f18p+1 5 1
clause 3215 1 0 490 530 -9 46 40 -3 15 231 49 376 498 292 548 140 226 73 106 284 313 495 193 553 133 272 286 589 584 217 232 421 295 463 526 581 31 179 121 0x1.dc0ab4p+1 5 1
clause 2825 1 0 15 530 -137 498 139 546 103 1 577 211 0x1.e5aa74p+1 5 1
clause 3256 1 0 -243 125 303 279 193 238 289 375 490 184 133 235 49 61 -208 581 46 -3 0x1.ef3a46p+1 5 1
clause 2856 1 0 352 549 -49 220 24 557 316 567 0x1.f21818p+1 5 1
clause 3281 1 0 208 284 493 215 -27 388 175 378 236 430 242 0x1.f9bcd6p+1 5 1
clause 3265 1 0 184 581 -91 490 -3 588 133 215 589 226 193 232 238 303 292 46 584 217 88 272 138 222 179 342 577 73 106 31 0x1.fce95ep+1 5 1
clause 3309 1 0 490 -78 388 11 238 43 284 25 378 215 217 374 584 577 73 51 46 431 193 313 499 226 91 103 544 6 0x1.040d88p+2 5 1
clause 3313 1 0 62 -3 138 46 589 238 501 570 292 313 358 235 588 73 125 284 530 217 468 389 490 -376 0x1.05187ep+2 5 1
clause 3315 1 0 490 76 93 577 243 -389 213 39 238 248 581 133 0x1.060316p+2 5 1
clause 3316 1 0 490 -7 93 213 377 243 389 238 0x1.062496p+2 5 1
clause 3320 1 0 275 -283 69 98 316 84 548 430 281 235 330 507 568 175 125 546 0x1.06ee4p+2 5 1
clause 3310 1 0 88 76 217 589 577 226 184 490 133 292 215 73 46 193 106 31 238 40 232 -3 262 0x1.0714p+2 5 1
clause 3314 1 0 76 46 138 -3 73 292 106 238 -93 377 589 584 217 490 222 26 588 0x1.07998cp+2 5 1
clause 2850 1 0 456 -283 97 300 490 216 576 567 507 217 317 25 370 388 77 8 126 212 0x1.08967ap+2 5 1
clause 3330 1 0 281 133 76 -3 184 106 73 179 193 238 232 303 490 26 217 589 226 500 272 292 588 222 46 377 138 287 88 342 577 581 248 93 0x1.09b51ep+2 5 1
clause 2929 1 0 -375 49 212 71 133 341 530 278 302 515 0x1.0b0574p+2 5 1
clause 2931 1 0 269 396 106 -122 156 459 461 564 145 116 0x1.0c17fcp+2 5 1
clause 3341 1 0 88 272 236 242 232 141 133 292 29 124 353 298 463 589 389 247 215 588 -3 179 175 430 121 281 226 78 315 569 46 584 217 490 91 526 581 500 303 362 551 138 342 0x1.0cc85p+2 5 1
clause 3342 1 0 490 -390 518 217 175 342 0x1.0ceab2p+2 5 1
clause 3347 1 0 149 276 78 390 226 442 133 584 544 217 490 531 176 283 103 455 353 291 589 141 71 581 388 0x1.0e2152p+2 5 1
clause 3349 1 0 88 -242 213 91 342 7 238 499 179 -175 217 490 287 25 0x1.0f7c8cp+2 5 1
clause 2865 1 0 490 -252 126 545 175 285 388 217 569 0x1.0fb0d4p+2 5 1
clause 3365 1 0 520 88 433 462 532 511 526 478 18 518 386 -295 407 489 120 57 0x1.1309fcp+2 5 1
clause 2761 1 0 262 -3 203 432 375 583 285 242 0x1.131c2ap+2 5 1
clause 2896 1 0 126 184 -284 553 99 81 241 140 0x1.137c38p+2 5 1
clause 3373 1 0 592 -578 332 293 251 375 545 176 139 149 531 0x1.153fcep+2 5 1
clause 3407 1 0 -197 66 226 360 39 505 350 193 545 0x1.1f214ep+2 5 1
clause 3413 1 0 490 -299 193 377 362 291 25 46 545 86 120 214 247 88 0x1.21260ep+2 5 1
clause 3422 1 0 -579 252 193 5 46 314 86 545 73 136 242 425 273 531 -390 139 592 0x1.23c398p+2 5 1
clause 3445 1 0 -543 592 355 362 106 73 121 239 510 551 40 532 0x1.29f546p+2 5 1
clause 3433 1 0 465 -135 570 125 252 387 232 96 547 17 355 583 428 106 325 425 467 226 86 333 545 73 529 592 0x1.29fb3cp+2 5 1
clause 3450 1 0 -200 425 232 329 105 226 467 455 23 177 325 135 86 592 73 0x1.2bc0ap+2 5 1
clause 3453 1 0 -250 120 562 226 25 177 545 247 86 106 232 88 239 201 325 467 592 73 135 355 425 551 40 362 193 324 529 17 333 570 0x1.2cf47ep+2 5 1
clause 2646 1 0 92 251 242 212 284 158 -375 577 97 0x1.2d3622p+2 5 1
clause 3456 1 0 -372 262 583 328 294 259 120 312 1 88 519 247 159 498 0x1.2d68p+2 5 1
clause 3476 1 0 9 315 6 579 284 -135 592 213 545 0x1.33ce72p+2 5 1
clause 4172 1 0 337 414 329 14 158 570 222 217 125 359 576 196 565 236 231 507 16 -202 271 387 0x1.342ce8p+2 5 1
clause 3483 1 0 567 24 232 333 -103 69 30 0x1.358118p+2 5 1
clause 3084 1 0 46 396 -165 358 365 424 87 457 197 25 21 0x1.383afp+2 5 1
clause 3496 1 0 490 581 232 179 177 408 277 -333 217 545 243 284 372 479 260 567 187 193 570 99 125 14 318 501 330 73 106 -3 0x1.39decep+2 5 1
clause 3519 1 0 -360 137 530 204 430 68 372 589 501 586 498 159 0x1.40daeep+2 5 1
clause 2828 1 0 281 81 138 -2 211 360 583 497 577 38 274 292 586 273 546 262 0x1.4266cep+2 5 1
clause 3535 1 0 455 68 566 -80 561 428 287 6 324 372 0x1.460864p+2 5 1
clause 3092 1 0 106 -91 43 495 73 242 189 570 165 25 0x1.49bb5p+2 5 1
clause 3552 1 0 9 135 518 125 -568 137 158 260 241 212 0x1.4ba024p+2 5 1
clause 3142 1 0 57 -25 589 498 120 286 248 210 0x1.4e5facp+2 5 1
clause 3562 1 0 260 79 217 570 137 189 299 -2 -412 9 94 135 324 241 366 216 26 204 419 0x1.4ef5cap+2 5 1
clause 3458 1 0 -93 490 1 46 226 106 232 73 -284 40 193 592 217 88 262 0x1.4f4f68p+2 5 1
clause 3564 1 0 262 -179 412 485 26 204 469 1 429 386 185 94 0x1.4fcc92p+2 5 1
clause 3589 1 0 262 284 280 212 1 158 178 -569 328 0x1.5a0978p+2 5 1
clause 3185 1 0 -383 407 344 528 584 148 131 488 533 0x1.5a2046p+2 5 1
clause 3101 1 0 -375 482 226 545 -14 212 133 149 0x1.608cecp+2 5 1
clause 3567 1 0 490 501 1 570 46 40 226 106 232 217 91 9 73 -249 193 88 284 262 31 243 0x1.60b12ap+2 5 1
clause 3603 1 0 262 490 217 226 570 78 -412 88 91 120 9 249 1 284 501 243 592 73 106 193 40 46 0x1.66dcaep+2 5 1
clause 3637 1 0 310 106 -328 459 73 46 16 58 360 45 25 575 0x1.690fcep+2 5 1
clause 3635 1 0 -387 412 16 46 304 378 425 220 215 51 0x1.691016p+2 5 1
clause 3618 1 0 -93 -487 592 249 217 73 262 106 1 412 226 284 88 490 193 0x1.697fc8p+2 5 1
clause 4336 1 0 -444 265 321 129 483 225 10 152 367 438 503 171 307 0x1.6b206p+2 5 1
clause 3644 1 0 -576 214 304 179 385 328 412 0x1.d834ecp+4 3 0
clause 3640 1 0 106 412 193 -211 46 284 226 91 73 217 9 487 78 570 179 262 501 592 88 490 243 120 249 0x1.6bc928p+2 5 1
clause 3643 1 0 575 120 179 412 217 249 9 304 78 284 487 211 1 -328 157 570 88 0x1.f40f26p+5 5 1
clause 3648 1 0 490 412 211 -3 -568 304 249 179 217 284 505 226 243 584 487 120 88 78 9 157 0x1.6d3d7ap+2 5 1
clause 3649 1 0 -215 490 260 226 150 329 505 412 443 217 243 385 179 88 304 378 0x1.6d6c3cp+2 5 1
clause 3650 1 0 490 412 217 249 179 570 9 243 226 262 487 88 78 120 1 284 193 106 46 592 73 501 91 0x1.6f4252p+2 5 1
clause 3655 1 0 281 -2 213 -330 217 505 518 578 250 226 9 140 0x1.6f9f7ep+2 5 1
clause 2956 1 0 582 424 217 17 325 -222 72 355 490 231 0x1.719a38p+2 5 1
clause 3212 1 0 -243 133 78 313 498 226 140 0x1.720662p+2 5 1
clause 3255 1 0 490 -243 213 388 238 49 375 494 279 205 61 235 167 431 581 46 0x1.725e0cp+2 5 1
clause 3246 1 0 -8 490 213 88 217 226 179 342 133 241 568 141 238 0x1.7b1b9p+2 5 1
clause 3691 1 0 328 573 99 126 256 574 -350 544 226 0x1.7d1afcp+2 5 1
clause 3299 1 0 528 374 125 155 292 284 175 106 176 354 424 88 217 570 272 490 545 226 133 530 312 116 120 51 238 378 581 584 589 235 204 588 431 389 0x1.82e7e2p+2 5 1
clause 3706 1 0 479 -569 158 226 553 193 298 545 125 350 201 328 217 88 517 0x1.830fccp+2 5 1
clause 3711 1 0 517 88 93 125 -2 328 106 -385 479 413 273 73 239 592 545 226 193 178 307 585 214 242 0x1.88f01ep+2 5 1
clause 3715 1 0 385 490 93 212 73 214 40 106 517 283 592 239 479 178 413 307 159 242 217 328 88 125 158 0x1.89b796p+2 5 1
clause 3732 1 0 310 505 93 -2 46 592 226 106 -137 444 568 97 193 307 242 73 487 157 430 328 385 187 413 232 440 15 0x1.8d104ap+2 5 1
clause 3733 1 0 88 178 -2 217 46 31 517 430 328 73 226 490 193 106 232 40 307 214 262 281 0x1.969e12p+2 5 1
clause 3759 1 0 480 -570 46 307 106 328 73 430 -3 214 226 592 217 414 490 517 179 88 281 193 345 561 0x1.9bda2ep+2 5 1
clause 3772 1 0 281 214 179 15 -3 251 315 7 46 217 -568 249 480 414 93 226 261 517 88 0x1.9db0c2p+2 5 1
clause 3769 1 0 -280 -3 592 217 570 46 106 281 73 226 138 300 93 88 1 262 0x1.9de6f6p+2 5 1
clause 3774 1 0 -280 106 -569 584 73 345 249 -3 46 226 15 261 193 78 480 93 300 0x1.9e1aaap+2 5 1
clause 3775 1 0 281 -90 78 217 570 -3 93 -280 226 46 179 73 106 15 584 193 0x1.9f245ap+2 5 1
clause 3785 1 0 76 389 242 119 216 124 585 158 300 212 91 378 77 0x1.a2afcep+2 5 1
clause 3786 1 0 -264 88 93 501 389 124 300 506 378 226 328 216 570 91 1 0x1.a3bc7p+2 5 1
clause 3788 1 0 281 106 -76 250 73 193 490 571 217 469 389 387 201 212 413 187 115 259 88 216 93 300 285 226 506 313 501 570 328 0x1.a427d6p+2 5 1
clause 3789 1 0 281 527 88 217 259 -299 146 119 413 249 250 387 187 344 479 0x1.a45d9ep+2 5 1
clause 3800 1 0 9 284 239 592 73 -277 147 106 548 93 0x1.a93afcp+2 5 1
clause 2614 1 0 106 -554 43 73 125 97 311 0x1.b2478ap+2 5 1
clause 2866 1 0 490 -376 242 569 175 238 141 545 46 18 126 217 285 0x1.b74d0ep+2 5 1
clause 2911 1 0 -411 406 193 553 118 207 302 352 84 184 35 316 515 0x1.b8f3b4p+2 5 1
clause 3845 1 0 140 322 242 232 389 106 193 199 592 67 73 454 22 226 284 584 126 364 -51 506 136 374 562 500 315 6 547 0x1.bcd018p+2 5 1
clause 3850 1 0 199 -578 193 73 373 355 121 106 310 592 0x1.bed1e4p+2 5 1
clause 3851 1 0 592 577 373 73 199 136 426 193 106 283 529 242 389 126 547 -278 140 0x1.c02a14p+2 5 1
clause 3859 1 0 549 579 242 -278 389 51 140 0x1.c31654p+2 5 1
clause 3860 1 0 579 140 500 578 242 6 226 313 284 454 389 459 588 0x1.c3501p+2 5 1
clause 3858 1 0 88 147 91 -51 389 249 135 259 0x1.c3506ap+2 5 1
clause 3856 1 0 88 -251 93 330 73 193 592 46 232 226 106 262 1 217 490 40 280 0x1.c4e90ep+2 5 1
clause 3865 1 0 88 389 259 124 212 1 -378 311 262 179 576 242 215 58 0x1.c5cdap+2 5 1
clause 3864 1 0 140 551 -281 93 -74 259 389 124 507 592 1 262 300 88 22 490 454 226 91 576 405 106 201 0x1.c6b732p+2 5 1
clause 4569 1 0 -119 249 -9 216 27 371 501 140 93 579 0x1.ca7524p+2 5 1
clause 3477 1 0 9 -212 315 73 531 376 135 16 592 501 277 46 0x1.cddcf2p+2 5 1
clause 4580 1 0 281 88 193 1 136 73 232 226 217 40 0x1.0dd8dap+4 5 1
clause 2967 1 0 490 530 212 313 529 133 284 226 238 241 7 0x1.d005eep+2 5 1
clause 3897 1 0 15 -314 588 229 73 106 544 284 -3 159 165 25 172 374 431 133 530 226 237 242 193 289 0x1.d4913ap+2 5 1
clause 3898 1 0 584 -5 242 133 284 286 237 530 226 374 431 544 579 0x1.d4cd34p+2 5 1
clause 3015 1 0 367 -569 313 119 226 488 7 589 91 238 503 124 0x1.d5b0eap+2 5 1
clause 3901 1 0 55 -194 391 289 541 442 526 376 40 223 361 349 0x1.d635f6p+2 5 1
clause 3905 1 0 -195 587 93 44 49 342 289 46 78 17 474 15 204 122 374 579 6 0x1.d8552ep+2 5 1
clause 3903 1 0 581 278 159 360 193 40 31 106 592 284 272 15 237 374 73 579 -3 226 584 179 88 280 217 46 177 490 251 232 530 78 93 0x1.d8cf22p+2 5 1
clause 3908 1 0 20 15 31 581 197 342 174 360 204 474 -45 463 587 0x1.d983f6p+2 5 1
clause 3907 1 0 122 581 186 360 374 312 289 31 237 342 15 44 204 474 587 46 17 49 117 6 579 193 86 78 93 0x1.d9c0d8p+2 5 1
clause 3912 1 0 88 62 -278 280 328 568 248 46 73 85 -586 106 201 159 15 44 0x1.dc9b64p+2 5 1
clause 3920 1 0 -569 44 280 93 203 124 328 587 555 373 473 283 0x1.df3c1ap+2 5 1
clause 3478 1 0 9 -318 315 6 216 213 16 592 73 501 135 376 46 490 217 331 23 566 0x1.e09c64p+2 5 1
clause 3923 1 0 162 521 377 261 529 343 246 389 152 88 551 23 299 -554 506 524 97 373 0x1.e0ace2p+2 5 1
clause 3065 1 0 -93 490 106 126 180 212 457 406 73 193 284 217 97 576 298 133 88 5 25 585 76 241 499 0x1.e2efe2p+2 5 1
clause 3930 1 0 575 106 -494 97 73 124 555 365 310 0x1.446c68p+5 3 0
clause 3932 1 0 224 88 159 217 -2 15 187 -252 570 259 119 250 299 247 262 0x1.e505ecp+2 5 1
clause 3937 1 0 272 592 -278 -587 31 360 73 204 193 237 373 88 179 280 251 93 197 78 283 106 -473 6 579 159 15 0x1.e7f1a8p+2 5 1
clause 3911 1 0 262 490 73 360 226 193 -212 78 106 46 237 31 40 159 579 217 15 232 88 1 0x1.eaa656p+2 5 1
clause 3951 1 0 88 -474 159 247 299 280 214 431 1 0x1.847306p+4 5 1
clause 3933 1 0 -197 490 73 237 15 262 88 1 217 40 159 106 579 78 226 232 31 46 193 360 0x1.efee98p+2 5 1
clause 3940 1 0 31 88 93 -473 373 280 283 193 592 73 78 -278 579 360 237 197 251 106 159 15 262 1 0x1.f1a322p+2 5 1
clause 3553 1 0 477 79 125 189 137 -2 570 299 94 324 135 260 9 241 518 366 216 26 204 0x1.f35a9p+2 5 1
clause 3959 1 0 490 6 93 217 283 193 -278 272 197 587 46 579 78 592 73 555 -281 15 159 575 25 360 584 88 251 373 0x1.f38dd4p+2 5 1
clause 3963 1 0 387 412 58 -91 159 -203 179 223 25 217 360 197 283 73 46 106 493 16 474 193 341 587 15 584 88 251 93 592 555 373 527 78 490 377 330 281 568 0x1.f48d78p+2 5 1
clause 3953 1 0 262 88 93 217 159 106 73 -555 15 1 280 473 251 78 360 46 592 490 212 237 226 197 579 193 0x1.f4d602p+2 5 1
clause 3966 1 0 88 120 43 587 73 119 280 -2 217 247 569 -126 592 555 299 189 262 0x1.f64f0ep+2 5 1
clause 3968 1 0 251 587 500 -2 555 73 216 193 -219 569 25 106 46 377 388 490 0x1.f6cfa6p+2 5 1
clause 3972 1 0 262 88 1 -281 226 548 -9 212 473 237 555 159 248 76 73 592 587 360 251 -2 0x1.f99628p+2 5 1
clause 3974 1 0 88 241 232 329 226 474 124 283 360 298 30 568 330 237 251 -2 473 0x1.f9d6aep+2 5 1
clause 3975 1 0 88 592 555 118 -2 73 283 106 -549 159 251 373 568 280 93 43 1 15 232 226 237 241 360 330 474 473 0x1.fa584cp+2 5 1
clause 3986 1 0 106 15 46 76 432 251 188 138 7 73 366 -330 506 588 217 494 517 280 0x1.fff2c2p+2 5 1
clause 3297 1 0 490 155 430 292 545 217 88 176 272 424 226 570 530 354 528 120 389 51 238 378 284 133 581 584 589 235 374 204 588 431 0x1.023dbcp+3 5 1
clause 3999 1 0 118 505 226 283 97 -587 592 106 73 -312 193 198 499 0x1.035342p+3 5 1
clause 4001 1 0 358 544 138 474 276 226 -2 99 329 284 125 211 0x1.03f98ap+3 5 1
clause 4004 1 0 135 284 125 159 -2 457 544 211 555 262 312 474 88 329 280 76 138 260 0x1.04a03p+3 5 1
clause 4008 1 0 45 87 -587 -3 -74 530 415 592 0x1.05abbcp+3 5 1
clause 4010 1 0 -292 134 222 226 505 530 540 544 272 338 0x1.0631eap+3 5 1
clause 4017 1 0 -91 46 329 40 232 430 180 280 212 226 -396 193 544 73 592 125 273 5 225 138 586 158 166 574 0x1.097fd8p+3 5 1
clause 3601 1 0 262 88 474 -2 249 304 284 78 217 570 178 385 501 9 91 120 -408 243 592 73 106 0x1.09d0dep+3 5 1
clause 4024 1 0 457 252 586 18 554 498 365 321 45 141 570 251 0x1.09e4b6p+3 5 1
clause 4020 1 0 -177 592 329 544 73 125 585 106 118 241 99 -2 570 217 226 396 0x1.09e564p+3 5 1
clause 4013 1 0 262 490 570 1 106 474 329 88 40 226 73 188 125 260 193 568 217 232 46 92 31 0x1.0a95dep+3 5 1
clause 4027 1 0 273 396 329 76 586 -211 -2 241 499 125 138 544 251 193 217 118 592 226 73 106 490 88 280 188 27 570 174 46 568 260 585 574 99 0x1.0ad384p+3 5 1
clause 4028 1 0 9 311 193 -576 125 5 578 -91 138 586 158 375 45 329 0x1.0af5aap+3 5 1
clause 4030 1 0 -312 118 193 329 -587 283 592 499 73 138 106 15 546 0x1.0b7e8ep+3 5 1
clause 4031 1 0 -312 273 138 586 251 118 193 283 395 499 570 592 73 329 106 546 241 585 158 125 46 0x1.0c07cap+3 5 1
clause 4037 1 0 496 -91 5 312 193 -15 46 106 16 73 18 592 387 212 175 283 358 125 586 158 0x1.0d5fd4p+3 5 1
clause 4042 1 0 196 330 193 -126 118 569 299 19 387 217 553 189 0x1.36a292p+5 5 1
clause 4052 1 0 387 -406 430 139 375 354 229 578 274 496 0x1.11728cp+3 5 1
clause 2864 1 0 9 46 7 313 500 279 549 276 217 39 141 226 77 18 490 285 0x1.136ccp+3 5 1
clause 3133 1 0 -26 589 432 -3 237 243 584 0x1.9112cep+5 3 0
clause 4065 1 0 45 31 304 -396 261 165 553 586 293 273 146 27 185 88 198 330 574 0x1.152a7ep+3 5 1
clause 2635 1 0 375 393 73 43 432 555 -493 106 0x1.15acfcp+3 5 1
clause 4068 1 0 273 -576 280 -2 87 586 98 500 45 138 91 293 217 185 323 77 232 40 193 487 284 239 585 242 19 46 328 -252 0x1.15ffc8p+3 5 1
clause 4103 1 0 -164 186 203 125 574 312 373 -159 294 554 387 457 174 273 16 86 430 46 61 493 0x1.1fc32ap+3 5 1
clause 4102 1 0 -108 505 73 474 -2 261 193 273 365 200 226 186 579 280 97 460 157 330 294 575 312 586 0x1.1fc33cp+3 5 1
clause 4104 1 0 457 273 125 136 193 574 430 186 73 330 16 294 365 312 -108 554 387 493 174 280 46 314 579 -2 157 138 0x1.200ce8p+3 5 1
clause 4106 1 0 -136 289 202 395 1 19 193 579 91 555 315 425 0x1.20a09ap+3 5 1
clause 4105 1 0 262 88 193 73 312 226 106 1 490 46 217 232 586 31 40 0x1.210fe6p+3 5 1
clause 4107 1 0 88 251 138 569 312 202 13 1 193 106 499 93 217 46 43 73 -293 592 0x1.2159cap+3 5 1
clause 4109 1 0 88 19 40 1 -137 312 202 394 164 197 276 457 18 217 251 46 280 13 93 574 299 0x1.21a3d4p+3 5 1
clause 4110 1 0 262 88 569 217 202 124 -576 189 280 1 157 0x1.21c8e6p+3 5 1
clause 4117 1 0 -555 196 280 359 185 518 330 88 414 193 0x1.23d248p+3 5 1
clause 4112 1 0 505 116 93 97 -16 588 193 45 403 126 569 217 21 251 0x1.24444ep+3 5 1
clause 4119 1 0 -387 15 138 569 97 31 126 396 180 193 88 185 251 280 25 158 16 45 444 212 217 490 588 226 300 578 21 46 0x1.254962p+3 5 1
clause 4120 1 0 116 -252 97 403 15 300 569 588 576 490 93 126 21 387 217 0x1.256ed4p+3 5 1
clause 4123 1 0 -506 15 588 475 97 293 45 280 31 193 185 444 180 88 251 212 126 217 490 16 25 226 300 576 569 578 138 21 46 387 396 330 0x1.25df66p+3 5 1
clause 4124 1 0 444 88 -553 490 212 280 251 45 126 217 180 25 185 31 226 300 576 569 578 138 15 588 21 46 16 293 0x1.2604fep+3 5 1
clause 4129 1 0 -360 487 226 193 116 505 574 578 38 -18 98 280 586 -2 93 45 139 87 273 31 46 293 403 435 582 447 0x1.27589cp+3 5 1
clause 3126 1 0 -259 368 217 78 313 -3 124 226 -300 0x1.2aaf72p+3 5 1
clause 4141 1 0 31 -570 226 576 217 88 -2 179 331 280 573 134 146 412 386 358 126 299 138 159 262 0x1.2b1028p+3 5 1
clause 4143 1 0 -312 46 16 -570 45 31 217 88 331 1 226 67 -178 146 134 358 299 138 159 490 0x1.2ba98p+3 5 1
clause 3735 1 0 592 577 93 202 16 375 495 46 73 314 106 554 -3 575 310 0x1.2cf5aap+3 5 1
clause 3331 1 0 281 490 179 -175 217 88 342 389 0x1.2e4888p+3 5 1
clause 4158 1 0 157 522 147 -2 259 19 88 204 91 249 560 425 136 453 548 326 297 167 172 0x1.300a7ep+3 5 1
clause 4183 1 0 196 9 18 588 199 73 193 459 -91 500 48 67 0x1.37bdep+3 5 1
clause 4202 1 0 -93 591 442 213 489 462 537 77 583 0x1.3e0af6p+3 5 1
clause 4203 1 0 -89 338 276 -408 433 66 298 591 119 583 0x1.3e33a6p+3 5 1
clause 3431 1 0 -480 566 506 333 88 570 252 179 24 519 0x1.3eb342p+3 5 1
clause 4216 1 0 457 358 138 158 198 304 204 386 73 48 193 220 16 366 413 586 108 21 493 432 97 -2 0x1.425e14p+3 5 1
clause 4211 1 0 -247 570 91 217 77 126 330 473 251 203 505 487 0x1.42b2aap+3 5 1
clause 4225 1 0 570 505 328 91 126 251 203 217 77 249 473 220 304 330 487 214 0x1.454888p+3 5 1
clause 4237 1 0 517 330 223 21 -569 340 576 217 301 220 413 396 281 304 187 458 0x1.490c26p+3 5 1
clause 4246 1 0 432 -3 27 339 120 540 285 584 168 243 183 327 237 204 216 91 9 556 0x1.4c0614p+3 5 1
clause 3833 1 0 454 140 500 578 226 -285 313 6 459 389 588 242 0x1.4c69fap+3 5 1
clause 3844 1 0 199 -577 73 374 500 193 562 389 6 592 67 315 242 106 140 63 0x1.4d6326p+3 5 1
clause 3370 1 0 571 -579 125 5 106 137 73 297 158 592 0x1.4f2884p+3 5 1
clause 3846 1 0 592 389 93 284 -50 -76 376 551 140 0x1.4f83e8p+3 5 1
clause 4267 1 0 310 399 203 68 147 366 324 271 165 201 108 193 339 -576 48 432 586 16 0x1.5312d4p+3 5 1
clause 4280 1 0 -280 443 301 73 193 184 201 308 196 519 340 418 0x1.578334p+3 5 1
clause 4282 1 0 -367 543 301 150 67 398 560 324 81 253 112 550 346 245 583 162 0x1.583358p+3 5 1
clause 4300 1 0 -280 536 329 226 299 -395 213 564 78 92 408 367 474 586 204 225 576 0x1.5e7498p+3 5 1
clause 4307 1 0 -249 -252 214 73 199 21 413 48 220 217 306 489 476 0x1.60eb2p+3 5 1
clause 4317 1 0 420 79 398 405 201 -306 413 324 0x1.6500dp+3 5 1
clause 4338 1 0 453 456 40 524 232 237 324 -68 105 92 408 81 501 561 0x1.6c0932p+3 5 1
clause 4339 1 0 524 92 73 442 -387 40 237 232 58 185 201 561 405 307 324 107 554 193 360 366 565 587 22 459 331 16 217 0x1.6c9532p+3 5 1
clause 4341 1 0 324 249 307 583 442 78 524 488 201 58 -413 47 321 512 345 73 146 107 1 473 312 576 405 554 40 237 232 366 92 561 193 360 565 587 22 331 16 217 0x1.6d2156p+3 5 1
clause 4349 1 0 -59 201 570 554 261 73 193 189 360 0x1.7a1ec4p+4 5 1
clause 3945 1 0 -6 204 280 431 67 393 315 164 61 293 587 25 365 262 1 0x1.71548p+3 5 1
clause 4351 1 0 88 15 226 159 342 507 189 307 570 413 1 201 261 554 386 67 193 405 394 312 73 214 360 0x1.7248c8p+3 5 1
clause 3942 1 0 262 88 159 237 241 1 204 118 225 431 226 216 4 99 215 248 283 473 35 183 139 0x1.731802p+3 5 1
clause 4364 1 0 383 185 25 58 438 375 554 364 495 366 161 442 307 88 261 159 570 217 281 576 189 0x1.75a13cp+3 5 1
clause 2682 1 0 -7 213 232 92 493 235 549 375 205 431 0x1.769274p+3 5 1
clause 3955 1 0 88 584 93 -216 377 251 490 298 283 25 7 0x1.7812a2p+3 5 1
clause 4371 1 0 281 426 431 385 -493 216 320 165 167 264 37 306 180 48 513 452 581 0x1.784178p+3 5 1
clause 3267 1 0 -93 208 76 500 118 288 547 6 577 0x1.7859a8p+3 5 1
clause 4378 1 0 331 22 303 484 232 -18 342 40 517 404 223 323 458 210 217 385 541 0x1.7ae66cp+3 5 1
clause 3681 1 0 328 -298 568 -2 284 211 97 0x1.4a7a0ap+4 3 0
clause 4399 1 0 281 330 310 -3 -575 60 360 0x1.095536p+5 5 1
clause 3700 1 0 -576 88 -2 217 125 311 517 569 106 479 178 328 307 527 0x1.83f882p+3 5 1
clause 4415 1 0 281 396 518 -575 543 433 371 449 330 65 83 0x1.893072p+3 5 1
clause 4417 1 0 511 160 40 -9 223 563 433 321 419 96 388 216 393 249 550 526 77 212 0x1.8a2c92p+3 5 1
clause 4033 1 0 -43 16 278 46 175 373 193 61 425 212 19 276 39 359 50 293 0x1.92eb1p+3 5 1
clause 4044 1 0 46 -506 359 87 19 146 196 -89 193 222 31 330 458 461 569 226 16 0x1.978366p+3 5 1
clause 4456 1 0 -480 -311 93 212 586 323 430 203 77 304 139 460 214 314 5 8 307 60 368 178 88 145 0x1.9a105ep+3 5 1
clause 4458 1 0 25 -7 586 214 138 575 314 358 193 487 158 -2 430 386 93 554 0x1.fc25dp+4 5 1
clause 4466 1 0 157 575 217 569 -2 -120 300 278 -27 526 125 241 0x1.9dfad4p+3 5 1
clause 4062 1 0 45 165 586 312 203 -430 0x1.102ce8p+5 2 0
clause 4019 1 0 396 565 329 217 -157 125 570 507 0x1.dce076p+7 3 0
clause 4484 1 0 320 -7 93 118 159 264 547 513 147 -282 479 1 27 50 214 517 0x1.a54abp+3 5 1
clause 3749 1 0 300 -501 -3 217 73 577 126 506 592 252 189 586 0x1.a6e2bcp+3 5 1
clause 4511 1 0 432 -247 45 -9 48 27 193 163 547 216 501 474 204 87 6 0x1.b142d8p+3 5 1
clause 4521 1 0 331 -275 84 452 323 67 80 560 271 372 498 0x1.b59e1ep+3 5 1
clause 3819 1 0 592 322 106 232 140 364 67 193 454 199 -283 73 239 28 577 0x1.b5fd56p+3 5 1
clause 4530 1 0 -280 88 106 595 216 261 299 232 567 323 73 478 249 217 568 455 308 330 0x1.b99374p+3 5 1
clause 3836 1 0 -283 126 99 226 389 506 22 242 0x1.b9d24cp+3 5 1
clause 4544 1 0 76 29 93 136 593 548 243 388 140 158 554 47 164 44 500 432 0x1.86959ep+4 3 0
clause 4545 1 0 -78 -201 548 136 493 73 193 164 432 360 29 0x1.bfcdep+3 5 1
clause 4549 1 0 59 305 359 26 -493 346 196 32 309 0x1.c19994p+3 5 1
clause 4546 1 0 -108 300 193 93 189 26 432 73 136 164 158 560 59 76 140 388 47 454 322 126 232 67 199 145 0x1.c247dep+3 5 1
clause 4548 1 0 340 -77 413 330 73 193 26 305 59 249 309 189 164 387 300 310 126 158 136 0x1.c2babcp+3 5 1
clause 4552 1 0 462 -574 -570 395 488 502 118 128 210 387 0x1.c32d6p+3 5 1
clause 4559 1 0 449 88 -249 63 313 353 425 107 298 595 261 93 0x1.c6592p+3 5 1
clause 4578 1 0 281 -247 474 27 495 1 216 306 398 309 0x1.6fb0ep+4 5 1
clause 4599 1 0 281 235 -432 216 183 207 27 0x1.6b9ae2p+5 5 1
clause 3921 1 0 88 251 73 93 -2 159 283 555 15 568 280 373 106 44 1 328 0x1.eddf7ep+3 5 1
clause 3939 1 0 272 6 73 93 78 -278 173 193 501 579 -44 294 283 592 0x1.edfe34p+3 5 1
clause 4327 1 0 -484 517 204 340 217 576 201 430 385 405 304 586 301 413 -185 495 0x1.0ece68p+4 5 1
clause 4243 1 0 262 505 432 576 27 159 492 300 595 229 99 1 125 23 574 0x1.120634p+4 5 1
clause 4350 1 0 -259 15 159 312 342 413 386 193 59 394 405 73 67 307 189 201 570 0x1.151c7ep+4 5 1
clause 4354 1 0 88 -412 539 221 564 214 78 298 305 0x1.15c1c6p+4 5 1
clause 4355 1 0 -414 178 595 394 107 312 478 386 88 0x1.16387ep+4 5 1
clause 3497 1 0 -593 -3 125 99 240 284 106 73 574 0x1.2557c6p+4 5 1
clause 4411 1 0 9 115 500 -91 24 447 424 220 0x1.25f596p+4 5 1
clause 4461 1 0 281 60 564 480 304 203 261 26 473 -311 -216 145 0x1.3509e6p+4 5 1
clause 4463 1 0 -50 199 586 -91 125 1 73 193 314 138 67 165 9 5 578 549 0x1.35c2dcp+4 5 1
clause 4160 1 0 59 444 -2 555 -330 340 301 98 250 81 223 217 578 518 569 281 359 0x1.3615e6p+4 5 1
clause 3480 1 0 -506 372 73 91 545 501 137 9 46 408 216 201 490 217 284 213 243 193 6 324 592 581 252 570 125 226 0x1.3b5b6ep+4 5 1
clause 4481 1 0 -280 208 25 215 226 330 505 58 367 503 0x1.3df37cp+4 5 1
clause 4185 1 0 196 199 138 125 1 73 193 67 -500 0x1.64aa5p+5 5 1
clause 4495 1 0 -480 88 93 78 595 106 263 549 251 261 73 249 217 568 479 0x1.ad2e9ap+4 5 1
clause 4304 1 0 281 -413 226 507 340 546 23 -89 566 220 0x1.bc7f68p+4 5 1
clause 4166 1 0 281 480 305 413 519 215 187 488 250 249 217 387 261 259 88 0x1.5cd9e6p+5 5 1
clause 4168 1 0 281 88 179 217 570 298 259 300 0x1.21cc1cp+6 5 1
clause 4431 1 0 479 88 595 353 73 249 108 300 517 478 146 217 568 0x1.383f4ap+5 5 1
clause 4177 1 0 281 88 217 576 -252 569 298 251 570 0x1.592704p+5 5 1
clause 4473 1 0 479 88 106 478 73 300 568 595 217 249 261 263 0x1.4cbc1ep+6 5 1
clause 3770 1 0 281 88 217 179 570 -300 0x1.6b3e2cp+6 5 1
clause 2649 1 0 54 258 -464 29 270 440 97 232 0x1.0cba84p+1 4 1
clause 2651 1 0 109 63 25 242 -494 251 46 390 17 400 0x1.0d445p+1 4 1
clause 2652 1 0 -240 64 552 421 142 17 172 162 559 180 282 432 495 400 251 63 46 390 242 25 564 55 539 0x1.0df112p+1 4 1
clause 2675 1 0 318 -119 206 210 354 35 408 182 465 0x1.13cf8cp+1 4 1
clause 2690 1 0 -351 566 97 103 544 226 193 553 0x1.20e7cap+4 4 1
clause 2698 1 0 11 150 577 119 314 6 -205 368 408 91 373 499 351 0x1.1a5f5ap+1 4 1
clause 2701 1 0 -175 284 73 43 213 46 91 193 163 375 226 105 243 0x1.1b8154p+1 4 1
clause 2706 1 0 -546 375 43 213 46 243 163 193 284 103 349 0x1.1ced4ep+1 4 1
clause 2711 1 0 406 241 93 119 7 583 211 390 -175 531 0x1.1e11b2p+1 4 1
clause 2716 1 0 337 444 158 98 81 312 203 486 473 -350 403 273 38 285 497 546 0x1.1f5c2p+1 4 1
clause 3424 1 0 135 531 177 -593 294 0x1.239e02p+1 4 1
clause 2758 1 0 449 -375 179 560 452 517 173 109 166 474 204 235 136 577 0x1.2bb13cp+1 4 1
clause 2799 1 0 9 541 279 -206 225 313 183 40 465 290 0x1.4041aep+3 4 1
clause 2801 1 0 85 -495 46 159 235 375 444 150 360 129 26 163 430 0x1.38ddeep+1 4 1
clause 2803 1 0 -149 406 118 308 60 55 366 393 442 583 0x1.39cec6p+1 4 1
clause 2812 1 0 206 305 215 -473 58 329 350 360 209 408 25 99 0x1.3c7cd2p+1 4 1
clause 2822 1 0 460 15 159 226 -587 290 313 124 368 536 504 457 0x1.3fab8p+1 4 1
clause 2841 1 0 490 9 93 390 208 -227 306 205 378 428 300 35 279 121 500 154 313 0x1.45a44ap+1 4 1
clause 2980 1 0 -299 358 328 505 259 58 88 0x1.763a94p+1 4 1
clause 2984 1 0 118 374 212 430 -76 235 577 249 0x1.781b22p+1 4 1
clause 2991 1 0 128 36 436 27 558 184 -206 210 0x1.7a5ec2p+1 4 1
clause 3039 1 0 490 106 73 93 232 236 -284 217 46 -175 396 193 290 17 501 315 226 0x1.8cfc02p+1 4 1
clause 3075 1 0 284 275 212 -396 373 148 5 577 273 292 133 338 457 0x1.9c2998p+1 4 1
clause 3077 1 0 499 116 93 313 91 493 122 25 156 573 439 241 164 279 258 76 0x1.9c5e3p+1 4 1
clause 3093 1 0 -243 432 314 158 91 5 125 324 97 29 577 184 189 495 499 570 25 0x1.a305b2p+1 4 1
clause 3136 1 0 206 -228 545 210 238 133 57 123 284 120 155 0x1.4fec3ap+4 4 1
clause 3853 1 0 262 -159 298 487 243 583 1 93 0x1.bff058p+1 4 1
clause 3169 1 0 84 497 565 427 37 275 286 316 354 0x1.c42062p+1 4 1
clause 2740 1 0 -138 212 359 203 374 242 274 546 577 235 292 586 158 0x1.c48baep+1 4 1
clause 3174 1 0 -175 104 530 292 350 276 406 206 354 0x1.c664d8p+1 4 1
clause 2813 1 0 -59 577 360 80 39 139 498 5 421 0x1.dbaee4p+1 4 1
clause 3224 1 0 581 76 31 27 39 495 232 584 88 286 313 453 272 421 463 226 241 133 15 -3 217 250 553 73 193 106 179 282 292 -9 0x1.de2e8cp+1 4 1
clause 3226 1 0 352 313 446 232 426 91 526 584 49 238 386 231 133 295 226 78 548 241 7 93 0x1.dea8f6p+1 4 1
clause 3254 1 0 235 49 61 -432 279 494 165 465 205 0x1.ec423ep+1 4 1
clause 2844 1 0 589 -25 350 216 249 487 119 585 236 0x1.f00146p+1 4 1
clause 3264 1 0 375 49 215 432 -3 -378 27 0x1.890e9ep+3 4 1
clause 3227 1 0 88 581 184 217 73 -3 577 106 232 31 133 584 226 589 193 179 272 490 46 40 292 15 238 0x1.00375ep+2 4 1
clause 2858 1 0 -507 557 -49 549 316 352 220 0x1.008a84p+2 4 1
clause 2601 1 0 490 384 217 374 -568 212 97 126 242 554 149 140 0x1.02b622p+2 4 1
clause 4018 1 0 -529 284 125 -2 -177 138 586 592 0x1.082b78p+2 4 1
clause 2919 1 0 -371 530 212 76 91 318 247 0x1.084656p+2 4 1
clause 3336 1 0 -492 284 175 526 207 584 242 26 91 72 488 389 581 0x1.0b2c6cp+2 4 1
clause 3343 1 0 -341 133 442 544 148 154 270 226 121 455 516 175 303 0x1.0d0d1ep+2 4 1
clause 3332 1 0 88 76 589 232 217 184 490 133 106 73 -3 193 577 238 226 292 46 31 40 262 0x1.0d7a64p+2 4 1
clause 3344 1 0 581 88 342 -3 133 247 303 217 490 292 226 442 353 232 298 236 29 589 141 124 272 175 588 179 78 46 584 91 138 50 7 375 0x1.0f1598p+2 4 1
clause 3348 1 0 490 -473 226 46 213 91 7 176 78 217 133 103 584 141 589 544 353 442 581 388 232 514 29 236 375 529 292 588 204 223 0x1.0f9fc4p+2 4 1
clause 3353 1 0 53 589 279 213 -241 285 296 238 465 584 0x1.0fc1b2p+2 4 1
clause 3354 1 0 490 296 53 133 50 -546 589 238 287 465 25 388 242 213 584 78 362 377 7 0x1.102a36p+2 4 1
clause 3356 1 0 490 481 -5 431 238 375 133 584 50 78 213 7 226 589 25 236 167 581 353 124 457 141 91 46 217 499 179 88 342 -175 0x1.10b5c4p+2 4 1
clause 3357 1 0 490 584 78 431 232 236 388 284 29 238 375 50 133 213 7 481 167 103 581 544 226 313 353 124 457 589 141 91 46 217 499 0x1.10d8acp+2 4 1
clause 2952 1 0 352 549 506 220 -327 316 -49 0x1.112554p+2 4 1
clause 3359 1 0 120 -585 489 57 589 0x1.116494p+2 4 1
clause 2990 1 0 -39 350 286 446 27 210 205 359 497 0x1.1c962p+2 4 1
clause 4094 1 0 284 204 97 213 -2 124 0x1.404538p+5 4 1
clause 3406 1 0 -315 350 62 505 193 289 360 165 45 66 226 39 0x1.1f2174p+2 4 1
clause 3417 1 0 406 214 25 125 18 88 -157 -2 487 386 136 579 583 6 262 0x1.21ba18p+2 4 1
clause 3423 1 0 21 467 357 -135 122 425 73 86 592 0x1.23e8e2p+2 4 1
clause 3029 1 0 396 88 328 574 298 106 576 124 147 259 99 0x1.2750e8p+2 4 1
clause 2871 1 0 39 349 286 316 236 353 -105 276 29 232 428 589 0x1.2df8bap+2 4 1
clause 3120 1 0 -368 261 545 360 193 60 205 181 226 0x1.44395cp+2 4 1
clause 2837 1 0 -545 154 -2 126 242 26 375 430 554 258 226 0x1.44fdc6p+2 4 1
clause 2609 1 0 284 555 125 242 212 374 158 97 137 0x1.ada83ep+3 2 0
clause 3165 1 0 -233 378 51 238 530 28 490 389 548 121 176 133 284 0x1.566038p+2 4 1
clause 3602 1 0 -408 9 226 78 -298 282 249 570 213 519 148 91 241 159 0x1.5ca318p+2 4 1
clause 4297 1 0 307 -60 -472 214 304 224 265 477 0x1.5d3af6p+2 4 1
clause 3639 1 0 220 -575 61 46 106 459 592 366 294 51 73 240 16 272 310 0x1.69c8f2p+2 4 1
clause 3647 1 0 262 120 570 284 179 -2 211 88 584 487 157 249 0x1.6c1ec2p+5 4 1
clause 3247 1 0 430 104 235 474 292 118 530 -175 204 588 248 215 26 0x1.7066d2p+2 4 1
clause 3658 1 0 88 -282 328 1 585 284 243 249 -2 262 479 487 120 574 0x1.70ba64p+2 4 1
clause 2887 1 0 -349 258 99 126 232 447 545 283 0x1.73c882p+5 4 1
clause 3709 1 0 487 88 93 312 -300 -2 568 406 328 479 0x1.8439a8p+2 4 1
clause 3728 1 0 328 137 -2 505 568 97 31 106 226 55 479 178 187 430 582 242 93 73 487 585 88 125 592 344 413 385 217 517 15 138 0x1.8c4566p+2 4 1
clause 2808 1 0 -136 273 586 360 274 158 292 0x1.f15e3ap+3 2 0
clause 3736 1 0 46 -507 214 106 261 16 93 592 73 -3 359 307 575 430 126 226 299 0x1.931818p+2 4 1
clause 3355 1 0 362 284 285 242 388 133 50 78 490 238 213 377 7 0x1.98a7eap+2 4 1
clause 3773 1 0 -280 563 204 226 367 329 125 474 213 241 584 58 346 -298 159 118 0x1.9db0a6p+2 4 1
clause 3777 1 0 490 505 328 426 217 430 -203 93 570 315 387 226 220 586 0x1.9f8e94p+2 4 1
clause 3783 1 0 344 62 549 140 242 402 389 50 145 -378 0x1.a1d98cp+2 4 1
clause 3002 1 0 318 -454 217 490 104 507 531 176 390 0x1.aaeeeep+2 4 1
clause 3107 1 0 487 188 329 -300 506 120 -3 99 217 251 0x1.8e63acp+5 2 0
clause 3103 1 0 490 238 73 -2 226 40 46 106 193 217 577 88 133 292 31 232 184 262 0x1.ae0e3ep+2 4 1
clause 3402 1 0 -488 214 25 -2 -157 587 125 458 406 88 0x1.ae33cep+2 4 1
clause 3358 1 0 88 490 226 217 106 232 -592 46 1 193 31 40 262 0x1.b4c0eep+2 4 1
clause 2636 1 0 -554 432 106 576 73 375 493 43 0x1.b7cac2p+2 4 1
clause 2886 1 0 258 350 232 276 126 -283 99 545 0x1.b86b26p+2 4 1
clause 3849 1 0 389 577 -278 -241 547 140 0x1.be98bap+2 4 1
clause 3867 1 0 88 389 -278 576 1 242 124 262 311 259 179 215 58 376 0x1.c76576p+2 4 1
clause 2901 1 0 396 490 232 73 236 545 -175 17 390 217 46 106 125 406 0x1.cc8704p+2 4 1
clause 3137 1 0 57 120 545 284 206 210 238 -105 0x1.cfcc7ap+2 4 1
clause 3900 1 0 174 -3 193 87 588 555 289 45 203 0x1.d63614p+2 4 1
clause 3909 1 0 20 174 140 313 581 15 251 197 587 241 17 44 31 474 360 204 342 -9 463 0x1.da3a1p+2 4 1
clause 3910 1 0 548 351 175 133 117 313 78 501 84 226 241 316 275 -9 0x1.da76c4p+2 4 1
clause 3916 1 0 257 237 432 98 -3 156 473 0x1.720548p+6 2 0
clause 3659 1 0 -93 490 226 217 46 1 31 73 106 193 88 40 232 262 0x1.e4b7eep+2 4 1
clause 3935 1 0 242 -91 215 547 78 26 -278 0x1.26a33ep+7 2 0
clause 3946 1 0 -47 355 122 529 87 325 390 0x1.1295p+6 1 0
clause 3964 1 0 584 88 93 -76 126 -157 283 251 242 299 0x1.f4cd8ap+2 4 1
clause 3965 1 0 592 579 73 93 473 -3 193 197 88 78 587 106 46 283 15 360 217 -278 251 555 373 490 280 262 0x1.f7d368p+2 4 1
clause 3969 1 0 490 88 43 377 -2 73 280 -76 46 592 217 555 106 193 251 587 283 124 262 298 93 0x1.f8d498p+2 4 1
clause 3555 1 0 120 178 -281 328 386 299 506 216 0x1.f91e86p+2 4 1
clause 3973 1 0 273 -474 232 193 555 330 241 568 124 548 -278 579 197 592 73 283 5 237 -9 92 499 432 587 203 0x1.f9d6cep+2 4 1
clause 3266 1 0 118 208 91 207 -243 175 544 584 0x1.fbfc3ap+2 4 1
clause 3779 1 0 -280 262 226 217 40 88 490 73 106 193 1 46 31 232 0x1.fc3fa2p+2 4 1
clause 3981 1 0 159 188 329 138 312 27 -473 298 365 45 360 99 204 0x1.13ddaep+4 4 1
clause 3983 1 0 -89 -60 199 179 73 67 106 561 364 0x1.fe69fap+2 4 1
clause 2632 1 0 -493 303 432 375 536 193 184 149 554 223 0x1.ff8bcap+2 4 1
clause 2815 1 0 39 -359 31 421 167 559 272 581 0x1.00b52p+3 4 1
clause 3570 1 0 281 262 88 479 1 -408 212 216 249 -26 284 430 585 120 243 0x1.04f63cp+3 4 1
clause 3582 1 0 -215 443 329 150 226 58 367 25 282 505 0x1.0642bap+3 4 1
clause 3872 1 0 262 490 1 93 -251 40 106 592 73 88 226 280 193 46 232 217 0x1.0843d4p+3 4 1
clause 4023 1 0 483 54 87 141 321 498 174 -18 46 251 0x1.09c2b2p+3 4 1
clause 3624 1 0 367 577 226 136 -211 148 9 91 125 158 -2 241 0x1.0b9c0ap+3 4 1
clause 4029 1 0 544 585 193 217 586 -91 226 73 280 329 88 27 251 188 592 570 174 46 568 260 490 574 99 125 106 138 273 -2 166 40 232 180 430 225 0x1.0cb4cap+3 4 1
clause 4035 1 0 -594 387 293 239 18 118 0x1.79b37ep+4 4 1
clause 4034 1 0 349 -91 212 232 46 158 73 5 592 193 576 273 103 496 138 586 175 283 125 570 251 546 329 106 585 574 0x1.0d603ep+3 4 1
clause 4038 1 0 260 180 125 175 174 73 217 568 396 88 99 592 106 312 18 138 16 193 46 496 5 387 212 -91 283 358 586 158 0x1.0dea06p+3 4 1
clause 4040 1 0 -594 331 217 283 586 349 125 138 106 499 193 118 387 396 99 312 459 201 73 0x1.0e2f1ep+3 4 1
clause 4043 1 0 -289 152 87 23 468 222 426 0x1.0eff0ap+3 4 1
clause 3646 1 0 575 211 570 243 217 328 179 304 88 490 505 120 226 -3 412 487 284 249 78 9 157 584 0x1.11a80ap+3 4 1
clause 3652 1 0 262 -386 -2 501 88 304 284 217 178 9 249 570 78 91 120 243 592 73 106 226 1 406 0x1.13c3acp+3 4 1
clause 3651 1 0 -406 120 91 585 1 262 243 284 249 0x1.142246p+3 4 1
clause 3976 1 0 88 106 73 31 1 232 226 193 490 -138 46 217 262 40 0x1.14c7d8p+3 4 1
clause 4041 1 0 262 -569 73 217 193 46 106 232 226 88 40 31 1 490 0x1.1d4a6cp+3 4 1
clause 4125 1 0 293 487 93 15 5 387 -586 138 16 314 578 0x1.262aap+3 4 1
clause 4126 1 0 490 45 93 138 578 280 158 15 251 5 475 293 -204 193 576 444 180 88 403 212 126 217 185 31 226 300 569 21 46 396 116 473 0x1.277f0ap+3 4 1
clause 4128 1 0 487 430 569 193 212 586 46 138 87 386 45 457 158 -98 251 93 226 329 126 505 0x1.27ca7ep+3 4 1
clause 4130 1 0 -588 273 93 138 578 226 193 505 574 586 87 98 116 487 -2 45 280 562 31 46 293 403 582 174 124 395 337 189 251 386 457 0x1.28161ap+3 4 1
clause 4131 1 0 174 88 193 -587 329 87 45 158 138 340 387 280 301 220 225 430 493 46 18 386 217 251 0x1.283bf8p+3 4 1
clause 4133 1 0 573 358 158 -587 31 193 582 138 349 45 0x1.2887cep+3 4 1
clause 4134 1 0 -159 31 93 280 193 1 239 45 573 217 88 87 46 251 578 226 116 293 403 262 569 396 576 475 185 490 21 0x1.2a7872p+3 4 1
clause 4140 1 0 281 152 23 566 11 397 308 557 342 348 179 88 280 0x1.2a9d5p+3 4 1
clause 4137 1 0 262 490 1 46 138 67 87 -358 217 146 280 576 251 88 134 93 159 126 569 0x1.2aea9ap+3 4 1
clause 4144 1 0 -179 262 358 261 88 46 146 87 159 138 299 1 0x1.2bcfdcp+3 4 1
clause 4145 1 0 146 299 1 138 46 87 252 262 88 45 280 358 159 67 217 -312 226 134 31 490 189 251 0x1.2c1cbp+3 4 1
clause 3755 1 0 300 189 217 138 -9 159 77 214 252 414 249 231 0x1.311614p+3 4 1
clause 4173 1 0 196 430 405 387 236 64 414 305 193 -445 181 231 0x1.34a366p+3 4 1
clause 3748 1 0 -136 -3 586 126 300 506 0x1.628c96p+5 1 0
clause 4197 1 0 367 -43 503 303 485 289 462 483 185 193 459 554 588 0x1.3c4c1cp+3 4 1
clause 3780 1 0 147 -261 389 124 180 300 1 262 88 213 547 279 242 0x1.4185dp+3 4 1
clause 3479 1 0 9 452 7 6 38 26 315 277 216 137 376 91 0x1.421844p+3 4 1
clause 4217 1 0 344 85 172 222 424 448 337 466 534 511 220 0x1.428756p+3 4 1
clause 4192 1 0 281 -507 298 518 88 260 329 0x1.324648p+4 4 1
clause 3815 1 0 511 352 106 -479 73 579 592 548 0x1.44f0c4p+3 4 1
clause 3712 1 0 552 490 283 378 -243 238 239 0x1.47ce8ep+3 4 1
clause 4235 1 0 -568 330 126 395 0x1.6a4e56p+8 2 0
clause 4245 1 0 -25 327 216 213 183 204 168 91 285 9 556 474 0x1.4bb114p+3 4 1
clause 3766 1 0 -203 16 106 73 576 430 197 46 577 -3 592 588 0x1.4df0b8p+3 4 1
clause 4269 1 0 199 163 364 193 197 73 -107 0x1.09afcep+6 2 0
clause 4283 1 0 167 -307 340 301 560 543 253 502 368 67 10 184 324 398 112 550 245 583 443 0x1.58e3eep+3 4 1
clause 4284 1 0 -460 520 40 550 347 96 112 469 0x1.59100ep+3 4 1
clause 3885 1 0 -492 456 168 204 441 15 22 232 326 463 588 217 581 0x1.5b58eep+3 4 1
clause 4290 1 0 -60 348 78 26 366 88 248 259 73 595 492 91 462 0x1.5b7d04p+3 4 1
clause 3771 1 0 -587 365 27 495 -3 59 459 18 46 0x1.5bd0c2p+3 4 1
clause 3500 1 0 -594 157 -2 193 501 136 106 314 97 73 349 310 0x1.60fb44p+3 4 1
clause 4311 1 0 460 -347 78 408 291 535 443 92 307 501 0x1.62556ap+3 4 1
clause 4314 1 0 281 397 579 507 73 181 193 226 -189 -89 340 375 220 45 484 97 305 299 0x1.6393a6p+3 4 1
clause 4315 1 0 570 385 299 217 126 159 189 120 0x1.164918p+8 4 1
clause 4324 1 0 351 -26 -3 487 210 576 542 0x1.66f8fp+3 4 1
clause 4331 1 0 -333 384 507 455 23 0x1.3a24f6p+4 1 0
clause 4344 1 0 -442 -185 159 405 201 15 342 0x1.6ec74cp+3 4 1
clause 3654 1 0 281 -488 528 240 328 311 444 574 539 59 562 359 0x1.711a3ap+3 4 1
clause 4357 1 0 477 -299 214 88 -412 342 564 78 159 15 0x1.7305b2p+3 4 1
clause 3891 1 0 -445 396 386 237 118 117 571 155 296 584 0x1.77602cp+3 4 1
clause 3221 1 0 88 385 217 298 248 568 282 250 -214 118 328 0x1.2085ap+5 4 1
clause 4374 1 0 -46 86 172 230 385 381 18 0x1.796302p+3 4 1
clause 3971 1 0 88 241 431 -2 283 329 124 474 568 251 298 360 473 0x1.7a8ec4p+3 4 1
clause 4385 1 0 -444 129 535 308 461 504 526 0x1.6bddbp+4 1 0
clause 4395 1 0 -138 576 93 96 330 469 387 13 413 419 358 0x1.81c932p+3 4 1
clause 4397 1 0 -395 322 576 461 47 96 40 17 469 388 454 347 176 564 0x1.822bf4p+3 4 1
clause 3993 1 0 387 88 179 193 217 586 570 46 118 555 299 457 374 294 86 313 499 138 -3 588 0x1.835edp+3 4 1
clause 4407 1 0 -259 60 226 27 505 249 300 216 386 309 536 217 444 519 0x1.860e04p+3 4 1
clause 2848 1 0 -544 126 77 217 8 576 300 328 212 507 133 238 0x1.86e4a2p+3 4 1
clause 4413 1 0 344 526 212 473 91 170 511 321 25 534 145 216 224 -78 0x1.88673cp+3 4 1
clause 2612 1 0 -213 548 77 232 137 464 432 7 235 374 0x1.3e4f78p+4 4 1
clause 4026 1 0 490 -159 283 193 217 586 251 106 118 226 73 188 592 329 396 88 280 544 27 570 174 46 568 260 499 241 585 574 99 125 0x1.8ff8fap+3 4 1
clause 4447 1 0 100 225 40 312 562 473 -204 0x1.95fb36p+3 4 1
clause 4455 1 0 560 214 323 26 248 5 139 304 398 314 452 -9 77 0x1.993e6ap+3 4 1
clause 4465 1 0 -479 118 25 261 60 241 145 309 263 180 444 0x1.61c74cp+4 1 0
clause 3376 1 0 490 278 46 388 -378 217 407 17 547 86 0x1.a4ea48p+3 4 1
clause 3791 1 0 320 -7 159 341 479 118 473 547 178 26 147 513 241 93 0x1.a524f4p+3 4 1
clause 4051 1 0 578 -136 7 38 139 487 354 274 0x1.a531d6p+3 4 1
clause 3548 1 0 324 201 565 189 232 -569 22 67 454 372 328 0x1.b1b8e8p+3 4 1
clause 4523 1 0 84 437 80 185 67 -561 0x1.b60e26p+3 4 1
clause 3827 1 0 519 -216 413 261 480 305 280 0x1.b6be88p+3 4 1
clause 3688 1 0 98 -553 -2 430 375 0x1.8d6358p+6 2 0
clause 4538 1 0 281 216 308 518 304 -89 517 475 0x1.bcaddp+3 4 1
clause 4111 1 0 262 88 217 312 226 1 31 490 40 46 106 73 193 232 0x1.bf3146p+3 4 1
clause 4547 1 0 309 396 413 249 387 -77 -575 305 477 0x1.c0b38p+3 4 1
clause 4560 1 0 367 150 -9 226 313 375 278 0x1.251ca2p+5 4 1
clause 3717 1 0 -569 505 141 5 328 226 314 187 577 0x1.ca03b8p+3 4 1
clause 4577 1 0 281 557 398 93 561 453 501 495 182 -216 180 309 248 0x1.ce9ac8p+3 4 1
clause 4583 1 0 444 209 148 309 212 350 459 -205 76 119 0x1.d765c4p+4 4 1
clause 4165 1 0 230 -298 -2 91 249 216 506 259 21 312 107 427 136 14 124 22 158 0x1.d23ad4p+3 4 1
clause 4586 1 0 21 230 217 278 428 390 491 50 47 49 356 0x1.d28e2ap+3 4 1
clause 4600 1 0 211 260 243 -2 59 157 570 -25 0x1.746ec8p+4 4 1
clause 4039 1 0 -124 349 193 312 117 499 44 99 586 396 459 0x1.de5bc2p+3 4 1
clause 4214 1 0 230 425 -385 413 198 21 304 183 0x1.d0215p+4 2 0
clause 3927 1 0 106 -473 73 125 373 44 555 431 576 204 0x1.d776d8p+5 4 1
clause 3938 1 0 68 -186 485 283 193 139 239 201 197 241 363 559 0x1.eec16p+3 4 1
clause 3512 1 0 120 180 125 -568 -252 406 217 576 88 158 570 0x1.ef1a22p+3 4 1
clause 4236 1 0 330 126 312 576 570 0x1.321dc4p+7 2 0
clause 3956 1 0 260 241 25 124 -570 283 329 360 0x1.f2af98p+3 4 1
clause 3674 1 0 88 568 312 -2 -300 126 328 479 0x1.f31b3ep+3 4 1
clause 4260 1 0 -387 330 570 126 19 16 0x1.f9a6b8p+3 4 1
clause 3665 1 0 262 178 1 212 -299 284 251 570 88 0x1.0509c8p+4 4 1
clause 4277 1 0 196 575 586 193 576 312 99 204 27 182 474 44 0x1.8ddd58p+5 4 1
clause 3727 1 0 -189 568 93 242 226 328 577 -2 97 505 430 0x1.afac48p+4 4 1
clause 3862 1 0 592 389 93 278 140 -76 551 51 0x1.1bbe5ep+4 4 1
clause 4445 1 0 -78 511 8 376 526 547 212 344 145 0x1.529d18p+5 1 0
clause 3810 1 0 -7 262 488 243 93 1 212 0x1.3927d6p+4 4 1
clause 3045 1 0 88 180 298 187 250 217 120 576 -252 406 570 0x1.472b4cp+4 4 1
clause 4080 1 0 88 -387 280 216 412 217 306 0x1.35714ap+5 2 0
clause 3245 1 0 490 -243 283 238 378 388 0x1.4a7b7ap+4 4 1
clause 3190 1 0 -354 378 51 215 248 490 389 238 548 120 0x1.4b0998p+4 4 1
clause 3852 1 0 86 199 -75 315 193 500 67 0x1.562282p+4 4 1
clause 3157 1 0 133 530 -430 237 226 374 -545 0x1.d0488cp+5 4 1
clause 4573 1 0 434 -300 405 216 73 193 360 330 27 164 199 197 249 595 88 0x1.59aeep+4 4 1
clause 4302 1 0 260 -385 178 304 88 247 214 487 249 0x1.91cc86p+5 2 0
clause 3676 1 0 413 386 214 473 306 26 -574 203 0x1.e8c436p+5 4 1
clause 2667 1 0 490 238 -211 279 284 389 133 176 0x1.694edap+4 4 1
clause 4347 1 0 307 225 474 570 58 226 189 11 507 201 159 -260 476 88 0x1.70ce76p+4 4 1
clause 3290 1 0 490 -376 284 242 388 238 389 0x1.89cdp+4 4 1
clause 3583 1 0 -280 150 226 431 374 367 505 329 0x1.99339cp+4 4 1
clause 4213 1 0 -576 198 203 432 366 16 108 586 48 310 0x1.aa075cp+5 2 0
clause 3657 1 0 281 88 215 217 250 259 187 -304 0x1.6a5754p+5 4 1
clause 4318 1 0 301 476 405 201 340 -185 486 0x1.c26688p+4 4 1
clause 3754 1 0 300 -138 73 193 359 189 43 13 0x1.4a806p+5 4 1
clause 3662 1 0 88 -576 -2 328 568 298 479 260 0x1.9dd266p+5 4 1
clause 4555 1 0 199 196 73 193 43 0x1.f88252p+9 2 0
clause 3675 1 0 517 88 -299 217 568 479 0x1.4958d2p+8 4 1
clause 2639 1 0 -225 444 289 7 277 161 526 313 0x1.0a0da8p+1 3 1
clause 2777 1 0 174 295 -79 501 380 67 116 582 36 437 166 421 485 560 0x1.3198c6p+1 3 1
clause 2778 1 0 334 429 365 27 430 59 380 -172 46 164 87 493 0x1.31bfe4p+1 3 1
clause 2935 1 0 -150 483 368 301 340 545 175 456 0x1.65c0f6p+1 3 1
clause 3138 1 0 57 120 210 368 223 340 528 51 63 406 -544 378 301 244 389 238 284 105 0x1.b6519cp+1 3 1
clause 3166 1 0 318 -557 567 409 34 0x1.94ab4ap+4 1 0
clause 3868 1 0 592 389 93 278 140 91 -378 551 0x1.c6b644p+1 3 1
clause 3196 1 0 -29 344 454 467 512 382 86 536 326 71 131 232 270 0x1.d081a8p+1 3 1
clause 2623 1 0 396 576 -310 0x1.d8f88ep+3 3 1
clause 3385 1 0 278 -378 50 0x1.189914p+2 3 1
clause 2811 1 0 -136 -3 586 58 360 25 159 0x1.9ce0e4p+5 3 1
clause 3429 1 0 511 -386 566 229 414 354 547 428 146 317 0x1.25aad4p+2 3 1
clause 3444 1 0 -541 120 349 467 406 318 207 84 128 0x1.29cf28p+2 3 1
clause 2715 1 0 81 486 285 175 232 -349 403 546 242 384 0x1.2a3feep+2 3 1
clause 3447 1 0 -316 372 84 0x1.2a8e1p+2 3 1
clause 3452 1 0 -502 417 25 208 347 562 58 0x1.4ed4d4p+4 3 1
clause 4146 1 0 -595 217 1 226 193 73 40 232 0x1.2c432p+2 3 1
clause 3017 1 0 252 389 91 212 141 -9 46 133 18 0x1.494db6p+2 3 1
clause 3559 1 0 260 479 60 126 453 570 306 412 469 386 230 98 -281 216 0x1.4e1f9cp+2 3 1
clause 3565 1 0 422 412 -281 577 399 30 306 67 560 6 479 216 0x1.4ff78ep+2 3 1
clause 3636 1 0 517 387 280 575 217 -330 0x1.7fa27p+5 3 1
clause 3259 1 0 -207 103 208 118 276 488 446 544 0x1.7439cap+2 3 1
clause 3778 1 0 220 487 93 -330 387 188 574 414 333 505 0x1.9fc3c4p+2 3 1
clause 2870 1 0 39 29 236 207 232 349 -275 589 0x1.b40c02p+2 3 1
clause 3830 1 0 -18 393 165 224 138 1 45 587 555 162 46 293 0x1.b62fecp+2 3 1
clause 2665 1 0 -93 133 499 226 313 7 213 284 0x1.ba788ap+2 3 1
clause 3866 1 0 428 -376 242 40 389 58 308 469 215 94 551 0x1.c72b5p+2 3 1
clause 3892 1 0 -566 379 410 287 429 318 498 0x1.d23aa8p+2 3 1
clause 2666 1 0 -177 133 529 0x1.06377ep+5 1 0
clause 3967 1 0 281 519 -252 98 298 507 187 217 120 -2 180 88 406 0x1.055a0ap+3 3 1
clause 3594 1 0 -507 -3 576 97 329 0x1.862bdep+7 3 1
clause 4022 1 0 -406 573 499 586 116 293 386 351 457 0x1.09a0b6p+3 3 1
clause 2880 1 0 265 -12 255 152 0x1.0a368cp+3 3 1
clause 3351 1 0 103 544 353 242 124 -390 238 457 589 141 91 46 584 217 490 0x1.104d4ap+3 3 1
clause 2890 1 0 310 -227 328 574 154 256 99 126 0x1.105854p+3 3 1
clause 4058 1 0 127 543 -210 323 205 455 0x1.2296fcp+4 3 1
clause 4056 1 0 88 301 87 426 468 280 340 291 174 225 379 -385 220 281 230 0x1.1d192p+3 3 1
clause 4101 1 0 38 261 359 58 589 -224 274 460 519 535 340 289 301 0x1.1f2fe6p+3 3 1
clause 4100 1 0 163 46 138 139 -3 186 16 395 579 294 586 575 157 262 0x1.1f79b8p+3 3 1
clause 4132 1 0 487 585 93 239 408 284 406 0x1.2861dep+3 3 1
clause 3854 1 0 262 -158 298 120 1 583 0x1.2fee56p+3 3 1
clause 3761 1 0 432 430 312 -3 328 59 358 27 0x1.a508b6p+5 3 1
clause 4198 1 0 -586 16 204 386 576 459 0x1.8912bcp+6 3 1
clause 4226 1 0 419 -287 427 413 178 561 453 0x1.45722cp+3 3 1
clause 3263 1 0 490 -243 -9 133 388 378 238 241 0x1.469d5ep+3 3 1
clause 4239 1 0 -99 197 44 505 328 359 193 0x1.49b4ep+3 3 1
clause 3485 1 0 -488 120 408 0x1.282926p+5 1 0
clause 3710 1 0 273 -159 574 312 588 222 203 538 294 125 0x1.5204d4p+3 3 1
clause 4272 1 0 519 568 505 251 180 217 298 221 260 -90 413 0x1.54c626p+3 3 1
clause 3579 1 0 -215 313 329 217 282 204 226 505 490 6 -386 0x1.5775b8p+3 3 1
clause 4293 1 0 245 338 312 432 493 221 448 584 305 387 413 424 237 145 -348 107 21 563 0x1.5c0274p+3 3 1
clause 3516 1 0 -259 106 43 60 570 164 73 575 330 312 395 0x1.6a4896p+3 3 1
clause 3521 1 0 -60 570 26 330 282 216 260 0x1.6f00c2p+6 3 1
clause 3544 1 0 592 189 577 73 201 570 360 137 -259 60 0x1.6d897ap+3 3 1
clause 4363 1 0 300 -138 -204 189 47 495 73 193 13 364 58 18 459 430 0x1.75717p+3 3 1
clause 3439 1 0 -84 349 193 207 201 542 68 0x1.c1ceacp+4 3 1
clause 3978 1 0 88 505 -472 60 298 260 27 99 0x1.7d587ap+3 3 1
clause 4401 1 0 432 -473 493 204 25 0x1.82652p+8 1 0
clause 3050 1 0 490 -283 570 212 217 25 358 505 251 31 97 126 226 300 499 576 76 0x1.869d5ep+3 3 1
clause 4021 1 0 585 -285 239 118 241 0x1.facaep+5 1 0
clause 3455 1 0 -408 487 159 88 1 262 249 583 0x1.9342fep+3 3 1
clause 4064 1 0 88 31 495 27 165 358 304 146 261 -43 198 0x1.9f78cep+3 3 1
clause 3501 1 0 -474 97 359 329 25 58 505 0x1.a1bbeep+3 3 1
clause 4032 1 0 -18 276 359 293 196 19 39 0x1.a61e2cp+3 3 1
clause 4486 1 0 -280 309 444 527 340 511 321 301 482 518 0x1.a622b8p+3 3 1
clause 4487 1 0 281 511 286 34 214 27 527 321 -120 301 444 340 309 518 361 238 487 0x1.a68ee4p+3 3 1
clause 3210 1 0 45 -3 172 -587 380 0x1.ca9142p+5 3 1
clause 3568 1 0 249 -25 216 243 585 120 487 0x1.53e556p+4 3 1
clause 4522 1 0 214 452 -27 455 -559 498 139 554 494 1 185 323 80 0x1.b5d61cp+3 3 1
clause 3596 1 0 -298 189 570 284 212 -3 0x1.b71504p+3 3 1
clause 3080 1 0 490 -175 250 568 300 217 88 341 390 0x1.bd3b96p+3 3 1
clause 4136 1 0 88 134 93 280 217 570 159 1 576 77 58 251 298 262 126 569 0x1.bf8d8ep+3 3 1
clause 2730 1 0 -545 155 133 175 123 226 0x1.c86bd8p+3 3 1
clause 3091 1 0 499 -7 314 577 242 136 141 0x1.10a53cp+5 3 1
clause 2659 1 0 -176 133 529 0x1.dd1002p+3 3 1
clause 3558 1 0 9 -2 6 213 315 0x1.2a13a6p+6 3 1
clause 4231 1 0 44 108 214 366 555 73 304 -59 25 494 193 0x1.3e0f7cp+5 3 1
clause 4181 1 0 115 199 572 67 193 -500 405 0x1.bd247ep+4 3 1
clause 3508 1 0 -124 140 91 570 588 -2 284 501 9 252 0x1.0719d6p+5 3 1
clause 3970 1 0 88 568 569 25 251 241 360 329 124 283 298 0x1.f8f48p+3 3 1
clause 4069 1 0 287 -359 138 37 5 578 0x1.003bf6p+4 3 1
clause 2647 1 0 300 251 329 97 -125 506 0x1.095beap+6 3 1
clause 3952 1 0 88 262 217 569 159 -2 125 474 119 247 299 189 0x1.00f39ap+4 3 1
clause 3980 1 0 188 365 138 159 58 -359 298 0x1.7d8f24p+4 3 1
clause 4287 1 0 424 21 312 413 563 145 221 107 305 -348 574 0x1.03ec18p+4 3 1
clause 3632 1 0 -3 -587 226 97 314 501 505 0x1.08bdb2p+7 3 1
clause 2611 1 0 -7 289 193 212 555 315 374 0x1.a3b178p+4 3 1
clause 4251 1 0 -210 183 301 543 340 40 223 304 206 0x1.478086p+5 3 1
clause 4057 1 0 120 585 239 284 408 242 406 0x1.197b9ap+4 3 1
clause 3870 1 0 76 134 278 1 91 77 340 0x1.1b82ecp+4 3 1
clause 3623 1 0 -3 212 158 125 284 0x1.40c548p+6 3 1
clause 3876 1 0 -219 251 73 569 193 164 69 106 555 0x1.29b8e4p+4 3 1
clause 4441 1 0 -280 347 179 377 390 96 308 249 399 0x1.2ed0acp+4 3 1
clause 4457 1 0 430 358 -204 193 554 375 138 158 586 0x1.33cdecp+4 3 1
clause 4426 1 0 494 452 139 -27 -2 375 214 498 578 0x1.341eaap+4 3 1
clause 2989 1 0 544 384 232 276 -176 350 0x1.cde4dap+5 3 1
clause 3977 1 0 88 76 138 474 -2 159 27 260 280 329 312 0x1.4a3238p+4 3 1
clause 3776 1 0 -507 501 93 328 315 226 570 0x1.a047f2p+5 3 1
clause 4565 1 0 405 445 507 -328 22 0x1.1a35aap+5 3 1
clause 4584 1 0 -118 76 93 212 376 556 501 21 463 549 209 0x1.d5a19ap+4 3 1
clause 4594 1 0 235 287 577 208 232 493 6 92 34 -7 -207 213 430 0x1.c1b124p+5 3 1
clause 3671 1 0 585 120 93 -406 243 0x1.684cfap+4 3 1
clause 3893 1 0 -22 566 226 -176 0x1.37dedap+5 3 1
clause 4305 1 0 331 457 23 -387 507 16 217 0x1.30d25ap+7 3 1
clause 3213 1 0 548 389 93 -76 243 49 376 0x1.75838cp+4 3 1
clause 2608 1 0 -213 555 125 374 97 284 0x1.caa31ap+5 3 1
clause 2857 1 0 252 141 46 -390 18 242 0x1.78c38ap+4 3 1
clause 2673 1 0 133 -8 313 226 213 284 0x1.3426acp+7 3 1
clause 2746 1 0 -275 39 498 0x1.28317cp+5 3 1
clause 3855 1 0 -249 88 214 25 59 261 0x1.b1ef0cp+4 3 1
clause 2852 1 0 9 241 -211 91 285 0x1.28825ap+8 1 0
clause 4564 1 0 434 330 405 360 -196 33 0x1.c9e31cp+4 3 1
clause 4346 1 0 366 261 251 -58 0x1.1a6c3ap+9 1 0
clause 3919 1 0 555 587 44 -202 373 431 0x1.716294p+7 3 1
clause 3747 1 0 92 506 586 577 300 226 -9 -138 6 159 0x1.415006p+6 3 1
clause 3132 1 0 -243 133 78 545 226 313 0x1.000e8p+6 3 1
clause 4493 1 0 -495 163 554 45 430 373 0x1.70f25ap+7 1 0
clause 2986 1 0 490 133 -9 212 241 284 238 0x1.15915ap+5 3 1
clause 4222 1 0 -575 230 413 494 387 310 220 198 304 0x1.40e30cp+5 3 1
clause 3621 1 0 -89 487 298 120 249 0x1.8dc686p+5 3 1
clause 3857 1 0 88 147 -76 549 259 249 0x1.6150bcp+5 3 1
clause 3576 1 0 262 -584 211 1 243 284 0x1.690b2ep+5 3 1
clause 4241 1 0 -124 159 1 99 203 0x1.229982p+9 3 1
clause 2993 1 0 -488 406 88 249 298 0x1.b48c6p+5 3 1
clause 4513 1 0 -399 447 232 116 323 455 0x1.b4f91p+5 3 1
clause 3620 1 0 88 -260 570 298 251 0x1.52a892p+6 3 1
clause 3035 1 0 281 -252 329 519 187 217 0x1.25208ap+8 3 1
clause 3009 1 0 517 88 217 259 298 250 187 0x1.30a8b4p+6 3 1
clause 3707 1 0 517 88 -568 217 298 0x1.21535ap+7 3 1
clause 3994 1 0 -252 387 17 217 0x1.053d2p+10 3 1
clause 3543 1 0 281 -89 518 179 0x1.bc1a4p+6 3 1
clause 2765 1 0 -43 555 193 197 0x1.faee74p+9 3 1
clause 2744 1 0 281 -39 242 141 180 359 546 497 286 81 285 0x1.34516cp+2 2 1
clause 3498 1 0 408 574 312 125 -285 545 386 351 0x1.3a2f28p+2 2 1
clause 3542 1 0 94 418 -281 216 574 306 469 204 328 412 229 0x1.4a244ap+2 2 1
clause 2693 1 0 297 499 -4 35 410 514 315 0x1.59a7cp+2 2 1
clause 3222 1 0 -215 69 282 133 559 370 275 179 352 389 376 0x1.661956p+2 2 1
clause 2863 1 0 141 -242 545 39 285 276 0x1.d8e0c4p+6 2 1
clause 3312 1 0 44 -500 313 62 164 588 0x1.87729cp+2 2 1
clause 3049 1 0 487 238 212 -285 120 76 406 0x1.a5004ap+2 2 1
clause 3302 1 0 256 -283 440 125 97 0x1.96e1bep+5 2 1
clause 2860 1 0 424 -222 19 355 325 0x1.012f92p+5 2 1
clause 3871 1 0 252 -529 242 578 570 365 333 387 431 140 374 389 159 340 17 177 293 0x1.c84e9ep+2 2 1
clause 3922 1 0 575 -312 182 542 493 206 0x1.e1a41ap+2 2 1
clause 2975 1 0 -488 275 353 238 406 589 0x1.cbaa6ep+4 2 1
clause 3428 1 0 -16 365 229 570 252 96 333 387 0x1.723916p+4 2 1
clause 2894 1 0 501 577 212 -9 5 375 76 0x1.5b0ffep+7 2 1
clause 4179 1 0 -304 22 414 199 220 115 405 476 399 0x1.367f22p+3 2 1
clause 4361 1 0 22 -298 159 221 507 15 0x1.6a563p+5 2 1
clause 4368 1 0 471 -251 458 566 16 23 333 0x1.1f912p+5 2 1
clause 4396 1 0 249 387 -76 413 216 305 476 -312 222 0x1.81fa8cp+3 2 1
clause 3822 1 0 49 -279 376 0x1.7b88ap+9 2 1
clause 4142 1 0 396 576 -281 46 204 588 45 16 330 0x1.c1319p+3 2 1
clause 3585 1 0 36 288 6 -314 501 0x1.011814p+7 2 1
clause 3252 1 0 -276 204 235 588 292 430 589 0x1.89a828p+4 2 1
clause 3572 1 0 120 -487 570 385 217 299 0x1.a08b1ep+5 2 1
clause 3762 1 0 165 -25 365 59 495 0x1.adba6ep+4 2 1
clause 4230 1 0 265 477 214 25 304 171 -60 307 0x1.002cbcp+4 2 1
clause 4007 1 0 -87 19 16 46 426 0x1.c86df2p+4 2 1
clause 4340 1 0 406 244 78 593 583 185 392 554 488 249 -444 212 526 0x1.138e8p+4 2 1
clause 3415 1 0 490 389 377 362 388 0x1.187204p+4 2 1
clause 3878 1 0 417 88 -168 512 319 368 142 0x1.1e1acep+4 2 1
clause 3569 1 0 120 249 243 27 216 585 408 0x1.20f58p+4 2 1
clause 4389 1 0 15 126 -587 159 312 459 574 0x1.979924p+5 2 1
clause 4139 1 0 -574 88 280 330 217 306 412 386 0x1.2dba7ap+4 2 1
clause 2622 1 0 -493 184 432 375 554 79 0x1.03f386p+5 2 1
clause 4532 1 0 -479 88 305 299 147 398 0x1.4c74f8p+4 2 1
clause 2723 1 0 15 159 -137 0x1.0c0edcp+7 2 1
clause 4551 1 0 199 -554 43 73 193 0x1.1a08cap+8 2 1
clause 4571 1 0 -507 126 97 298 159 0x1.0c6626p+8 2 1
clause 3904 1 0 342 -586 224 204 15 474 0x1.529508p+5 2 1
clause 2774 1 0 -453 287 421 577 80 5 139 0x1.7d423ep+4 2 1
clause 2721 1 0 235 -375 430 136 577 0x1.9637dcp+4 2 1
clause 4400 1 0 347 -77 562 249 0x1.8152d6p+6 2 1
clause 3317 1 0 281 -89 518 179 259 0x1.a11adep+4 2 1
clause 2644 1 0 126 284 97 212 -373 554 0x1.1c888p+5 2 1
clause 3546 1 0 178 412 -281 216 306 0x1.5fd6c6p+6 2 1
clause 3225 1 0 429 -386 490 217 231 0x1.df69acp+4 2 1
clause 3831 1 0 -386 249 261 519 488 305 280 215 480 118 0x1.0e7296p+6 2 1
clause 3074 1 0 133 284 -211 545 0x1.ecb31ep+7 2 1
clause 3214 1 0 208 118 215 -27 248 0x1.193272p+7 2 1
clause 3653 1 0 575 311 395 574 0x1.031456p+5 2 1
clause 3612 1 0 281 -89 217 179 570 298 0x1.0b2f5p+5 2 1
clause 2605 1 0 -77 7 91 0x1.0fa506p+5 2 1
clause 3350 1 0 383 -105 455 0x1.0a59b6p+8 2 1
clause 3451 1 0 -128 208 25 58 307 0x1.1b01cp+5 2 1
clause 3378 1 0 -594 587 43 73 293 0x1.09c6c2p+8 2 1
clause 2914 1 0 -84 352 316 275 0x1.aae87cp+5 2 1
clause 4589 1 0 -197 349 183 207 193 0x1.85df24p+7 2 1
clause 4409 1 0 -78 145 91 376 526 212 344 534 511 0x1.6bad6cp+5 2 1
clause 3432 1 0 -22 566 506 0x1.f1c564p+7 2 1
clause 4285 1 0 -456 103 382 0x1.80f084p+6 2 1
clause 3550 1 0 -507 175 22 544 226 0x1.287938p+7 2 1
clause 3740 1 0 -124 300 98 159 506 0x1.415e62p+7 2 1
clause 3104 1 0 -150 528 442 536 0x1.9a65cap+7 2 1
clause 3122 1 0 281 -260 519 179 480 0x1.ca9ce6p+6 2 1
clause 4242 1 0 432 -3 495 27 203 0x1.2d017p+6 2 1
clause 3742 1 0 214 26 93 -76 243 249 0x1.6e43c4p+6 2 1
clause 3587 1 0 517 126 -568 217 159 88 0x1.c716bp+6 2 1
clause 4298 1 0 -385 487 214 249 304 414 0x1.606396p+6 2 1
clause 3753 1 0 -201 196 43 73 193 0x1.c14272p+5 2 1
clause 3526 1 0 487 406 118 120 0x1.dc94p+5 2 1
clause 2963 1 0 -408 487 118 0x1.7e308ap+6 2 1
clause 3642 1 0 157 284 125 -2 211 0x1.3075dp+7 2 1
clause 3913 1 0 15 159 1 473 -587 0x1.ae232p+8 2 1
clause 4195 1 0 -200 196 554 73 193 0x1.8d920ep+8 2 1
clause 3112 1 0 -25 432 495 204 474 0x1.00f608p+7 2 1
clause 3182 1 0 490 -376 362 389 0x1.ffd364p+5 2 1
clause 4036 1 0 -16 387 217 251 0x1.0adef6p+8 2 1
clause 3397 1 0 -50 549 212 91 0x1.b6ee46p+6 2 1
clause 3954 1 0 88 249 93 298 -76 251 0x1.dc73f8p+6 2 1
clause 3560 1 0 -298 126 570 189 159 0x1.224d92p+7 2 1
clause 2637 1 0 -108 365 43 73 164 0x1.6f617p+7 2 1
clause 4127 1 0 358 45 193 138 554 -587 158 0x1.001302p+9 2 1
clause 2699 1 0 -78 7 91 0x1.85176cp+7 2 1
clause 3610 1 0 281 88 179 -517 0x1.82096p+6 2 1
clause 3041 1 0 407 -120 488 0x1.ad13acp+8 2 1
clause 3787 1 0 281 180 88 179 259 519 0x1.2e8eaap+7 2 1
clause 3404 1 0 157 579 -2 136 6 0x1.4d067cp+7 2 1
clause 2831 1 0 -3 202 138 586 0x1.5406f6p+9 2 1
clause 3884 1 0 567 -22 507 0x1.98d0e2p+7 2 1
clause 4075 1 0 328 -570 124 395 0x1.3b52f2p+8 2 1
clause 3388 1 0 479 533 -145 178 0x1.dabd74p+7 2 1
clause 2658 1 0 378 51 -278 0x1.6419fcp+8 2 1
clause 2873 1 0 39 498 276 0x1.2d44acp+9 2 1
clause 3421 1 0 278 -7 212 0x1.04c796p+9 2 1
clause 3386 1 0 278 50 377 0x1.acaa2ep+8 2 1
clause 3896 1 0 281 88 280 179 518 0x1.c5d792p+7 2 1
clause 2985 1 0 76 7 91 0x1.5a4a5ap+10 2 1
clause 3425 1 0 135 -176 531 0x1.bd7f34p+2 1 1
clause 3380 1 0 511 354 468 532 -86 0x1.19a9ecp+3 1 1
clause 2625 1 0 -369 11 302 482 341 0x1.3bdfcep+3 1 1
clause 3814 1 0 534 352 -549 146 0x1.56077ep+3 1 1
clause 3058 1 0 78 9 93 76 0x1.688c28p+3 1 1
clause 3260 1 0 -350 57 571 488 296 118 0x1.8fdcc6p+3 1 1
clause 3352 1 0 -93 362 213 377 238 7 285 242 0x1.a07466p+3 1 1
clause 3027 1 0 9 78 -91 0x1.6fae5ep+6 1 1
clause 4254 1 0 299 505 125 -157 97 0x1.965ffep+7 1 1
clause 3793 1 0 420 -462 346 94 309 0x1.820182p+5 1 1
clause 2884 1 0 133 -228 7 212 545 313 0x1.665d4ep+5 1 1
clause 3557 1 0 -545 103 175 0x1.226966p+8 1 1
clause 3743 1 0 76 243 93 91 213 50 214 26 0x1.6cf2fep+4 1 1
clause 4081 1 0 434 -519 448 339 0x1.19fabp+5 1 1
clause 3842 1 0 362 551 -378 0x1.f95078p+5 1 1
clause 3177 1 0 -177 104 545 0x1.442c16p+8 1 1
clause 3178 1 0 326 356 -49 0x1.6d87d6p+7 1 1
clause 2918 1 0 -488 56 238 406 0x1.6d6886p+5 1 1
clause 2747 1 0 -136 15 159 0x1.c48e04p+7 1 1
clause 3168 1 0 -317 84 354 275 0x1.00822ep+5 1 1
clause 4249 1 0 -349 487 209 206 0x1.16e6c6p+7 1 1
clause 3220 1 0 -37 272 292 276 0x1.dea506p+5 1 1
clause 3311 1 0 -468 326 222 424 0x1.53bf94p+6 1 1
clause 2943 1 0 340 301 -14 0x1.e24088p+7 1 1
clause 2996 1 0 456 -104 384 0x1.17dfcp+7 1 1
clause 3869 1 0 -177 134 530 0x1.103b5p+6 1 1
clause 3464 1 0 -277 9 213 0x1.652fep+8 1 1
clause 3590 1 0 251 188 -568 0x1.ed9c84p+5 1 1
clause 2907 1 0 -488 406 118 0x1.b5727p+5 1 1
clause 2724 1 0 120 408 -487 0x1.05c922p+6 1 1
clause 2819 1 0 -136 -3 586 473 0x1.c0d95ep+7 1 1
clause 2874 1 0 105 -176 546 0x1.95eb12p+8 1 1
clause 3442 1 0 -251 189 570 0x1.43a1fp+8 1 1
clause 4090 1 0 -136 158 14 0x1.6a3dccp+9 1 1
clause 3298 1 0 575 -312 395 0x1.0e253cp+7 1 1
clause 3821 1 0 278 212 -9 0x1.592962p+9 1 1
clause 4270 1 0 -311 574 394 0x1.871bfap+8 1 1
clause 3448 1 0 318 372 84 0x1.f602e2p+8 1 1
clause 3426 1 0 135 531 177 0x1.ef9ba2p+8 1 1
clause 2988 1 0 9 -91 313 500 0x1.0901bep+8 1 1
clause 3135 1 0 501 92 -9 313 0x1.6ece46p+8 1 1
clause 2696 1 0 133 175 529 0x1.c37228p+8 1 1
clause 3737 1 0 -89 480 261 0x1.0a8d08p+8 1 1
clause 3545 1 0 120 408 489 0x1.3119b4p+10 1 1
clause 3914 1 0 188 251 569 0x1.f6ff82p+10 1 1
clause 2908 1 0 15 159 138 0x1.444a7ap+10 1 1
clause 2719 1 0 -3 203 473 0x1.2375b8p+10 1 1
clause 3947 1 0 575 311 395 0x1.4c5a04p+10 1 1
clause 3443 1 0 252 189 570 0x1.22401ap+11 1 1
clause 2630 1 0 396 576 312 0x1.0c401ep+11 1 1
clause 3767 1 0 487 406 118 0x1.190b2ap+10 1 1
clause 3115 1 0 9 78 93 0x1.1b4bccp+10 1 1
clause 2805 1 0 204 -2 474 0x1.52208cp+10 1 1
clause 4603 1 0 432 430 193 235 -3 351 27 181 203 196 0x1.e2d212p+4 6 1
clause 4604 1 0 281 -136 586 88 193 27 247 196 -300 163 595 1 216 0x1.dede4cp+3 9 1
clause 4605 1 0 -360 108 328 395 58 366 0x1.0f3aa8p+5 2 1
clause 4606 1 0 281 -22 358 -432 27 595 300 216 163 247 88 0x1.df5806p+3 8 1
clause 4607 1 0 -25 432 138 495 586 1 0x1.4a9168p+7 4 0
clause 4608 1 0 281 432 595 445 375 329 495 186 586 350 193 45 554 88 183 247 1 216 -136 27 0x1.de2294p+3 10 1
clause 4609 1 0 540 157 -2 211 459 568 -182 403 9 445 247 350 200 148 76 309 209 207 304 0x1.de2246p+3 5 1
clause 4610 1 0 88 -119 232 212 300 463 76 247 9 350 445 0x1.de5f6ap+3 6 1
clause 4611 1 0 9 78 126 212 62 226 76 376 99 568 505 0x1.de9c9cp+3 6 1
clause 4612 1 0 379 -222 486 445 335 403 -278 232 9 376 463 0x1.ded9ep+3 6 1
clause 4613 1 0 -22 -136 379 -495 300 232 595 99 217 350 183 226 163 21 200 554 88 -26 45 432 375 329 586 193 247 281 1 216 0x1.df5494p+3 9 1
clause 4614 1 0 281 -22 226 73 595 -43 27 -359 88 232 217 193 -136 216 1 247 0x1.e14164p+3 9 1
clause 4615 1 0 432 278 193 27 247 -91 586 88 -136 1 300 78 -197 0x1.6e0fdap+4 7 0
clause 4616 1 0 281 278 27 300 1 216 586 595 220 88 -136 33 60 193 432 7 247 -197 0x1.e0c572p+3 10 1
clause 4617 1 0 -136 278 432 196 27 216 247 193 33 586 1 220 60 595 281 88 300 -197 0x1.ebd152p+4 9 1
clause 4618 1 0 432 487 193 212 -473 76 235 586 138 -197 1 27 0x1.6ee788p+4 8 1
clause 4619 1 0 -197 -91 586 78 193 -2 27 44 487 -136 98 212 0x1.6c87c6p+4 4 0
clause 4620 1 0 527 -136 78 98 212 586 193 44 374 247 27 1 432 300 595 88 -197 0x1.e2b2fep+3 7 1
clause 4621 1 0 281 27 247 1 88 216 193 226 73 232 217 -43 40 0x1.e85088p+3 8 1
clause 4622 1 0 451 -360 496 58 37 0x1.e3aa8p+3 3 1
clause 4623 1 0 287 358 -92 241 118 5 577 208 501 58 0x1.40158ap+5 4 1
clause 4624 1 0 166 290 432 -14 40 352 35 28 5 225 287 9 183 393 137 232 7 548 77 235 366 212 163 430 554 45 138 586 -25 1 0x1.e4a282p+3 8 1
clause 4625 1 0 281 62 226 225 232 352 -359 -43 235 27 118 216 314 9 40 -14 5 287 35 166 137 7 548 77 212 430 138 -25 1 193 28 0x1.e55ce4p+3 10 1
clause 4626 1 0 281 -570 -432 124 493 0x1.157c88p+5 4 1
clause 4627 1 0 281 -43 232 -2 193 77 1 216 226 27 549 217 40 118 287 -25 9 377 93 -136 0x1.e6d294p+3 9 1
clause 4628 1 0 -211 577 76 500 374 9 6 0x1.4b3b5ep+5 4 1
clause 4629 1 0 358 577 93 193 432 500 125 430 213 196 76 9 6 235 118 138 586 -25 1 0x1.70b146p+4 6 1
clause 4630 1 0 281 549 217 -7 232 213 88 -432 493 241 93 29 377 305 0x1.7c0ca4p+4 6 1
clause 4631 1 0 281 -43 217 305 232 88 377 193 118 -25 1 -136 226 27 216 40 287 -78 0x1.eabe1cp+3 8 1
clause 4632 1 0 -198 -432 235 299 27 305 118 216 182 281 193 0x1.e88786p+3 9 1
clause 4633 1 0 -3 -136 305 118 58 595 366 568 196 395 88 182 586 27 -432 216 281 193 0x1.e904b6p+3 9 1
clause 4634 1 0 216 118 58 1 395 595 -136 366 586 88 196 -432 7 27 182 305 281 193 8 0x1.e98206p+3 9 1
clause 4635 1 0 281 216 27 217 88 -432 163 8 92 305 208 -136 1 595 586 58 193 118 196 493 0x1.ebb87cp+3 8 1
clause 4636 1 0 120 249 243 -25 216 -43 118 193 -569 570 217 424 277 377 432 -136 211 1 0x1.eabbe8p+3 7 1
clause 4637 1 0 -359 88 259 595 328 365 58 396 0x1.50b876p+5 3 0
clause 4638 1 0 -25 216 91 249 193 595 118 88 305 -43 217 377 432 -136 1 92 0x1.ec74eep+3 6 1
clause 4639 1 0 -136 44 213 27 193 241 298 553 -197 1 226 183 305 586 0x1.ec358cp+3 7 1
clause 4640 1 0 76 375 138 586 -299 1 -9 193 365 45 358 554 577 -359 58 0x1.ec748cp+3 6 1
clause 4641 1 0 -136 58 1 568 -43 193 -9 27 298 365 241 226 305 183 0x1.ed31fp+3 6 1
clause 4642 1 0 281 -43 26 73 159 88 595 217 216 300 58 568 365 249 304 396 1 193 385 183 349 432 -136 0x1.ed711p+3 7 1
clause 4643 1 0 281 -43 193 1 216 73 217 88 27 226 232 40 0x1.03f7d2p+4 7 1
clause 4644 1 0 499 251 223 40 160 -156 505 393 67 569 126 555 97 291 226 0x1.ee2ec4p+2 6 1
clause 4645 1 0 88 -260 344 212 376 247 413 519 76 475 221 424 304 145 341 526 0x1.73a0a4p+4 4 0
clause 4646 1 0 9 115 499 8 212 376 548 397 145 78 0x1.7787e4p+4 3 1
clause 4647 1 0 -312 247 499 76 88 259 20 212 376 347 487 344 221 413 304 526 519 341 475 107 0x1.efea92p+3 5 1
clause 4648 1 0 281 216 27 -159 88 187 330 60 304 20 107 588 475 487 1 -136 0x1.f46b82p+3 8 1
clause 4649 1 0 -570 -3 138 125 187 385 18 312 0x1.175a94p+5 3 0
clause 4650 1 0 281 568 138 -3 187 312 385 27 330 18 125 0x1.2d959ap+6 6 0
clause 4651 1 0 88 60 27 312 216 222 -278 20 487 -3 577 281 187 330 138 125 76 304 0x1.f52a6cp+3 6 0
clause 4652 1 0 281 27 193 574 487 -91 -197 588 217 60 312 -3 187 330 138 125 570 387 0x1.f3e79p+3 10 1
clause 4653 1 0 281 -18 374 76 -279 312 60 577 67 182 27 216 474 204 588 574 9 20 0x1.f42764p+3 9 1
clause 4654 1 0 281 -586 27 493 284 39 125 18 138 312 395 -3 187 9 577 374 -279 216 330 0x1.f3a6d6p+3 10 1
clause 4655 1 0 -197 -136 27 216 -93 193 562 1 595 281 88 278 300 487 586 183 539 -7 232 287 6 208 493 213 430 500 0x1.f3e6cap+3 12 1
clause 4656 1 0 -197 -136 27 1 216 300 88 -394 595 281 18 -7 125 487 193 232 475 304 -3 588 312 187 278 0x1.f4e742p+3 11 1
clause 4657 1 0 281 216 -432 494 27 0x1.1262a6p+6 3 0
clause 4658 1 0 -197 432 27 193 249 -3 586 487 216 -136 588 0x1.789e6ap+4 8 1
clause 4659 1 0 -136 505 570 216 27 487 193 312 -197 588 281 88 595 107 396 1 300 232 475 304 187 67 217 226 0x1.f74a44p+4 9 0
clause 4660 1 0 432 -3 495 27 0x1.f39b46p+8 2 0
clause 4661 1 0 281 330 -3 27 -396 216 0x1.5e6ed8p+6 4 0
clause 4662 1 0 -197 505 27 216 -432 -136 193 487 300 588 281 88 595 107 1 232 475 304 187 67 217 226 0x1.f7eb58p+3 9 1
clause 4663 1 0 -197 -25 216 505 27 193 487 -136 588 281 88 595 107 1 300 232 475 304 187 67 217 226 0x1.f82bdp+3 9 1
clause 4664 1 0 519 -312 125 413 342 259 475 330 419 457 20 575 0x1.f86c58p+3 3 1
clause 4665 1 0 -197 -136 27 216 88 187 -298 193 475 588 281 595 107 1 232 67 217 226 0x1.fa31e6p+3 8 1
clause 4666 1 0 -203 187 60 27 298 88 473 216 182 157 475 281 432 1 0x1.7b84b8p+4 7 0
clause 4667 1 0 298 88 312 187 -136 27 473 1 60 588 216 432 182 475 281 330 0x1.82cf8p+4 9 1
clause 4668 1 0 -136 88 216 298 312 1 60 588 187 27 432 182 475 281 330 0x1.faf414p+3 6 0
clause 4669 1 0 281 330 -432 88 187 216 595 1 27 157 588 298 217 165 0x1.86263ap+4 6 0
clause 4670 1 0 432 -3 27 298 187 182 88 216 157 475 281 60 1 0x1.fb75dcp+3 7 1
clause 4671 1 0 281 88 27 1 216 595 -197 -136 217 193 232 226 73 43 0x1.077978p+4 7 1
clause 4672 1 0 281 -58 217 88 298 27 187 300 0x1.7fdb9p+4 8 1
clause 4673 1 0 281 88 329 298 217 -568 0x1.1375fap+5 5 1
clause 4674 1 0 396 576 587 458 -202 0x1.522e0ap+7 2 0
clause 4675 1 0 281 76 216 217 88 576 27 473 203 187 298 396 587 165 358 21 300 221 108 595 0x1.00ac34p+4 10 1
clause 4676 1 0 -93 88 76 242 595 390 247 165 499 313 61 0x1.443db6p+5 4 0
clause 4677 1 0 -60 387 595 499 165 76 576 487 88 247 242 187 568 212 376 108 330 358 0x1.801a8ap+4 9 1
clause 4678 1 0 387 330 576 260 212 568 247 108 59 88 76 499 487 281 180 519 376 309 165 595 187 252 242 358 0x1.ff89d4p+3 9 1
clause 4679 1 0 517 -204 27 76 216 108 576 212 88 281 595 126 187 358 217 505 487 165 473 587 0x1.004822p+4 11 1
clause 4680 1 0 517 88 217 216 595 -568 396 27 281 358 395 126 0x1.468b62p+5 7 0
clause 4681 1 0 -330 568 505 99 126 0x1.01ba24p+7 2 0
clause 4682 1 0 517 88 358 27 576 216 76 595 487 217 281 165 396 126 197 221 21 43 432 505 587 -2 108 187 0x1.01917ep+4 11 1
clause 4683 1 0 -474 375 43 235 464 542 208 144 481 183 432 587 40 203 223 0x1.010d48p+4 9 1
clause 4684 1 0 88 76 595 91 444 165 208 27 108 568 309 187 487 358 576 217 330 505 479 226 247 216 344 587 -2 481 183 -328 235 43 144 432 40 223 396 281 519 0x1.014f28p+4 13 1
clause 4685 1 0 108 330 226 576 165 88 587 595 27 505 -118 187 76 568 487 358 444 217 309 479 216 344 -2 481 183 235 43 432 40 223 396 281 519 177 0x1.01d32ap+4 12 1
clause 4686 1 0 568 -329 187 457 358 311 21 197 0x1.48ea54p+6 5 0
clause 4687 1 0 477 330 576 329 165 73 193 197 21 217 43 385 221 413 281 519 187 0x1.93a86cp+4 5 0
clause 4688 1 0 21 330 43 165 568 197 358 576 187 311 73 193 221 217 309 587 413 281 519 487 226 505 595 88 108 76 477 444 344 479 216 27 -2 481 183 235 432 40 223 396 177 0x1.02574ep+4 11 1
clause 4689 1 0 281 576 -495 88 43 197 396 216 358 21 73 193 217 311 226 595 444 108 76 126 -2 27 187 235 432 40 -14 300 0x1.88236p+5 8 0
clause 4690 1 0 281 88 217 311 197 27 -329 300 126 187 358 495 473 587 203 21 576 0x1.05bd88p+4 6 0
clause 4691 1 0 281 27 329 216 217 88 595 495 -568 358 126 396 0x1.02fcecp+3 8 1
clause 4692 1 0 281 576 495 27 -395 216 329 0x1.033f4ap+3 5 1
clause 4693 1 0 203 -494 27 473 432 0x1.6b42f8p+8 2 0
clause 4694 1 0 -495 444 576 226 193 358 73 216 156 300 201 126 197 207 217 281 595 88 108 76 43 505 27 -2 235 432 40 -14 574 0x1.862b9p+4 10 1
clause 4695 1 0 88 505 43 27 216 395 226 358 76 193 73 577 157 217 281 595 197 432 574 235 -2 40 -14 -25 0x1.0533d8p+4 10 1
clause 4696 1 0 -311 574 193 43 73 226 235 76 -2 432 587 444 126 505 0x1.f61c3p+5 5 0
clause 4697 1 0 577 -474 43 247 76 595 505 88 330 226 193 126 73 395 300 197 358 217 281 444 216 27 -2 235 432 40 -14 574 0x1.057682p+4 10 1
clause 4698 1 0 499 -7 93 314 0x1.a372aap+7 2 0
clause 4699 1 0 444 126 564 97 216 108 403 88 197 209 226 499 311 73 193 43 242 304 358 300 217 281 595 76 505 119 27 -2 235 432 40 -14 107 395 93 0x1.0597b8p+4 11 1
clause 4700 1 0 330 494 43 576 217 76 386 -108 432 300 97 457 73 505 126 311 0x1.05dac2p+4 7 1
clause 4701 1 0 88 108 312 595 576 126 247 330 311 9 0x1.7fcb04p+5 6 1
clause 4702 1 0 -7 395 226 126 499 197 76 595 27 311 247 88 358 108 43 73 193 217 281 300 444 216 242 -2 235 432 40 -14 505 330 376 0x1.061dc2p+4 10 1
clause 4703 1 0 -90 444 108 197 76 304 311 126 209 226 499 242 73 193 43 300 403 358 97 217 281 595 88 505 216 27 -2 235 432 40 -14 395 93 247 0x1.063f5p+4 10 1
clause 4704 1 0 281 27 595 358 197 226 73 193 76 432 88 216 43 329 395 235 -2 40 -14 217 577 157 330 0x1.068284p+4 10 1
clause 4705 1 0 281 88 73 595 432 217 27 193 197 358 216 226 43 329 395 235 -2 40 -14 577 157 76 0x1.06e778p+4 9 1
clause 4706 1 0 281 216 587 473 203 -330 27 458 396 0x1.07092p+4 6 1
clause 4707 1 0 281 27 73 595 217 43 76 88 577 329 216 432 193 197 358 226 235 -2 40 -14 157 0x1.083982p+4 8 1
clause 4708 1 0 88 60 93 569 27 108 76 126 311 249 -202 577 -2 216 358 73 595 300 587 458 396 0x1.07b1c8p+4 7 0
clause 4709 1 0 88 -78 -204 27 444 358 216 217 212 311 197 281 300 -329 473 587 0x1.07d38ap+4 9 1
clause 4710 1 0 -329 88 73 -2 27 216 311 577 76 587 43 126 358 595 300 197 -78 217 444 281 0x1.085ae2p+4 8 1
clause 4711 1 0 396 587 43 203 73 -108 0x1.fd5714p+6 3 0
clause 4712 1 0 311 76 43 1 138 78 226 193 27 577 -576 432 73 595 -2 587 126 506 108 0x1.089e9p+4 8 1
clause 4713 1 0 281 88 197 216 217 27 -329 444 126 358 432 73 193 226 595 76 300 43 -2 235 311 40 -14 1 138 577 0x1.090454p+4 9 1
clause 4714 1 0 281 216 261 576 217 27 300 88 60 189 18 252 587 494 203 312 575 0x1.09264p+4 7 1
clause 4715 1 0 281 216 73 595 217 -2 27 193 226 88 43 432 197 40 1 -136 0x1.0c3be6p+4 8 1
clause 4716 1 0 430 432 -90 27 -3 312 18 281 187 330 358 138 125 414 487 214 304 0x1.09ae36p+4 9 1
clause 4717 1 0 487 387 160 362 522 18 267 10 377 482 321 595 88 27 -3 432 312 430 281 187 330 358 138 125 414 214 304 0x1.09f24ap+4 9 1
clause 4718 1 0 160 10 98 -298 555 595 19 88 125 312 387 107 293 214 593 522 362 377 482 27 -3 432 430 281 330 358 138 169 475 305 0x1.0a5892p+4 8 1
clause 4719 1 0 -89 145 189 27 323 387 397 217 -3 312 385 281 568 330 18 138 125 0x1.0a7aa8p+4 8 1
clause 4720 1 0 281 88 193 232 217 432 27 -3 197 312 574 595 -202 387 40 543 73 330 216 43 -136 0x1.0c167p+4 8 1
clause 4721 1 0 -46 412 165 197 183 304 73 20 43 222 0x1.0ae11cp+3 7 1
clause 4722 1 0 -90 406 76 213 373 376 577 247 299 0x1.0b258p+3 5 1
clause 4723 1 0 -7 499 165 312 242 125 88 595 247 563 213 574 577 376 373 92 0x1.0bd0d8p+4 6 1
clause 4724 1 0 -136 165 312 43 27 473 588 88 1 216 298 432 281 330 197 73 193 183 304 299 0x1.0c9f4ap+4 9 1
clause 4725 1 0 487 -3 138 7 27 76 312 229 569 281 187 330 577 125 387 251 547 242 20 0x1.0c37c6p+4 7 0
clause 4726 1 0 499 -7 165 242 125 88 595 247 312 213 547 577 376 373 574 0x1.92ffa6p+4 6 1
clause 4727 1 0 -3 229 569 125 577 27 312 76 487 281 187 330 138 387 251 547 242 165 88 595 499 247 376 373 574 0x1.0cc15p+4 8 1
clause 4728 1 0 -91 432 49 569 215 27 251 -3 125 577 242 376 0x1.0ce3b6p+4 6 1
clause 4729 1 0 76 229 -3 577 -188 312 27 487 125 242 215 432 281 187 330 138 387 376 88 595 499 247 373 574 0x1.0d4b1ep+4 7 1
clause 4730 1 0 499 -7 213 242 165 125 88 595 247 312 376 577 373 574 0x1.0d6d96p+4 5 1
clause 4731 1 0 281 88 432 193 -3 197 27 595 -576 43 -136 1 216 73 232 217 40 0x1.0e5fd8p+4 8 1
clause 4732 1 0 -243 -278 577 73 226 376 6 545 108 573 76 7 373 0x1.0df7bep+4 7 1
clause 4733 1 0 -3 -136 212 576 432 88 376 311 21 568 493 281 216 197 108 73 226 -243 545 7 573 0x1.0e3cecp+4 9 1
clause 4734 1 0 88 -243 43 432 7 576 216 27 -136 -3 281 73 226 197 0x1.0e822cp+4 8 1
clause 4735 1 0 576 -136 88 432 7 27 216 197 43 -3 281 73 226 0x1.0eea34p+4 7 1
clause 4736 1 0 -136 586 217 43 91 243 493 432 396 576 -3 197 0x1.0f0ce2p+4 5 1
clause 4737 1 0 281 88 27 216 217 432 73 226 193 1 232 40 0x1.10238ep+4 7 1
clause 4738 1 0 472 -203 1 0x1.5f5ap+9 3 1
clause 4739 1 0 157 88 243 -2 211 358 595 216 -25 217 517 27 108 281 395 91 0x1.0fdd78p+4 8 1
clause 4740 1 0 248 287 91 358 -2 108 -25 577 9 501 88 595 157 217 517 27 216 281 395 76 0x1.102322p+4 7 1
clause 4741 1 0 517 88 217 43 377 182 193 -2 73 305 232 248 375 29 287 -25 595 27 216 281 395 586 -136 0x1.10aecp+4 6 1
clause 4742 1 0 281 115 88 27 -3 358 1 306 -78 500 76 217 216 232 -432 29 0x1.108bc2p+3 7 1
clause 4743 1 0 241 155 226 293 593 -211 577 389 375 0x1.c23bd8p+5 4 1
clause 4744 1 0 281 88 27 1 216 217 73 193 226 232 40 0x1.1b701ap+4 6 1
clause 4745 1 0 281 586 217 -3 -330 568 -136 25 118 574 0x1.9ccda6p+4 8 1
clause 4746 1 0 281 -473 88 25 426 217 574 222 -189 395 204 430 118 330 299 568 0x1.11e9b2p+4 9 1
clause 4747 1 0 281 69 595 73 -575 125 217 88 395 25 299 -473 189 204 330 0x1.a45aeap+4 6 0
clause 4748 1 0 281 426 203 216 376 595 -3 -136 568 88 25 495 395 73 217 389 118 499 0x1.13032cp+4 8 1
clause 4749 1 0 241 189 342 374 216 389 489 284 118 217 376 260 492 395 281 -432 0x1.12bc7cp+4 8 1
clause 4750 1 0 584 150 40 62 -570 164 364 223 443 -77 303 489 526 342 60 369 519 125 260 0x1.12dfa8p+4 6 1
clause 4751 1 0 281 584 -77 88 216 217 595 376 389 40 395 526 -300 443 303 342 60 125 226 315 6 577 374 495 431 118 241 284 223 107 0x1.136cacp+4 8 1
clause 4752 1 0 457 385 193 73 43 -9 140 6 92 226 505 -250 20 577 0x1.1781fap+5 5 1
clause 4753 1 0 -569 250 187 0x1.89f994p+9 2 1
clause 4754 1 0 88 584 73 78 226 211 -91 216 217 595 140 281 40 60 495 284 193 1 -136 25 395 389 0x1.13f9d4p+4 9 1
clause 4755 1 0 -136 88 -91 216 474 217 1 73 584 226 211 395 284 595 140 281 40 60 495 193 25 389 0x1.14f1f8p+4 8 1
clause 4756 1 0 474 -136 73 193 575 211 430 189 568 -125 1 284 0x1.ccd404p+4 6 0
clause 4757 1 0 -329 553 568 193 300 299 457 358 311 -124 159 0x1.14ce34p+4 5 1
clause 4758 1 0 281 389 217 430 595 88 60 193 568 458 7 216 -570 311 163 575 211 1 284 73 474 -136 0x1.155c36p+4 8 1
clause 4759 1 0 281 -300 376 570 584 595 217 248 216 389 88 0x1.62819ep+5 6 1
clause 4760 1 0 -586 458 73 193 -9 140 505 226 6 92 -250 385 577 0x1.a75bc6p+4 4 1
clause 4761 1 0 281 216 217 193 226 88 595 -91 211 -136 73 1 60 474 495 40 25 243 0x1.1a951p+4 7 1
clause 4762 1 0 281 -406 595 88 73 329 -3 586 193 25 216 210 304 120 217 -136 366 568 248 0x1.169cacp+4 9 1
clause 4763 1 0 309 -576 541 60 366 324 348 115 108 311 0x1.1678dep+4 5 1
clause 4764 1 0 281 394 586 -3 284 530 330 88 595 25 247 348 9 563 372 -136 60 115 366 324 206 108 329 0x1.16c03ap+4 10 1
clause 4765 1 0 281 394 586 -3 25 -136 284 348 366 530 595 88 247 9 563 372 60 115 324 206 108 329 0x1.1707a8p+4 9 1
clause 4766 1 0 281 495 -3 -136 -189 25 304 216 586 568 284 530 595 88 60 210 487 73 193 217 232 91 0x1.1772f8p+4 9 1
clause 4767 1 0 281 586 -3 25 -570 300 -136 0x1.1db7d2p+5 5 0
clause 4768 1 0 281 -136 586 -3 216 25 304 495 187 570 568 284 530 595 88 60 210 487 73 193 217 232 91 0x1.18922p+4 8 1
clause 4769 1 0 281 207 6 505 210 313 304 -330 34 226 216 181 0x1.a492f4p+4 6 0
clause 4770 1 0 120 181 -237 67 248 88 595 487 73 577 548 106 530 293 544 226 358 505 328 34 210 6 304 313 216 281 0x1.1891d6p+4 9 1
clause 4771 1 0 -329 590 96 44 106 73 197 544 163 462 226 358 505 0x1.18b5cp+4 6 1
clause 4772 1 0 281 462 226 34 304 505 216 -493 313 6 106 328 210 544 73 44 358 389 378 430 235 120 487 248 88 595 577 548 67 530 293 0x1.18fdbp+4 8 1
clause 4773 1 0 281 235 92 -7 232 216 213 577 34 6 487 430 226 304 505 311 328 544 25 -473 204 495 210 462 73 44 358 389 378 120 248 88 595 548 67 530 293 312 0x1.1945b2p+4 7 1
clause 4774 1 0 281 88 226 91 586 25 216 210 73 495 595 300 243 -136 232 60 193 217 -3 211 0x1.198dc4p+4 8 1
clause 4775 1 0 281 474 91 1 226 586 88 25 216 210 73 495 595 300 243 232 60 193 217 -136 211 0x1.1b89dep+4 8 1
clause 4776 1 0 -7 235 43 226 126 495 73 193 506 -207 569 330 300 432 499 0x1.19fa04p+3 9 1
clause 4777 1 0 -118 407 488 0x1.19350ep+9 2 1
clause 4778 1 0 88 499 313 216 91 385 5 -299 217 210 569 0x1.1aaecep+4 8 1
clause 4779 1 0 -329 499 5 88 126 226 97 300 91 216 210 217 -7 576 0x1.1b3fd4p+4 7 1
clause 4780 1 0 375 577 570 548 432 495 576 -214 126 329 50 281 377 0x1.1b3fcp+4 7 1
clause 4781 1 0 281 424 263 329 576 88 126 210 432 495 300 595 221 -93 216 375 577 50 377 5 226 313 76 499 0x1.1b8858p+4 9 1
clause 4782 1 0 281 88 91 432 457 217 300 193 73 226 43 595 587 243 499 -204 495 216 210 -136 211 474 1 0x1.1c3e4p+4 9 1
clause 4783 1 0 -279 284 73 312 43 25 548 125 562 -314 187 -494 216 568 9 91 499 0x1.1c3e26p+4 7 1
clause 4784 1 0 -215 43 73 193 286 465 68 498 35 182 304 0x1.aaca76p+4 3 0
clause 4785 1 0 88 309 43 595 60 91 -279 499 73 193 304 140 548 329 187 76 216 -494 284 312 125 25 286 -311 330 281 519 217 0x1.1cab66p+4 8 1
clause 4786 1 0 281 216 91 88 73 193 300 243 43 499 226 60 595 25 432 217 292 495 211 1 202 474 457 587 210 -136 0x1.1d18e2p+4 8 1
clause 4787 1 0 -315 553 73 43 193 97 62 505 468 226 0x1.1d3d6p+4 3 1
clause 4788 1 0 281 216 211 217 226 73 193 -136 300 91 1 474 88 243 60 595 25 495 210 232 0x1.1e62ap+4 7 1
clause 4789 1 0 310 574 394 575 0x1.998e56p+7 1 0
clause 4790 1 0 575 311 235 431 495 572 156 310 0x1.1df43cp+3 6 1
clause 4791 1 0 -535 528 -120 583 149 0x1.1e623p+4 4 1
clause 4792 1 0 443 537 97 -314 572 -120 393 489 374 528 240 583 452 287 367 6 226 0x1.1eab94p+4 5 1
clause 4793 1 0 443 397 138 489 -3 588 287 374 -7 93 226 108 528 60 -89 125 284 548 243 91 0x1.1ef50ap+4 6 1
clause 4794 1 0 -215 -7 243 217 595 88 577 278 -300 138 588 -3 374 443 226 60 125 284 91 222 0x1.1f3e92p+4 5 1
clause 4795 1 0 281 216 217 211 88 226 1 73 193 232 40 0x1.229606p+4 6 1
clause 4796 1 0 281 -214 570 298 595 217 584 389 88 518 260 329 0x1.1ff6c2p+4 6 1
clause 4797 1 0 -89 460 546 118 322 235 518 240 454 386 584 389 305 595 298 217 281 570 216 0x1.201b9ep+4 6 1
clause 4798 1 0 584 88 235 -252 546 60 358 240 118 389 595 217 281 216 126 568 0x1.23049ap+4 5 1
clause 4799 1 0 281 60 366 -90 1 570 329 358 126 474 251 260 595 0x1.211e7cp+4 7 1
clause 4800 1 0 -59 310 329 358 73 593 385 108 16 366 498 0x1.214374p+4 4 1
clause 4801 1 0 59 413 432 26 217 419 88 519 595 492 -387 260 366 574 0x1.214362p+4 6 1
clause 4802 1 0 474 -136 193 73 7 310 59 226 260 505 -250 1 25 385 495 492 432 217 26 140 595 519 88 -328 366 281 259 307 0x1.218d82p+4 7 1
clause 4803 1 0 281 -136 1 140 217 570 88 193 73 216 495 226 25 474 26 595 7 60 126 373 252 0x1.23bda4p+4 6 1
clause 4804 1 0 -136 198 575 -2 300 73 193 21 495 459 189 163 340 474 0x1.2221fap+4 6 1
clause 4805 1 0 387 300 189 -574 389 1 73 193 47 474 -136 518 281 495 491 217 330 364 0x1.f238d6p+4 6 0
clause 4806 1 0 300 118 495 364 -570 574 47 126 -3 281 -136 25 0x1.22b6cp+4 6 1
clause 4807 1 0 281 216 126 518 300 249 217 88 387 307 389 491 118 474 1 364 -570 495 47 -136 25 73 193 0x1.23268cp+4 7 1
clause 4808 1 0 330 -260 576 73 193 529 217 480 281 385 -204 187 498 165 593 293 458 -136 1 0x1.234bd2p+4 7 1
clause 4809 1 0 281 -58 226 213 73 7 193 529 88 -136 -570 595 1 474 217 284 252 389 126 216 140 495 0x1.249ce8p+4 6 1
clause 4810 1 0 39 385 193 431 43 529 73 495 140 -250 575 373 292 577 0x1.b67a5cp+4 6 1
clause 4811 1 0 281 443 529 308 431 223 118 577 373 241 40 -285 385 303 342 517 217 252 193 43 140 575 73 495 292 39 0x1.242bfcp+4 7 1
clause 4812 1 0 281 517 189 88 577 373 443 39 252 303 73 193 529 365 595 140 217 495 -586 118 -285 310 308 241 40 299 342 1 204 0x1.249c58p+4 7 1
clause 4813 1 0 281 69 73 -575 125 217 88 595 25 299 -473 189 204 330 0x1.24c1ccp+4 6 1
clause 4814 1 0 281 88 226 73 189 -3 389 25 217 140 595 330 40 -136 517 39 -211 252 193 365 495 -285 308 0x1.2557fep+4 5 1
clause 4815 1 0 292 -298 -211 577 575 284 39 457 140 193 43 444 73 495 385 252 584 97 226 189 118 506 0x1.2557eap+4 5 1
clause 4816 1 0 575 88 569 595 73 193 189 217 389 140 457 300 292 39 577 43 -211 284 444 495 252 584 97 226 118 330 576 0x1.25a316p+4 4 1
clause 4817 1 0 281 216 217 88 73 193 226 1 40 232 0x1.2cdb38p+4 5 1
clause 4818 1 0 281 88 226 507 395 329 217 311 570 495 -204 -136 193 1 430 0x1.278e7ap+4 7 1
clause 4819 1 0 -545 405 566 115 23 476 311 -44 341 193 73 553 0x1.26850ep+4 5 1
clause 4820 1 0 59 166 27 476 369 -14 182 311 495 517 197 193 73 546 315 76 -330 505 204 1 157 586 0x1.271c26p+4 7 1
clause 4821 1 0 88 517 73 159 595 217 164 -568 576 458 311 197 261 0x1.2741e8p+4 5 1
clause 4822 1 0 -43 178 206 214 16 -330 249 386 487 304 311 182 88 505 568 193 197 0x1.2767b2p+4 5 1
clause 4823 1 0 -298 307 178 517 217 203 306 73 214 495 204 193 595 576 311 249 27 386 1 -136 -330 226 0x1.284b4p+4 6 1
clause 4824 1 0 -136 586 73 193 43 298 -126 1 188 203 0x1.28251ep+4 7 1
clause 4825 1 0 298 88 226 586 -136 73 -3 595 375 241 155 43 164 212 0x1.284b06p+4 5 1
clause 4826 1 0 -136 88 204 306 595 197 311 517 542 217 40 576 178 495 1 226 73 92 249 260 307 59 27 430 43 395 298 125 193 188 203 0x1.28bcf8p+4 6 1
clause 4827 1 0 -159 311 125 495 306 395 183 298 0x1.39c67ep+5 1 0
clause 4828 1 0 178 311 495 27 595 395 203 1 329 -136 193 517 542 88 217 40 576 306 226 73 249 307 430 386 214 -330 281 0x1.29c7a6p+4 6 1
clause 4829 1 0 88 249 203 159 307 432 59 493 374 1 570 517 217 126 562 -136 0x1.29edb6p+4 5 1
clause 4830 1 0 230 76 43 217 562 507 73 193 542 457 21 298 249 386 165 307 108 207 59 595 183 88 281 570 300 306 517 568 0x1.29ed98p+4 5 0
clause 4831 1 0 -569 249 214 -298 507 457 386 178 217 0x1.2c683p+5 5 1
clause 4832 1 0 281 88 570 595 568 217 542 59 562 300 517 457 108 230 73 193 507 21 76 249 386 165 307 207 183 306 214 178 0x1.2a601cp+4 5 1
clause 4833 1 0 281 88 193 232 226 217 -575 73 1 40 0x1.2f3a08p+4 5 1
clause 4834 1 0 -43 91 209 575 124 570 226 505 242 328 288 487 -136 1 473 0x1.2b6c34p+4 6 1
clause 4835 1 0 214 575 43 138 430 25 -7 314 193 358 158 -2 487 386 93 587 0x1.2b45bap+4 7 1
clause 4836 1 0 358 505 328 217 25 386 575 250 226 -7 413 221 214 487 193 138 158 -2 430 43 93 587 0x1.2b926ap+4 6 1
clause 4837 1 0 517 575 43 413 570 595 88 505 217 25 259 328 250 226 358 -7 -14 214 487 193 138 430 364 242 378 73 1 124 157 0x1.2bdf2ep+4 6 1
clause 4838 1 0 -136 517 -568 1 -58 217 226 88 575 595 413 328 214 193 430 378 73 288 27 0x1.2c9f94p+4 5 1
clause 4839 1 0 358 505 99 -472 328 27 58 0x1.2fd1p+5 2 0
clause 4840 1 0 575 -158 217 58 226 -568 328 1 88 517 27 -136 0x1.2cec8p+4 5 1
clause 4841 1 0 -360 430 235 193 259 249 58 487 88 27 182 494 0x1.2d1304p+4 4 1
clause 4842 1 0 281 517 217 88 595 -568 193 430 249 27 575 226 1 -136 214 378 73 288 306 215 0x1.3093a8p+4 5 1
clause 4843 1 0 517 487 526 302 306 193 537 499 250 341 223 108 217 568 88 300 366 -569 0x1.2dad66p+4 8 1
clause 4844 1 0 -395 -569 249 178 457 306 507 217 526 197 302 214 385 499 223 300 193 341 487 517 207 568 88 366 43 587 73 203 576 0x1.2e216ap+4 7 1
clause 4845 1 0 -299 306 178 385 17 526 212 487 230 20 517 217 568 88 0x1.2e4816p+4 6 1
clause 4846 1 0 230 487 306 -569 212 526 300 197 178 517 217 568 88 494 575 507 249 214 223 302 193 341 207 366 587 73 203 576 0x1.2e958cp+4 6 1
clause 4847 1 0 517 575 158 507 306 -569 197 568 217 88 249 366 178 214 193 443 73 576 27 430 1 478 -136 0x1.2f7ea2p+4 6 1
clause 4848 1 0 281 88 570 595 92 217 242 -487 299 385 0x1.2fcc68p+4 4 0
clause 4849 1 0 281 206 126 306 570 88 217 209 181 159 299 385 -300 0x1.2f7e66p+4 7 1
clause 4850 1 0 -569 178 126 197 -158 306 507 249 385 217 214 570 575 281 88 235 27 430 1 202 138 0x1.2ff31ep+4 7 1
clause 4851 1 0 328 76 242 226 568 577 188 430 -2 97 -298 499 507 0x1.301a06p+4 5 1
clause 4852 1 0 517 178 507 568 197 306 249 88 217 307 575 126 214 193 73 576 27 430 1 -136 59 281 570 226 328 0x1.3067f4p+4 6 1
clause 4853 1 0 281 88 217 306 -359 595 27 1 178 249 568 517 307 575 214 193 73 430 -136 226 328 0x1.323e56p+4 5 1
clause 4854 1 0 517 88 568 -260 217 298 0x1.315248p+4 4 1
clause 4855 1 0 -127 367 384 504 148 0x1.315234p+4 3 1
clause 4856 1 0 367 -136 -300 241 129 208 249 575 348 203 178 1 126 444 261 88 0x1.31a072p+4 4 1
clause 4857 1 0 575 178 198 73 595 298 88 60 1 217 33 569 306 517 568 -136 249 27 307 0x1.32daaap+4 4 1
clause 4858 1 0 -576 480 60 261 506 27 24 182 179 368 307 323 331 385 281 217 556 0x1.3215fp+3 5 1
clause 4859 1 0 -204 76 93 99 577 288 155 235 5 27 314 139 328 505 358 430 473 587 0x1.3301a4p+4 3 1
clause 4860 1 0 -58 575 138 586 487 76 314 193 251 -2 430 214 99 217 328 -570 517 -576 88 73 595 300 0x1.3328e6p+4 4 1
clause 4861 1 0 -570 328 193 198 99 21 45 -311 0x1.d17f78p+4 5 1
clause 4862 1 0 -576 88 328 73 203 -2 587 198 595 60 300 193 99 45 21 -570 0x1.337788p+4 5 1
clause 4863 1 0 178 -136 198 -2 214 487 88 249 73 304 595 60 300 193 99 328 -570 575 251 430 314 217 517 288 155 27 505 0x1.33c652p+4 3 1
clause 4864 1 0 88 281 1 193 217 226 73 232 40 0x1.982054p+4 4 1
clause 4865 1 0 281 575 -569 217 478 328 358 136 13 259 506 0x1.3fb05ap+5 6 0
clause 4866 1 0 -566 418 13 427 341 22 477 220 0x1.f8cb2cp+5 1 0
clause 4867 1 0 230 567 358 -3 97 22 506 576 13 341 -180 431 305 281 413 0x1.42cf3ap+5 4 0
clause 4868 1 0 281 307 442 324 341 595 576 22 -3 305 358 107 499 575 506 13 97 431 67 146 91 247 488 387 179 0x1.d87916p+4 7 0
clause 4869 1 0 -399 114 146 521 33 10 595 492 107 434 347 0x1.35a0bap+4 4 1
clause 4870 1 0 -518 95 -3 223 107 307 201 492 595 140 232 305 454 462 442 324 469 40 257 136 358 328 281 22 292 97 506 13 431 67 499 91 247 488 387 575 478 259 0x1.d8711cp+4 9 1
clause 4871 1 0 -306 392 591 91 207 462 488 95 67 499 193 554 73 43 201 419 476 0x1.363f7ep+4 5 1
clause 4872 1 0 281 328 431 40 43 499 -3 247 193 73 319 223 364 307 25 358 292 595 232 554 257 97 506 13 575 478 259 -299 217 125 0x1.3bc606p+4 8 1
clause 4873 1 0 -251 499 91 189 201 67 0x1.5e4cdcp+5 2 0
clause 4874 1 0 -570 22 159 222 91 251 217 575 125 138 67 387 499 540 0x1.372e3ep+4 9 1
clause 4875 1 0 387 575 351 193 189 232 554 292 540 91 319 67 364 358 125 217 328 222 22 201 138 499 159 171 0x1.37a5eap+4 11 1
clause 4876 1 0 487 188 -300 506 120 -3 570 217 99 0x1.d440b4p+4 4 0
clause 4877 1 0 -477 487 506 217 120 99 -3 -300 193 554 232 319 125 364 358 328 575 292 222 138 499 91 0x1.386dc4p+4 10 1
clause 4878 1 0 281 189 431 213 477 -251 91 342 125 159 306 259 217 138 0x1.e49838p+4 5 0
clause 4879 1 0 499 -570 138 226 125 527 91 159 585 213 259 0x1.38bdcp+4 8 1
clause 4880 1 0 -118 575 595 73 138 193 328 -3 319 99 358 43 364 217 554 292 -300 506 226 499 342 125 259 232 222 0x1.f35edp+4 4 0
clause 4881 1 0 165 499 431 43 374 554 241 91 25 -498 313 393 226 319 544 0x1.39864ap+4 9 1
clause 4882 1 0 281 498 141 544 431 374 93 25 6 226 118 241 499 -7 91 0x1.39ae6ap+4 10 1
clause 4883 1 0 281 285 575 499 -7 554 226 431 217 292 -252 358 328 25 6 118 91 165 43 489 393 319 213 0x1.48c65ap+5 4 0
clause 4884 1 0 -276 575 40 499 312 91 489 562 247 292 96 217 -252 0x1.3a9fe2p+4 8 1
clause 4885 1 0 281 249 -76 307 442 -494 93 186 25 486 0x1.3a9fcep+4 5 1
clause 4886 1 0 281 186 306 442 93 431 118 -76 307 493 25 486 247 181 91 0x1.3af06ep+4 8 1
clause 4887 1 0 281 307 499 -3 -252 138 489 306 25 247 -188 43 73 431 193 554 319 40 118 575 125 217 292 328 358 91 226 364 570 0x1.3b698cp+4 9 0
clause 4888 1 0 281 328 518 259 -569 0x1.cf4dd2p+7 2 0
clause 4889 1 0 281 118 125 -3 138 431 307 25 247 306 499 73 328 193 570 319 40 43 575 217 292 554 358 489 226 364 259 189 0x1.3e467ap+4 9 1
clause 4890 1 0 -498 393 238 139 241 56 283 319 0x1.3c5c46p+4 6 1
clause 4891 1 0 281 449 330 402 216 -284 538 395 -3 139 238 241 0x1.e02c1p+4 3 0
clause 4892 1 0 281 222 554 99 25 -3 16 283 319 393 120 73 193 43 241 -570 118 198 328 575 457 139 292 39 247 489 0x1.dd3e5ep+4 9 0
clause 4893 1 0 -279 -242 549 215 577 139 25 0x1.6e994cp+6 1 0
clause 4894 1 0 278 390 529 549 498 292 594 371 39 0x1.3d7856p+4 4 1
clause 4895 1 0 292 39 99 73 25 554 303 342 223 283 577 319 -188 76 247 7 281 -3 222 193 43 241 -570 118 198 328 575 457 489 364 0x1.3da0fep+3 10 1
clause 4896 1 0 504 481 73 554 167 67 368 -498 199 43 319 451 0x1.60e1acp+5 5 0
clause 4897 1 0 181 -3 432 216 306 25 27 0x1.6687acp+7 3 0
clause 4898 1 0 -169 199 215 67 207 372 118 543 -27 476 0x1.3ee71ap+4 4 1
clause 4899 1 0 -320 577 373 498 393 554 140 0x1.3f38d2p+4 3 0
clause 4900 1 0 -169 543 -27 118 67 199 247 372 207 476 0x1.3f61aep+4 4 1
clause 4901 1 0 368 39 -3 167 188 306 118 247 319 223 40 575 504 577 25 554 73 43 451 431 303 281 342 518 217 193 569 189 0x1.4451fep+5 5 0
clause 4902 1 0 568 -329 187 457 199 358 554 292 319 393 16 43 73 200 193 0x1.40578ap+4 7 1
clause 4903 1 0 281 25 554 -3 222 99 16 319 393 283 73 193 43 120 -570 118 198 328 575 457 139 292 39 247 489 0x1.408086p+4 9 1
clause 4904 1 0 568 -329 187 457 371 358 66 -276 292 16 0x1.e450d8p+4 4 1
clause 4905 1 0 281 307 -3 328 223 451 247 319 358 25 73 193 457 -15 292 43 575 99 167 40 364 431 217 478 125 259 554 499 226 595 -300 506 232 0x1.40fbb8p+4 8 1
clause 4906 1 0 281 99 328 226 217 -3 451 319 40 25 307 478 259 247 358 73 193 223 -586 364 595 232 298 97 0x1.4463a6p+4 7 1
clause 4907 1 0 281 358 204 215 474 213 -553 25 259 -586 328 217 210 276 319 364 393 0x1.421c2p+4 10 1
clause 4908 1 0 525 296 172 160 -120 -252 569 86 351 457 107 499 159 575 364 126 291 0x1.421cp+4 7 1
clause 4909 1 0 319 252 276 -188 328 475 159 358 403 223 0x1.e421fcp+4 7 0
clause 4910 1 0 -120 126 328 575 358 217 298 403 569 319 276 159 187 457 475 223 86 172 160 525 296 351 107 499 364 291 0x1.4297dp+4 9 1
clause 4911 1 0 319 98 328 358 393 217 -120 126 276 159 172 223 525 364 73 193 298 555 204 474 -586 213 25 281 259 247 0x1.4366cap+4 9 1
clause 4912 1 0 126 -569 252 298 159 98 0x1.cdc004p+6 3 0
clause 4913 1 0 281 393 -189 555 328 569 431 358 25 457 575 43 217 276 126 120 298 364 0x1.43901p+4 9 1
clause 4914 1 0 358 393 43 223 159 328 252 276 73 193 555 319 281 120 25 431 457 575 217 126 298 364 98 0x1.43e2fap+4 9 1
clause 4915 1 0 281 358 595 217 159 204 126 525 259 555 73 328 364 193 276 319 25 298 98 172 223 393 474 -586 213 247 0x1.e8adb4p+4 6 0
clause 4916 1 0 281 -498 35 519 259 431 494 209 482 10 25 167 243 561 140 451 0x1.44890ep+4 7 1
clause 4917 1 0 307 358 328 -3 570 595 469 232 497 276 40 492 223 454 281 22 292 97 13 431 67 499 247 387 575 478 259 519 107 95 482 25 167 451 57 457 298 126 -251 569 0x1.44dc38p+4 9 1
clause 4918 1 0 358 -3 328 451 569 43 73 193 167 478 292 259 497 319 307 595 188 232 95 40 223 281 276 97 13 431 499 247 575 107 482 25 57 457 298 126 217 0x1.455928p+4 8 1
clause 4919 1 0 281 98 217 159 126 298 -569 259 328 0x1.f07c92p+4 5 1
clause 4920 1 0 281 -498 328 73 193 -3 478 259 319 307 595 232 40 451 358 126 97 247 25 298 223 217 364 555 98 172 525 -586 0x1.45ac7cp+3 7 1
clause 4921 1 0 281 307 499 -3 364 595 67 358 575 457 97 13 22 247 -518 431 298 387 126 478 -251 569 259 0x1.467d6p+4 8 1
clause 4922 1 0 -189 476 126 216 247 25 17 493 387 222 457 347 330 298 569 0x1.46a726p+4 6 1
clause 4923 1 0 -395 298 432 181 457 247 -3 387 93 17 216 25 493 138 0x1.46d0f4p+4 6 1
clause 4924 1 0 281 575 -3 259 217 188 328 319 247 25 40 451 126 167 73 223 499 193 431 98 43 298 457 478 358 307 595 97 13 364 0x1.474ea4p+4 7 1
clause 4925 1 0 281 -276 -3 307 292 43 489 395 247 457 588 358 73 193 328 13 187 251 569 126 575 0x1.47788ap+4 7 1
clause 4926 1 0 281 358 247 217 -3 364 451 307 73 193 595 328 259 40 319 25 298 172 223 -586 478 97 226 232 0x1.48c936p+4 6 1
clause 4927 1 0 384 -3 43 432 73 193 -570 216 124 419 128 25 443 226 298 519 505 27 97 259 0x1.eec116p+4 7 1
clause 4928 1 0 -395 457 73 595 180 259 217 128 -3 43 216 193 478 432 419 25 443 226 298 519 568 505 97 574 493 0x1.491d36p+4 6 1
clause 4929 1 0 -507 457 159 443 292 122 16 167 373 503 482 369 128 226 298 0x1.48c8b6p+4 6 1
clause 4930 1 0 128 387 167 570 443 73 193 217 298 97 457 505 319 373 292 43 159 226 172 107 595 264 180 478 259 568 0x1.497162p+4 5 1
clause 4931 1 0 543 397 107 40 -17 -58 319 252 147 513 566 23 261 569 292 457 0x1.499b88p+4 5 1
clause 4932 1 0 337 419 43 222 267 448 433 476 73 193 -19 0x1.15b3f4p+5 3 1
clause 4933 1 0 281 -58 -586 73 -3 217 193 40 226 232 1 0x1.526658p+4 6 1
clause 4934 1 0 137 156 586 432 469 495 493 -3 230 98 25 0x1.4a448p+3 8 1
clause 4935 1 0 575 199 43 73 432 193 574 364 -493 0x1.9f131ap+5 4 0
clause 4936 1 0 -359 432 126 298 226 586 25 -3 230 43 364 73 469 193 575 199 330 0x1.4b184p+4 10 1
clause 4937 1 0 199 -3 586 432 73 25 193 364 126 575 358 230 226 469 298 43 330 0x1.4b9796p+4 9 1
clause 4938 1 0 358 457 586 19 196 -203 -3 0x1.f512fep+4 5 1
clause 4939 1 0 432 126 93 140 457 193 586 -3 358 67 25 199 -16 364 73 469 226 298 330 387 0x1.4c419ep+4 9 1
clause 4940 1 0 469 -493 40 -3 330 395 126 387 281 340 60 15 574 432 0x1.f33778p+4 8 1
clause 4941 1 0 199 358 73 586 432 193 60 469 340 40 298 387 25 -3 281 330 126 457 17 67 140 93 364 226 0x1.4d416ep+4 9 1
clause 4942 1 0 -574 330 586 358 -3 0x1.285574p+6 4 1
clause 4943 1 0 128 -3 432 73 193 473 443 216 298 25 505 226 -251 519 419 259 197 -570 16 458 333 394 574 0x1.4d6bf4p+4 8 1
clause 4944 1 0 419 387 394 73 -3 595 193 -570 492 40 60 199 281 364 25 -138 574 443 226 298 519 128 259 -251 16 458 333 358 0x1.4dc166p+4 8 1
clause 4945 1 0 281 -3 519 -570 73 193 358 40 25 364 586 595 387 199 60 226 298 492 259 -251 333 17 307 0x1.4ec27ep+4 8 1
clause 4946 1 0 310 330 394 -3 358 586 328 0x1.f76678p+4 5 1
clause 4947 1 0 310 574 394 0x1.8c0422p+10 1 0
clause 4948 1 0 281 84 247 13 488 -3 358 310 506 22 305 387 394 478 259 519 328 586 0x1.f8689ap+4 4 0
clause 4949 1 0 358 45 226 25 493 -568 17 193 330 158 140 506 586 -3 457 395 0x1.4f6de4p+4 7 1
clause 4950 1 0 281 358 193 17 586 -3 226 25 -251 247 364 73 478 259 519 298 60 40 595 492 199 387 333 307 0x1.50f20cp+4 7 1
clause 4951 1 0 214 319 -3 574 231 375 25 140 469 -330 554 392 136 95 387 358 506 414 0x1.5019e2p+4 8 1
clause 4952 1 0 319 -3 -568 95 193 586 158 358 574 392 164 554 495 214 140 469 25 375 231 387 506 414 0x1.50c65p+4 8 1
clause 4953 1 0 548 577 78 -137 0x1.89d8a8p+7 1 0
clause 4954 1 0 358 -138 13 193 586 44 555 0x1.0d3f3ep+7 3 0
clause 4955 1 0 319 -3 95 -432 392 193 158 586 25 358 574 164 -568 140 469 387 506 247 478 259 519 281 0x1.519e2cp+4 7 1
clause 4956 1 0 358 -3 595 193 432 164 107 158 586 138 328 25 17 0x1.51c964p+4 7 1
clause 4957 1 0 358 -3 73 -568 193 574 25 17 586 595 164 506 158 107 319 392 95 140 469 387 247 478 259 519 281 0x1.521ff4p+4 7 1
clause 4958 1 0 281 364 -3 25 478 259 1 586 247 73 193 358 595 60 319 298 17 226 40 -251 307 217 0x1.54ae0cp+4 7 1
clause 4959 1 0 17 -3 570 586 -188 358 163 -203 364 0x1.52f8c2p+4 5 0
clause 4960 1 0 281 575 -569 217 478 328 358 159 136 259 298 570 0x1.23769cp+6 5 0
clause 4961 1 0 214 17 586 25 570 217 298 247 328 -3 136 358 251 364 478 281 -203 259 430 0x1.53a692p+4 8 1
clause 4962 1 0 281 328 -252 17 259 298 120 217 0x1.052a54p+5 3 0
clause 4963 1 0 281 586 -3 298 259 251 358 247 -330 25 136 17 364 217 478 0x1.ffdcb8p+4 7 1
clause 4964 1 0 180 478 432 574 193 252 25 505 -569 595 226 -3 197 32 298 364 259 21 0x1.54abf4p+4 7 1
clause 4965 1 0 126 165 473 461 48 393 237 595 197 443 73 513 193 10 32 448 98 432 586 156 -3 1 15 0x1.54d78ep+4 7 1
clause 4966 1 0 -3 298 432 574 595 252 505 25 478 443 73 193 15 237 1 226 32 519 197 78 259 586 364 568 251 180 17 0x1.552ee6p+4 8 1
clause 4967 1 0 281 478 193 73 251 25 -3 586 364 17 259 217 595 60 1 226 298 -138 307 358 247 0x1.5635b8p+4 7 1
clause 4968 1 0 -252 17 458 -310 217 0x1.d4bb6p+6 2 0
clause 4969 1 0 -493 570 138 298 17 358 251 364 193 -587 217 574 0x1.6db24cp+5 4 0
clause 4970 1 0 281 586 217 -3 259 193 298 247 358 -569 25 17 364 478 138 0x1.56b90ep+4 6 1
clause 4971 1 0 108 17 -587 193 251 73 252 574 189 358 138 0x1.56e4eep+4 4 1
clause 4972 1 0 281 586 -3 247 364 298 17 193 217 73 259 25 358 478 60 595 1 226 307 319 40 0x1.58f6c8p+4 6 1
clause 4973 1 0 281 493 518 595 -432 386 478 247 298 458 251 259 -58 310 47 0x1.8bf8aap+5 4 0
clause 4974 1 0 281 -58 -3 586 518 493 595 386 458 478 247 298 47 251 259 310 0x1.5818e2p+4 7 1
clause 4975 1 0 -203 493 595 586 73 198 106 47 -3 358 311 0x1.5844eep+4 5 1
clause 4976 1 0 281 -58 518 -3 251 595 47 493 73 586 20 458 386 478 247 298 259 0x1.031bb6p+5 6 1
clause 4977 1 0 281 173 264 6 478 198 491 73 595 -432 163 386 298 -58 247 251 259 216 106 518 0x1.5921aep+4 7 1
clause 4978 1 0 281 357 518 386 224 159 574 469 358 40 -366 230 193 426 198 47 73 595 106 163 0x1.594ddcp+4 7 1
clause 4979 1 0 281 163 595 -3 478 386 469 -58 518 40 193 491 73 251 430 203 298 247 259 47 20 394 0x1.59a658p+4 6 1
clause 4980 1 0 281 -58 298 -3 478 217 259 386 -252 586 595 40 193 47 73 247 20 458 0x1.5a57acp+4 5 1
clause 4981 1 0 281 -366 586 193 -3 73 595 47 478 20 251 -58 458 386 247 298 259 252 0x1.5a83fap+4 5 1
clause 4982 1 0 281 328 -569 -3 478 217 99 358 506 136 259 298 570 0x1.5ab056p+4 5 1
clause 4983 1 0 281 -58 -3 226 217 193 73 40 1 232 0x1.6d4dbap+4 5 1
clause 4984 1 0 281 209 568 -3 -473 187 138 330 125 417 144 87 48 481 16 319 19 193 391 45 358 158 432 0x1.5b621ap+4 7 1
clause 4985 1 0 281 127 -569 -3 358 138 330 319 193 26 48 503 369 226 73 298 108 -364 0x1.5be7b4p+4 6 1
clause 4986 1 0 -203 574 432 26 217 -252 48 165 1 0x1.07ef72p+5 5 1
clause 4987 1 0 281 365 -569 217 358 1 -3 319 503 193 26 369 226 73 298 519 595 179 308 359 0x1.5c6d6ep+4 6 1
clause 4988 1 0 281 -569 -3 298 217 259 319 1 193 226 73 595 58 478 0x1.6e2c62p+4 5 1
clause 4989 1 0 -59 -574 124 73 420 196 193 97 387 366 414 201 305 25 214 0x1.19b562p+5 3 0
clause 4990 1 0 -197 181 387 19 305 414 17 0x1.719952p+5 3 1
clause 4991 1 0 -493 420 469 387 40 17 196 404 231 454 477 414 232 201 193 543 305 396 574 0x1.5dd31ep+4 6 1
clause 4992 1 0 404 477 196 575 97 365 73 193 414 231 420 106 -568 201 454 40 469 17 495 387 232 305 574 0x1.5e2cc2p+4 6 1
clause 4993 1 0 307 6 328 232 196 231 40 136 237 73 193 178 495 -189 575 25 223 97 214 58 478 259 517 217 159 569 298 0x1.0a5502p+5 7 1
clause 4994 1 0 419 429 -385 231 413 0x1.e2a5f2p+5 2 1
clause 4995 1 0 281 25 6 575 193 196 136 217 58 478 298 569 97 259 328 159 232 252 -432 40 73 223 0x1.62f546p+4 7 1
clause 4996 1 0 396 385 97 298 252 220 -230 217 506 159 0x1.1bdd74p+5 4 0
clause 4997 1 0 477 366 73 569 193 298 251 304 172 165 17 196 217 387 381 0x1.616ef6p+5 6 0
clause 4998 1 0 477 366 298 -305 73 193 165 196 188 0x1.d175f2p+5 3 0
clause 4999 1 0 -43 418 565 -3 13 372 95 366 22 220 429 381 165 202 0x1.60a2cap+4 6 1
clause 5000 1 0 368 477 -3 165 565 404 319 504 22 418 340 429 381 73 193 366 220 196 202 247 407 298 304 223 40 471 333 172 17 217 387 569 0x1.612a68p+4 7 0
clause 5001 1 0 -477 429 492 333 40 -3 569 31 366 433 595 418 471 216 27 432 223 25 304 147 0x1.09954p+5 7 1
clause 5002 1 0 404 252 31 -412 73 193 -3 202 319 247 298 223 40 172 217 569 196 595 216 432 25 37 229 506 385 97 330 281 58 519 259 478 180 0x1.62955p+4 8 1
clause 5003 1 0 -365 -3 432 73 193 477 25 188 298 306 216 196 58 0x1.623a2ep+4 9 1
clause 5004 1 0 -304 432 -3 58 216 477 309 25 420 0x1.626786p+4 6 1
clause 5005 1 0 477 -3 432 306 259 298 25 252 188 216 58 420 309 73 193 196 0x1.62efdp+4 8 1
clause 5006 1 0 -3 58 432 259 73 193 188 189 196 252 0x1.9d05a6p+6 5 0
clause 5007 1 0 -251 -3 58 298 432 223 385 73 193 25 229 252 196 259 40 309 216 412 217 0x1.63784p+4 8 1
clause 5008 1 0 -3 31 40 432 252 595 229 25 223 196 73 193 172 385 298 217 569 58 478 519 259 506 216 309 319 404 202 247 37 97 330 281 180 0x1.654188p+4 7 1
clause 5009 1 0 -558 147 595 31 398 106 0x1.70c17ap+6 4 1
clause 5010 1 0 -3 342 432 252 587 235 595 136 196 193 31 216 412 25 -188 58 478 519 259 404 506 201 306 298 0x1.6489ccp+4 8 1
clause 5011 1 0 -3 31 58 73 298 432 136 193 493 25 97 575 252 569 259 216 235 196 587 595 -477 412 478 519 404 506 0x1.65ca6p+4 7 1
clause 5012 1 0 575 264 -27 595 493 58 478 252 259 180 0x1.0e3d58p+5 4 0
clause 5013 1 0 -311 324 330 339 206 399 155 147 350 97 108 543 -568 448 574 0x1.659c2ap+4 5 1
clause 5014 1 0 584 -3 432 339 -26 399 575 -182 324 448 147 97 108 -568 330 574 235 340 477 201 193 196 0x1.65c9f6p+3 7 1
clause 5015 1 0 584 -3 193 432 339 140 -26 373 165 366 587 202 21 108 311 459 312 575 0x1.66538ap+4 6 1
clause 5016 1 0 -26 31 -189 -3 574 147 319 330 366 97 193 448 453 165 432 373 587 202 575 433 513 595 180 412 16 304 477 73 196 298 569 0x1.66af5cp+4 7 1
clause 5017 1 0 281 319 193 136 595 298 31 202 97 73 58 -3 196 587 25 575 569 259 252 40 223 172 217 247 37 478 328 431 232 0x1.684e6ep+4 6 1
clause 5018 1 0 281 37 -3 395 25 216 -596 330 58 259 478 433 180 31 0x1.676748p+4 7 1
clause 5019 1 0 -203 37 58 -252 217 1 31 432 395 259 595 478 365 281 -3 107 0x1.67c362p+4 8 1
clause 5020 1 0 -203 196 193 73 306 58 -311 478 259 281 31 -252 217 1 595 365 -3 37 124 0x1.68d882p+4 7 1
clause 5021 1 0 -280 180 414 309 475 306 0x1.e0129cp+6 1 0
clause 5022 1 0 281 31 -3 -26 200 306 595 414 108 25 73 478 215 259 365 58 0x1.68d83cp+4 7 1
clause 5023 1 0 281 -574 431 -3 25 31 396 299 595 306 73 478 259 200 58 247 494 217 570 189 386 365 0x1.696302p+4 6 1
clause 5024 1 0 -282 25 22 193 431 136 106 595 565 31 478 259 412 -197 58 306 447 494 475 518 0x1.699144p+4 6 1
clause 5025 1 0 281 -358 -203 193 595 478 259 232 217 -3 73 247 40 1 298 569 319 0x1.6b6266p+4 6 1
clause 5026 1 0 517 -576 478 217 -3 25 306 214 569 259 178 58 458 202 358 328 0x1.6a4aaap+4 8 1
clause 5027 1 0 517 31 358 217 259 478 58 214 178 -395 25 106 595 306 575 569 -3 202 328 0x1.6aa782p+4 9 1
clause 5028 1 0 575 358 58 298 495 217 31 478 569 178 259 307 517 306 328 25 106 595 214 -3 202 0x1.6b903p+4 5 0
clause 5029 1 0 517 -60 569 364 259 217 0x1.6b6176p+4 6 1
clause 5030 1 0 517 58 217 569 259 364 0x1.b17f9ep+7 3 0
clause 5031 1 0 -518 575 40 231 25 232 97 73 193 58 237 328 495 214 307 178 223 478 259 358 217 569 298 -3 202 0x1.6c1bccp+4 6 1
clause 5032 1 0 -432 58 25 259 217 -3 358 569 298 575 595 478 202 40 223 232 73 193 97 281 0x1.6ca7d2p+4 5 1
clause 5033 1 0 -60 432 569 73 193 330 -3 358 216 25 298 259 97 0x1.6cd68p+4 5 1
clause 5034 1 0 281 -203 217 226 73 193 -3 232 40 1 0x1.7661f8p+4 5 1
clause 5035 1 0 281 -59 595 507 189 98 264 430 574 217 478 187 166 259 0x1.7025f2p+4 5 1
clause 5036 1 0 -329 453 574 595 106 -252 224 -568 306 200 40 193 430 147 214 208 98 493 217 360 507 0x1.6eab2cp+4 5 1
clause 5037 1 0 -495 430 576 229 469 450 258 20 0x1.240a72p+5 5 1
clause 5038 1 0 -242 583 91 489 0x1.eba762p+6 1 0
clause 5039 1 0 -252 387 231 390 48 94 217 0x1.6f08dap+4 5 1
clause 5040 1 0 319 -3 193 391 73 -25 -252 200 306 489 390 495 94 -280 217 365 59 180 27 309 0x1.6f66e8p+4 6 1
clause 5041 1 0 391 -25 -3 180 -252 193 319 73 200 489 479 306 147 106 94 217 365 59 513 27 309 281 574 595 224 453 40 430 98 360 507 569 0x1.713f8cp+4 5 1
clause 5042 1 0 -495 -312 430 306 214 163 213 193 281 106 73 595 330 360 574 0x1.710fbcp+4 6 1
clause 5043 1 0 281 330 93 -555 474 214 306 507 226 368 73 193 189 568 430 166 360 1 575 319 213 126 159 203 98 391 -495 163 0x1.713ee2p+4 7 1
clause 5044 1 0 -215 198 278 44 577 16 73 241 139 85 193 555 93 489 183 247 306 0x1.70e012p+4 6 1
clause 5045 1 0 281 180 306 -3 555 486 139 432 27 59 312 330 183 391 309 214 241 -373 73 44 193 16 93 489 247 513 200 319 0x1.719d5p+4 6 1
clause 5046 1 0 31 387 264 565 214 22 217 180 258 309 518 166 453 281 -181 595 147 106 306 0x1.719d38p+4 7 1
clause 5047 1 0 281 264 193 -358 214 453 387 507 306 217 555 309 518 166 180 595 147 44 183 98 106 330 0x1.71fbfp+4 7 1
clause 5048 1 0 281 368 387 139 -3 247 73 226 193 -495 489 360 27 106 59 453 595 217 180 309 518 147 306 330 507 391 16 93 513 200 319 189 568 1 126 203 163 0x1.725acp+4 7 1
clause 5049 1 0 281 180 330 217 -3 27 387 518 507 331 309 489 106 247 368 73 226 193 360 59 453 595 147 306 139 391 16 93 513 200 319 189 568 1 126 203 163 0x1.72b9a6p+4 6 1
clause 5050 1 0 281 -188 247 217 -3 73 226 193 595 319 1 203 40 478 259 58 298 0x1.7953ecp+4 5 1
clause 5051 1 0 513 -108 43 46 319 554 392 73 595 203 396 0x1.31c538p+5 3 0
clause 5052 1 0 281 203 595 454 -328 73 -3 306 319 492 193 58 478 519 188 259 569 0x1.76d75cp+4 5 1
clause 5053 1 0 -146 404 43 -3 193 328 586 73 197 430 432 115 27 312 206 259 397 478 0x1.7495b4p+4 6 0
clause 5054 1 0 180 513 -147 478 0x1.3e44f6p+6 2 0
clause 5055 1 0 513 397 43 586 22 -479 214 73 247 13 574 595 180 328 264 281 58 196 403 259 147 0x1.74f516p+4 9 1
clause 5056 1 0 281 43 193 73 203 -3 259 478 328 306 58 519 22 247 595 180 196 513 298 188 0x1.758484p+4 8 1
clause 5057 1 0 281 358 328 -260 58 519 0x1.ae3576p+7 3 0
clause 5058 1 0 281 478 -3 595 519 58 259 328 180 306 193 43 203 22 247 73 513 298 188 0x1.76440ap+4 7 1
clause 5059 1 0 21 214 43 279 213 91 574 247 -75 26 181 359 159 163 586 48 118 85 0x1.7673f2p+4 5 1
clause 5060 1 0 281 513 73 -3 298 247 43 58 217 569 259 478 595 328 193 306 203 188 0x1.77340ep+4 6 1
clause 5061 1 0 534 -108 179 146 264 595 0x1.453fdp+6 2 0
clause 5062 1 0 -180 302 308 224 442 184 484 162 281 412 0x1.77941cp+4 4 1
clause 5063 1 0 281 306 193 73 595 -3 298 58 259 319 478 247 569 217 43 203 188 0x1.78e5cep+4 5 1
clause 5064 1 0 -43 458 193 499 558 6 17 287 374 19 -138 586 33 13 359 0x1.7854bp+4 5 1
clause 5065 1 0 387 -43 6 159 586 67 193 264 574 306 17 595 180 430 247 328 281 108 -261 298 58 478 252 569 0x1.78b52p+4 7 1
clause 5066 1 0 281 -43 213 574 430 73 595 193 328 180 98 306 204 474 26 108 58 519 259 387 67 586 159 6 247 17 264 22 298 478 252 569 0x1.7915a8p+4 6 1
clause 5067 1 0 281 -43 22 193 474 98 204 180 328 26 306 58 519 259 478 264 595 213 430 73 574 387 67 586 159 6 247 17 298 252 569 0x1.79a6aep+4 5 1
clause 5068 1 0 506 98 328 -555 140 40 196 185 22 574 181 319 201 224 80 193 391 73 0x1.79d704p+4 5 1
clause 5069 1 0 281 306 40 298 73 -3 193 217 569 259 319 478 595 247 58 203 188 0x1.7ce31p+4 4 1
clause 5070 1 0 287 387 44 -494 414 6 477 136 78 377 224 213 420 319 391 161 555 163 430 0x1.7ac94cp+4 6 1
clause 5071 1 0 -393 230 224 387 477 420 414 40 469 161 319 0x1.7af9c8p+4 5 1
clause 5072 1 0 -280 -473 488 493 319 91 512 414 387 469 477 40 44 391 204 308 6 136 213 555 163 247 442 216 0x1.7b5ae6p+4 6 1
clause 5073 1 0 281 414 -473 493 574 44 304 328 204 430 469 488 319 555 387 477 40 6 136 213 -261 247 442 216 58 478 252 569 0x1.1d9c78p+5 4 0
clause 5074 1 0 180 264 595 203 432 366 -576 17 20 586 -385 198 414 0x1.7c1d6ap+4 5 1
clause 5075 1 0 387 -3 203 193 328 247 414 595 569 488 -197 183 216 58 73 188 259 281 478 519 304 469 319 477 40 136 442 0x1.7c7ed2p+4 5 1
clause 5076 1 0 281 259 124 73 193 188 -197 58 -3 569 183 488 414 387 595 203 247 216 478 519 304 469 319 477 40 136 442 0x1.7e3722p+4 4 1
clause 5077 1 0 281 519 193 -3 189 298 506 432 259 58 188 73 -251 0x1.7dd4b2p+4 5 1
clause 5078 1 0 319 -555 506 213 73 124 595 328 477 22 226 574 197 374 366 224 98 193 201 0x1.7e0586p+4 5 1
clause 5079 1 0 21 183 232 373 494 430 164 366 350 45 205 554 -576 380 108 403 311 328 0x1.7e056ep+4 5 1
clause 5080 1 0 281 183 98 217 259 387 430 159 574 569 -568 236 232 58 366 414 124 196 494 73 586 555 193 197 0x1.7e6752p+4 5 1
clause 5081 1 0 477 -473 595 73 432 304 414 574 430 281 488 319 40 136 247 442 216 58 478 569 586 259 217 232 183 124 193 197 226 506 298 -3 188 0x1.7f2b82p+4 4 1
clause 5082 1 0 -418 324 173 561 -576 6 454 287 40 469 231 304 179 328 67 214 0x1.7f5c86p+4 2 0
clause 5083 1 0 -419 224 40 469 477 13 341 94 0x1.7f8d98p+4 3 1
clause 5084 1 0 -3 281 40 217 193 73 232 226 0x1.be08d2p+4 3 1
clause 5085 1 0 444 163 555 197 430 485 124 -2 196 193 185 0x1.805246p+4 9 1
clause 5086 1 0 -364 17 73 555 576 124 430 -2 193 196 485 414 60 97 419 307 387 0x1.e57ef4p+5 8 0
clause 5087 1 0 -553 549 98 430 170 91 140 -2 401 224 97 0x1.811756p+4 6 1
clause 5088 1 0 401 430 -2 555 196 124 170 576 73 -251 193 224 360 217 259 517 485 419 307 178 478 507 298 570 0x1.83388ap+4 10 1
clause 5089 1 0 -574 21 203 587 459 251 478 570 217 358 281 328 136 159 259 298 395 0x1.827158p+4 7 0
clause 5090 1 0 -366 305 187 495 183 298 164 0x1.82a2c2p+4 5 1
clause 5091 1 0 -252 17 146 259 -310 478 178 217 281 187 329 0x1.82a2aap+4 6 1
clause 5092 1 0 307 430 73 124 570 -2 97 576 193 196 419 21 108 555 478 259 251 485 217 281 187 329 178 366 -310 0x1.8305bcp+4 11 1
clause 5093 1 0 281 -198 217 555 478 570 517 251 328 259 298 159 73 -2 124 430 485 312 193 196 97 576 419 307 187 329 178 305 43 0x1.839a94p+4 11 1
clause 5094 1 0 419 307 58 165 184 485 495 178 -569 478 187 259 0x1.83cc32p+4 5 1
clause 5095 1 0 -280 329 570 196 478 251 360 555 73 193 475 259 281 187 201 298 217 -98 124 328 -2 485 419 576 305 0x1.8622d8p+5 10 1
clause 5096 1 0 224 430 40 474 -2 469 229 0x1.6435d6p+6 5 0
clause 5097 1 0 170 98 469 430 224 401 555 40 485 251 -2 178 478 259 305 217 281 187 329 298 569 570 0x1.24294ap+5 7 0
clause 5098 1 0 478 170 -2 298 555 469 124 187 196 507 40 224 485 401 259 305 217 281 329 570 -280 475 201 73 193 360 419 328 576 0x1.85f02ep+4 11 1
clause 5099 1 0 281 59 40 -569 187 217 328 259 469 102 0x1.eb5be6p+5 5 0
clause 5100 1 0 337 271 73 43 473 1 576 -98 140 319 555 158 392 38 124 137 0x1.86ea3p+5 9 1
clause 5101 1 0 224 137 473 40 555 38 73 102 59 1 469 319 158 576 124 188 263 178 43 478 259 435 507 517 298 217 187 569 0x1.8685eap+4 11 1
clause 5102 1 0 281 224 329 570 259 507 217 555 478 419 341 305 170 187 401 485 40 469 -2 298 73 1 319 576 124 328 65 360 -280 475 201 193 0x1.887c4ap+4 11 1
clause 5103 1 0 281 478 217 1 329 360 569 259 298 555 305 201 -280 475 187 570 251 193 485 419 328 -2 124 -98 576 73 0x1.878052p+4 12 1
clause 5104 1 0 434 271 73 1 473 -98 576 140 158 65 319 124 366 555 60 -196 360 0x1.28008cp+5 11 1
clause 5105 1 0 319 65 -2 1 73 124 -98 555 576 569 217 259 360 539 193 419 485 478 570 305 298 281 187 329 -280 475 201 328 0x1.8816cep+4 11 1
clause 5106 1 0 281 555 329 360 478 201 570 259 73 193 485 475 187 -280 298 217 -98 328 -2 124 539 576 305 40 469 419 102 1 319 65 0x1.8944d8p+4 11 1
clause 5107 1 0 305 98 257 555 193 576 251 478 217 358 19 178 137 158 302 259 341 298 281 187 329 250 569 0x1.276546p+5 6 0
clause 5108 1 0 517 178 263 555 257 319 401 478 170 259 -196 507 298 217 570 98 193 576 302 158 305 341 281 187 329 40 469 102 328 65 360 0x1.89a96ap+4 9 1
clause 5109 1 0 517 -251 98 -2 569 65 102 170 193 319 430 196 360 401 217 259 555 539 73 124 485 576 419 307 178 257 478 507 298 570 0x1.89a95p+4 9 1
clause 5110 1 0 257 98 226 576 430 302 569 478 539 65 178 543 305 259 341 217 298 281 187 329 -2 230 102 555 193 319 196 170 360 401 517 73 124 485 419 307 507 570 0x1.8a0e32p+4 8 1
clause 5111 1 0 281 576 328 259 477 226 555 478 298 329 -2 217 193 319 360 73 124 507 570 40 469 -280 1 405 -199 0x1.8b3dbcp+4 11 1
clause 5112 1 0 281 199 124 -569 328 232 298 570 217 507 405 259 469 0x1.8db9e6p+5 8 1
clause 5113 1 0 199 -518 203 405 193 587 59 394 73 312 250 570 217 259 329 187 0x1.8d081cp+5 4 0
clause 5114 1 0 517 199 193 217 73 569 298 178 -98 478 555 259 477 203 405 570 329 1 473 360 158 576 124 0x1.8bd56ep+4 9 1
clause 5115 1 0 281 469 329 40 158 193 555 217 187 576 -519 259 298 478 178 477 250 569 98 473 360 73 199 0x1.8c081ap+4 8 1
clause 5116 1 0 281 469 329 73 570 217 360 232 124 193 507 405 555 40 576 1 477 328 226 -280 0x1.8e0592p+4 10 1
clause 5117 1 0 178 281 217 329 -97 341 594 259 539 478 187 363 587 158 570 305 203 226 298 473 507 0x1.8d060ap+4 6 1
clause 5118 1 0 -519 305 339 32 595 259 108 19 221 217 394 298 178 250 569 478 0x1.8d38dcp+4 6 1
clause 5119 1 0 281 -196 329 259 203 595 263 517 478 124 217 477 298 430 158 576 178 569 570 226 473 507 405 99 200 73 45 360 0x1.8e6ad8p+4 8 1
clause 5120 1 0 -574 307 419 554 375 247 430 305 488 324 495 414 203 387 0x1.8e048cp+4 5 1
clause 5121 1 0 477 430 203 576 247 178 158 375 554 307 66 519 124 595 99 186 405 393 507 478 200 298 217 259 570 281 187 329 517 0x1.2b5c72p+5 6 0
clause 5122 1 0 -304 450 226 576 430 99 21 507 469 -252 124 212 574 375 217 386 342 183 413 477 0x1.8ed0a2p+4 10 1
clause 5123 1 0 517 21 -252 217 569 45 259 193 574 477 158 73 13 196 200 342 554 306 226 375 507 469 430 99 576 450 124 212 386 183 413 0x1.8f36d6p+4 9 1
clause 5124 1 0 517 477 217 329 214 569 570 203 473 259 507 193 99 45 158 73 554 200 226 375 469 430 576 124 212 298 178 478 393 307 186 247 595 405 281 197 263 360 0x1.8f9d24p+4 8 1
clause 5125 1 0 281 576 40 360 217 124 328 469 329 477 507 570 405 232 193 73 226 1 -280 0x1.9206a4p+4 9 1
clause 5126 1 0 178 -569 507 306 478 298 405 217 124 259 469 232 570 281 328 0x1.9239dep+4 7 1
clause 5127 1 0 319 -196 473 73 360 366 1 140 65 -98 60 158 576 124 271 434 106 0x1.90d0a8p+4 10 1
clause 5128 1 0 265 -404 197 301 171 185 542 324 434 181 40 366 73 60 360 1 473 140 -98 319 158 576 124 271 106 0x1.91375ep+4 9 1
clause 5129 1 0 405 -518 329 193 250 73 203 570 217 259 -98 187 360 201 542 324 301 171 185 265 181 40 366 1 473 140 319 158 576 124 271 17 305 414 311 0x1.919e2ep+4 8 1
clause 5130 1 0 405 -518 329 40 232 250 -2 193 124 73 469 570 217 259 430 187 360 201 171 1 319 576 420 306 507 178 298 478 342 281 0x1.93074cp+4 8 1
clause 5131 1 0 -414 19 576 -252 450 540 221 217 0x1.9320d4p+5 3 0
clause 5132 1 0 261 251 22 507 485 -196 576 306 420 -280 59 180 475 540 450 -252 217 13 136 360 0x1.936e5p+4 4 1
clause 5133 1 0 -280 183 306 485 25 489 438 386 475 414 180 0x1.933a78p+4 3 1
clause 5134 1 0 -280 485 576 473 -252 203 469 595 478 247 298 259 281 124 217 518 196 489 306 475 540 342 1 159 13 136 -58 360 0x1.93d58ap+4 8 1
clause 5135 1 0 513 479 106 212 -19 528 178 73 147 595 47 311 0x1.94093ap+4 4 1
clause 5136 1 0 281 469 217 73 576 124 -330 1 40 232 193 328 226 0x1.a01988p+4 8 1
clause 5137 1 0 407 186 40 432 -396 469 25 247 193 97 306 230 73 298 19 196 252 330 576 124 328 0x1.94d868p+4 10 1
clause 5138 1 0 186 330 432 217 124 576 469 73 193 196 298 25 588 40 97 247 306 387 19 328 0x1.9749fep+4 9 1
clause 5139 1 0 120 186 73 486 407 298 247 25 306 494 555 108 -189 43 0x1.ccc3e2p+5 5 0
clause 5140 1 0 -329 588 120 73 40 469 519 338 197 333 17 259 555 186 -199 311 358 217 387 298 21 43 108 494 25 247 541 306 407 64 0x1.96781ep+4 9 1
clause 5141 1 0 443 340 138 159 485 437 80 158 0x1.70122cp+5 3 0
clause 5142 1 0 519 -260 80 298 306 25 494 437 485 158 281 138 328 358 0x1.96e02cp+4 8 1
clause 5143 1 0 120 338 595 43 306 494 298 73 247 186 197 263 25 180 407 478 259 158 281 519 328 358 193 555 40 469 588 333 17 -329 21 311 108 217 387 541 64 0x1.31ebdcp+5 9 1
clause 5144 1 0 281 168 -120 328 181 212 39 319 478 358 306 519 259 138 158 252 298 247 407 0x1.98822ap+4 6 1
clause 5145 1 0 -570 328 180 263 306 298 73 595 25 197 186 247 478 259 158 281 43 358 193 40 469 588 -329 120 217 387 64 97 576 124 0x1.98b66p+4 9 1
clause 5146 1 0 78 9 577 -137 377 0x1.0116aap+7 1 0
clause 5147 1 0 281 186 263 25 247 298 73 494 126 43 595 197 478 306 259 158 180 328 358 193 40 469 588 120 217 387 64 97 330 576 124 0x1.98ea88p+4 10 1
clause 5148 1 0 281 469 -2 494 120 40 478 576 298 73 328 595 247 306 259 180 19 193 217 387 330 186 124 0x1.995352p+4 9 1
clause 5149 1 0 281 180 -2 469 40 328 387 298 73 595 247 576 259 478 186 193 217 19 330 306 124 319 0x1.9b61e4p+4 8 1
clause 5150 1 0 541 120 252 306 40 298 -494 469 182 407 230 124 328 432 203 473 0x1.9a8e6cp+4 9 1
clause 5151 1 0 319 -299 44 351 474 40 168 409 -2 555 469 541 494 247 182 120 306 407 0x1.9ac2f2p+4 8 1
clause 5152 1 0 77 -119 93 247 0x1.0a657cp+8 3 1
clause 5153 1 0 281 409 474 328 469 247 319 478 168 407 124 259 252 298 40 120 306 -2 358 541 519 230 432 193 196 359 0x1.9bca5cp+4 8 1
clause 5154 1 0 563 9 93 376 212 91 247 398 147 0x1.3519bp+5 3 1
clause 5155 1 0 120 -570 58 407 306 25 247 1 212 473 136 298 281 588 459 478 519 492 124 259 328 0x1.3a0f28p+5 4 0
clause 5156 1 0 281 407 73 328 595 306 469 478 259 247 588 48 298 252 492 1 459 519 180 124 420 319 168 40 120 474 -2 409 541 230 432 193 196 359 0x1.9cd24cp+4 8 1
clause 5157 1 0 9 563 93 500 578 147 376 5 347 398 247 212 0x1.b62e9p+5 3 1
clause 5158 1 0 281 -414 1 576 478 247 259 328 298 73 595 319 40 124 -2 193 217 330 469 0x1.a4991p+4 8 1
clause 5159 1 0 281 -413 306 247 385 180 489 0x1.077738p+7 3 0
clause 5160 1 0 563 -248 359 473 73 193 476 59 1 588 538 159 418 220 78 0x1.a42bbap+5 6 0
clause 5161 1 0 385 59 217 93 359 247 243 240 73 193 -488 588 1 473 78 563 414 281 180 377 298 0x1.9fb978p+4 7 1
clause 5162 1 0 120 385 217 93 243 240 216 377 -305 488 298 0x1.9f4e9ep+4 8 1
clause 5163 1 0 281 305 1 73 193 -574 243 518 189 217 330 359 595 59 263 474 298 25 414 93 -408 247 120 488 0x1.3b11bep+5 4 0
clause 5164 1 0 479 -574 93 25 243 240 147 59 488 120 281 518 217 569 513 298 -249 1 73 193 474 527 330 359 595 263 189 247 414 377 0x1.a058f2p+4 6 0
clause 5165 1 0 -118 385 217 569 298 488 0x1.9c5382p+6 3 0
clause 5166 1 0 -407 338 469 426 563 21 258 78 252 247 217 240 118 385 0x1.a0c388p+4 7 1
clause 5167 1 0 281 -574 -9 474 247 479 93 338 518 217 569 513 298 1 73 193 147 469 330 359 595 263 189 59 21 284 258 563 252 588 473 180 414 212 0x1.a19958p+4 7 1
clause 5168 1 0 -488 -78 118 414 284 212 589 538 57 281 247 180 298 385 0x1.a1993cp+4 5 1
clause 5169 1 0 281 180 -78 589 247 385 22 298 252 569 217 414 118 212 284 538 119 0x1.a2044p+4 5 1
clause 5170 1 0 281 328 474 247 212 298 217 1 73 193 124 330 595 263 588 469 473 478 576 -570 259 414 0x1.a717fp+4 8 1
clause 5171 1 0 -118 385 217 569 298 570 0x1.208306p+7 4 1
clause 5172 1 0 -538 450 203 386 564 473 -574 306 281 518 413 404 200 476 210 0x1.3b2384p+5 3 0
clause 5173 1 0 -574 531 73 203 239 564 200 413 386 473 306 210 281 518 404 285 565 22 424 222 414 0x1.a37bap+3 7 1
clause 5174 1 0 281 -180 518 259 478 0x1.e83dcap+6 3 1
clause 5175 1 0 220 404 73 -15 200 184 476 538 239 0x1.a48894p+4 5 1
clause 5176 1 0 538 476 359 588 73 193 200 418 1 473 59 404 184 159 220 13 239 -248 0x1.a56052p+4 6 1
clause 5177 1 0 281 414 518 15 475 342 59 180 13 359 306 159 0x1.3d097cp+5 4 1
clause 5178 1 0 -282 347 595 147 -260 365 328 308 398 557 0x1.a8c7b8p+5 4 1
clause 5179 1 0 281 -574 203 473 -488 570 595 328 404 359 73 193 1 259 478 247 217 158 187 414 506 118 298 0x1.a8fc26p+4 6 1
clause 5180 1 0 -179 517 212 -574 91 203 214 473 506 222 298 230 250 569 217 307 259 414 478 0x1.a6a47ap+4 6 1
clause 5181 1 0 -280 -574 303 342 -2 298 40 506 469 570 222 217 13 259 569 414 478 0x1.a7b3a6p+4 6 1
clause 5182 1 0 -518 385 414 180 478 217 259 0x1.14c17ep+6 3 0
clause 5183 1 0 -386 147 77 73 570 488 304 476 298 247 539 118 217 0x1.3e69b6p+5 6 1
clause 5184 1 0 -282 -412 212 595 222 442 247 506 488 298 569 217 570 73 328 476 77 259 478 0x1.4ced8cp+5 6 1
clause 5185 1 0 281 414 247 -574 298 217 570 595 488 569 506 73 328 259 478 40 469 -2 -15 0x1.aa4164p+4 6 1
clause 5186 1 0 281 588 259 -188 385 250 478 73 193 247 359 15 217 1 473 158 414 298 0x1.aa77cap+4 5 1
clause 5187 1 0 199 -138 193 73 359 1 473 588 0x1.970902p+5 6 1
clause 5188 1 0 -386 147 570 73 220 97 158 298 247 488 588 217 118 22 506 476 124 304 193 15 1 473 359 67 201 477 0x1.aa773ep+4 6 1
clause 5189 1 0 402 15 -137 223 338 303 170 448 563 539 78 0x1.aa7722p+4 4 1
clause 5190 1 0 -159 -568 588 17 220 223 448 170 402 539 303 570 78 330 576 0x1.aae46ap+4 4 1
clause 5191 1 0 180 15 359 97 203 506 576 140 298 25 22 67 473 -568 588 1 158 432 17 223 570 330 404 201 488 73 -386 247 118 217 124 193 477 259 478 519 414 385 0x1.ab8896p+4 6 1
clause 5192 1 0 307 -574 387 73 214 366 193 97 124 414 201 305 25 -358 60 0x1.abbf5p+4 3 1
clause 5193 1 0 281 576 193 40 328 124 1 217 469 73 232 226 0x1.ac9ac2p+4 7 1
clause 5194 1 0 224 310 40 -2 414 430 231 -359 387 469 222 60 138 0x1.ac9aa6p+4 5 1
clause 5195 1 0 -518 15 138 40 469 -2 310 259 506 568 478 328 217 0x1.ad087cp+4 5 1
clause 5196 1 0 281 469 73 193 576 217 328 1 40 232 226 0x1.af3066p+4 6 1
clause 5197 1 0 -251 331 217 0x1.50650ep+9 3 1
clause 5198 1 0 331 -252 217 0x1.f9223ap+8 3 1
clause 5199 1 0 281 229 298 252 -218 478 247 328 576 158 259 0x1.afd59p+4 4 1
clause 5200 1 0 407 385 569 217 119 298 488 0x1.b50c6cp+6 4 1
clause 5201 1 0 563 -248 359 73 193 473 588 1 538 418 159 413 476 147 578 5 500 93 306 212 595 365 -282 328 557 -260 0x1.af9dcap+4 6 1
clause 5202 1 0 281 256 576 1 473 298 247 478 212 519 259 492 73 193 5 595 217 263 569 229 23 16 203 387 328 158 568 251 0x1.b07b38p+4 6 1
clause 5203 1 0 -412 214 60 73 193 366 97 256 595 449 492 473 428 430 203 16 229 576 222 305 387 0x1.b0b28ep+4 5 1
clause 5204 1 0 256 201 97 -2 424 73 193 405 139 -59 449 430 229 428 419 307 360 0x1.b0e9fp+4 4 1
clause 5205 1 0 281 576 193 73 328 1 217 40 232 226 0x1.bd271p+4 5 1
clause 5206 1 0 538 338 574 451 155 477 -429 257 582 286 419 491 0x1.b1905ep+3 5 1
clause 5207 1 0 -288 559 5 38 451 273 0x1.10f08ap+6 2 0
clause 5208 1 0 -287 481 166 40 559 491 427 542 520 451 0x1.b2a65ap+4 6 1
clause 5209 1 0 408 166 5 491 216 40 427 -98 59 595 542 263 27 309 180 358 478 259 251 226 298 505 0x1.b49d54p+4 8 1
clause 5210 1 0 -569 364 138 494 298 124 193 217 576 251 574 21 586 358 0x1.b38538p+4 9 1
clause 5211 1 0 21 358 494 576 568 124 322 251 193 217 95 586 574 298 -360 216 27 309 59 0x1.b42cb8p+4 9 1
clause 5212 1 0 9 137 569 298 568 251 158 0x1.9166eap+6 5 1
clause 5213 1 0 424 180 259 358 263 59 27 5 576 478 158 298 568 251 216 124 193 217 574 586 494 469 309 287 40 448 -452 256 0x1.b49c6ep+3 9 1
clause 5214 1 0 452 287 -58 216 27 0x1.2c8f88p+6 2 0
clause 5215 1 0 424 -60 469 251 568 259 332 448 298 158 256 358 0x1.b5ec7ap+4 5 1
clause 5216 1 0 128 505 469 569 209 217 251 -387 298 568 0x1.b62488p+4 6 1
clause 5217 1 0 -229 494 595 576 263 478 311 166 180 259 217 505 73 298 568 216 27 309 59 158 358 251 5 542 40 99 226 519 386 0x1.b7ae7cp+4 7 1
clause 5218 1 0 -334 429 559 451 5 286 273 0x1.b6ccfap+3 4 1
clause 5219 1 0 -288 451 166 559 582 358 273 5 32 0x1.4a173p+5 5 1
clause 5220 1 0 180 319 505 298 -569 217 226 59 5 73 166 429 358 478 595 216 263 27 309 412 259 0x1.1cac5p+6 4 0
clause 5221 1 0 429 216 27 306 288 309 -58 412 0x1.589cecp+5 3 0
clause 5222 1 0 251 137 193 569 212 374 553 158 358 298 568 586 0x1.d2abbep+5 4 0
clause 5223 1 0 59 505 576 251 568 158 193 99 386 212 225 298 586 166 311 180 259 478 319 217 226 73 309 5 595 358 263 27 519 216 494 374 230 542 40 0x1.bac5f4p+4 6 1
clause 5224 1 0 -178 -288 5 166 358 263 595 451 0x1.57bb3cp+6 4 0
clause 5225 1 0 471 -251 505 429 340 586 158 333 412 298 -58 16 180 -288 358 166 5 595 263 216 27 309 0x1.bac546p+4 7 1
clause 5226 1 0 -418 216 27 381 306 164 494 197 48 492 95 429 0x1.4c6914p+5 3 0
clause 5227 1 0 496 216 27 381 403 199 164 448 451 494 433 48 492 95 429 513 140 319 412 197 522 180 -288 358 166 5 595 263 0x1.bb369p+4 7 1
clause 5228 1 0 -179 445 220 22 -328 199 67 412 559 0x1.bb6f4cp+4 4 1
clause 5229 1 0 -288 -328 180 27 22 494 595 263 492 216 426 67 412 361 448 257 522 433 381 95 429 513 319 166 5 59 -251 16 471 333 158 340 298 586 309 0x1.bc19d4p+4 6 1
clause 5230 1 0 -178 429 166 27 216 288 492 59 595 263 0x1.5c965ep+6 4 0
clause 5231 1 0 -328 494 193 576 73 27 319 595 180 166 225 59 263 298 309 5 158 216 40 478 519 259 217 586 374 212 99 226 230 0x1.bcc48ap+4 5 1
clause 5232 1 0 576 -474 432 226 216 247 478 1 259 309 193 298 73 595 180 263 -328 319 5 158 40 519 217 212 203 0x1.c3151ep+4 5 1
clause 5233 1 0 -492 366 569 108 217 595 0x1.ca818ep+4 4 1
clause 5234 1 0 366 505 97 298 73 165 193 -188 197 108 0x1.be1acep+4 6 1
clause 5235 1 0 -495 386 505 197 595 73 193 189 304 217 263 97 569 366 180 298 576 0x1.4f3168p+5 6 1
clause 5236 1 0 -60 97 432 158 212 505 298 226 304 263 242 574 168 494 595 73 193 180 217 576 568 259 358 0x1.c091dep+4 5 1
clause 5237 1 0 -493 574 432 73 595 172 107 386 164 0x1.1a8f6ap+6 4 1
clause 5238 1 0 -495 180 193 73 43 569 304 595 188 263 217 366 386 97 505 298 576 568 0x1.bfe4c2p+4 6 1
clause 5239 1 0 128 494 172 505 304 226 595 180 209 97 319 263 478 298 158 259 193 73 217 576 568 366 574 432 364 0x1.c13dc6p+4 5 1
clause 5240 1 0 -569 259 226 126 505 158 478 217 298 189 128 0x1.c13d8ap+4 6 1
clause 5241 1 0 504 216 93 27 588 73 165 457 -507 242 319 -58 595 368 263 340 180 386 217 569 189 304 97 226 298 126 0x1.c17704p+4 6 1
clause 5242 1 0 -251 189 196 73 193 457 588 386 217 0x1.60646cp+6 5 1
clause 5243 1 0 419 -495 304 158 217 189 73 193 505 358 386 226 298 588 27 -58 242 216 319 165 595 263 180 97 478 519 259 568 128 395 576 0x1.c223cap+4 5 1
clause 5244 1 0 588 568 226 158 27 505 298 576 259 478 263 73 595 574 358 217 97 193 216 319 519 180 172 432 309 168 212 25 203 473 0x1.c5c516p+4 4 1
clause 5245 1 0 -43 165 162 393 101 246 66 555 193 0x1.c3446cp+4 6 1
clause 5246 1 0 267 448 222 419 433 -197 43 73 193 476 311 574 108 0x1.c37e3p+4 7 1
clause 5247 1 0 66 542 251 182 206 198 81 403 186 433 448 476 222 419 73 193 267 311 574 162 246 165 555 94 -58 261 569 0x1.c3f1e2p+4 8 1
clause 5248 1 0 513 81 165 182 73 193 189 217 542 -385 403 528 433 448 476 419 311 574 162 315 555 -58 261 569 210 358 136 10 13 340 413 0x1.c49fbp+4 6 0
clause 5249 1 0 419 -387 23 476 507 217 73 252 574 261 569 -58 413 0x1.c4d9ap+4 6 1
clause 5250 1 0 528 574 495 432 73 595 -305 172 419 386 217 189 -58 261 513 403 193 81 542 433 448 311 162 315 555 569 210 358 136 10 13 340 23 507 252 0x1.c54dacp+4 6 1
clause 5251 1 0 189 261 93 432 247 212 172 495 73 595 347 386 216 574 217 419 -58 159 513 403 193 542 433 448 311 569 210 358 340 252 368 97 226 298 126 443 505 158 0x1.c5c1d4p+4 6 1
clause 5252 1 0 505 574 495 97 588 73 193 569 216 217 210 247 358 226 386 298 212 172 595 432 403 542 311 189 158 309 60 478 519 259 568 0x1.c6aaap+4 5 1
clause 5253 1 0 103 454 382 0x1.7036f4p+9 1 0
clause 5254 1 0 -507 309 97 298 22 478 311 125 454 146 60 180 107 503 369 364 226 0x1.c71f04p+4 5 1
clause 5255 1 0 309 505 97 60 189 158 298 386 180 478 226 595 263 217 259 247 216 588 73 193 311 210 495 574 212 172 432 403 542 358 519 568 0x1.c84306p+4 4 1
clause 5256 1 0 24 305 432 107 73 595 159 172 574 19 506 386 412 366 32 60 358 309 495 -513 129 1 473 136 16 588 47 459 86 532 0x1.c80864p+4 6 1
clause 5257 1 0 309 148 432 366 73 595 159 60 172 574 495 107 129 47 512 305 506 412 32 358 1 473 16 588 146 576 298 97 -507 158 0x1.c8b7c4p+4 5 1
clause 5258 1 0 573 358 -137 235 155 582 32 0x1.c8f23ap+4 2 1
clause 5259 1 0 576 281 1 226 217 193 40 73 232 0x1.e2bfd6p+4 4 1
clause 5260 1 0 482 -507 193 432 73 226 -2 587 312 444 574 165 126 396 235 76 364 166 392 503 369 0x1.c9a1e6p+3 7 1
clause 5261 1 0 -505 330 570 99 126 0x1.b8af6p+7 2 0
clause 5262 1 0 133 530 226 212 -125 217 188 -507 0x1.592de4p+5 4 1
clause 5263 1 0 -159 166 263 319 478 482 217 226 298 73 595 5 27 259 179 281 330 574 570 212 358 503 369 99 0x1.dace3p+5 3 0
clause 5264 1 0 281 581 5 -569 358 217 226 159 298 73 166 595 263 27 319 478 179 259 575 505 136 570 0x1.d60232p+5 3 0
clause 5265 1 0 387 330 570 217 166 586 298 159 247 478 358 136 -507 482 319 226 285 73 5 595 263 27 259 179 281 575 505 369 0x1.cc285cp+4 7 1
clause 5266 1 0 281 482 5 505 358 217 166 319 226 298 73 478 595 263 27 259 285 179 519 575 159 136 570 330 247 387 586 13 369 0x1.5a1932p+5 4 0
clause 5267 1 0 -581 482 217 524 342 225 369 519 53 303 162 33 166 0x1.cd4f6cp+4 5 1
clause 5268 1 0 -580 33 595 263 0x1.d3c9dp+6 4 1
clause 5269 1 0 281 358 27 5 217 87 574 259 478 179 166 125 534 595 263 519 225 369 146 174 482 392 73 193 430 158 586 159 99 575 298 570 396 319 226 330 247 387 124 0x1.ce00bep+4 5 1
clause 5270 1 0 519 330 212 179 478 226 5 166 87 217 358 319 298 73 534 595 263 27 259 369 281 575 570 247 387 586 99 574 503 146 225 174 482 392 193 430 158 396 1 203 0x1.cfdbbcp+4 5 1
clause 5271 1 0 281 -262 179 148 442 584 308 0x1.666b04p+5 2 0
clause 5272 1 0 281 246 263 595 170 179 308 225 158 -507 124 208 226 212 217 166 392 482 503 365 369 569 187 298 0x1.d0523ep+4 4 1
clause 5273 1 0 519 246 37 497 581 560 217 452 595 -264 179 0x1.cfdb04p+4 4 1
clause 5274 1 0 281 -167 442 452 250 308 217 246 259 478 179 263 37 519 497 595 0x1.d0c8fep+4 4 1
clause 5275 1 0 -580 492 595 263 0x1.093686p+7 4 1
clause 5276 1 0 -518 582 203 396 73 595 392 554 263 404 200 196 570 31 217 259 58 569 0x1.d13ffap+4 4 1
clause 5277 1 0 -513 281 259 73 595 263 217 203 396 166 478 193 158 99 330 225 226 212 298 27 319 5 575 247 387 586 574 174 430 1 0x1.e6e73cp+4 4 1
clause 5278 1 0 -244 319 298 37 392 58 187 259 452 478 513 585 0x1.d3d22p+4 4 0
clause 5279 1 0 404 401 257 -189 58 80 364 452 217 200 250 232 0x1.d26a3ep+3 7 1
clause 5280 1 0 -366 147 58 259 478 107 0x1.d73cfp+5 5 1
clause 5281 1 0 340 301 13 0x1.a62c02p+8 1 0
clause 5282 1 0 513 -59 247 462 309 73 216 47 107 27 259 478 366 0x1.a1c48p+6 4 0
clause 5283 1 0 -451 319 196 193 170 404 552 20 200 391 161 448 426 257 522 0x1.d4490cp+3 8 1
clause 5284 1 0 266 11 368 481 -452 166 522 559 0x1.d5393ap+4 6 1
clause 5285 1 0 266 -321 27 170 216 11 37 286 496 0x1.d5754ap+4 6 1
clause 5286 1 0 11 166 359 462 298 263 559 481 259 319 478 513 582 58 216 595 27 170 161 585 433 32 522 47 247 73 107 309 187 147 0x1.d66622p+4 5 0
clause 5287 1 0 309 166 570 161 319 442 481 -58 595 263 27 216 -178 5 359 0x1.d6a25p+4 5 1
clause 5288 1 0 266 309 402 245 161 419 448 -169 442 0x1.d6de8ep+4 3 1
clause 5289 1 0 281 340 179 193 569 -126 448 259 433 247 513 73 478 27 263 166 298 595 147 -178 5 40 225 330 158 319 0x1.da304ap+4 6 1
clause 5290 1 0 -580 152 225 244 85 73 161 433 366 569 217 595 263 0x1.d7dp+4 9 1
clause 5291 1 0 433 225 244 161 32 360 158 152 340 482 166 582 85 73 303 366 569 217 595 263 0x1.631a56p+5 6 0
clause 5292 1 0 -178 -11 569 166 27 216 59 595 217 402 309 298 -2 340 448 225 244 360 433 482 85 73 366 267 0x1.d8fe8ap+4 9 1
clause 5293 1 0 11 368 166 267 -13 482 582 433 595 263 32 217 360 569 298 158 0x1.d93b14p+4 7 1
clause 5294 1 0 -320 368 595 40 166 360 169 225 217 569 340 298 27 216 -178 59 309 -2 448 73 366 433 513 0x1.d9b458p+4 9 1
clause 5295 1 0 -178 230 166 27 453 59 169 216 595 387 217 360 569 298 340 225 319 40 368 309 -2 448 73 366 433 513 0x1.dae448p+4 8 1
clause 5296 1 0 166 265 432 -13 559 586 1 453 27 582 433 491 595 263 216 32 217 360 569 475 298 340 158 302 0x1.db21p+4 7 1
clause 5297 1 0 366 393 551 491 -251 362 161 471 217 0x1.db20e2p+4 6 1
clause 5298 1 0 559 366 126 -168 212 1 203 298 99 569 226 161 453 217 522 319 471 481 491 0x1.db9aa2p+4 8 1
clause 5299 1 0 -178 513 569 366 59 73 340 -60 217 595 166 319 99 126 1 298 226 433 586 27 216 40 432 230 225 387 309 -2 448 259 0x1.dc1484p+4 8 1
clause 5300 1 0 -178 230 569 126 99 27 366 387 298 166 59 595 217 309 216 1 433 340 73 513 319 226 432 586 40 225 -2 448 259 0x1.dc8e84p+4 7 1
clause 5301 1 0 513 366 569 247 226 99 330 259 478 309 73 -178 27 126 298 387 230 166 216 595 217 1 433 340 319 432 586 40 225 -2 448 0x1.dd08a2p+4 6 1
clause 5302 1 0 230 387 569 99 166 595 27 217 330 1 247 312 225 298 259 340 226 433 478 73 147 513 319 586 40 -178 -2 448 193 179 281 0x1.ddc018p+4 6 1
clause 5303 1 0 309 513 247 60 73 -429 478 503 27 259 505 366 216 107 369 226 47 298 570 559 387 217 412 166 582 230 595 263 0x1.e8fecap+5 4 1
clause 5304 1 0 281 319 518 179 217 226 298 73 595 27 259 478 330 574 99 1 247 513 387 166 312 586 40 225 -2 193 430 0x1.e87d82p+4 5 1
clause 5305 1 0 -414 419 225 221 96 340 40 469 0x1.df2fbcp+4 6 1
clause 5306 1 0 -301 505 432 193 -2 73 226 366 96 574 126 494 396 575 457 444 469 138 586 40 15 225 0x1.df6d12p+4 7 1
clause 5307 1 0 429 366 96 595 330 333 574 586 252 444 387 126 247 17 569 505 193 -2 73 226 340 15 494 396 575 469 40 138 225 217 298 488 413 492 454 432 22 506 0x1.e0de42p+5 8 1
clause 5308 1 0 281 -462 444 27 366 147 309 -260 319 513 73 595 396 193 574 216 138 188 99 330 387 586 247 126 340 -2 226 432 305 575 40 15 225 217 298 488 413 429 506 0x1.e1599ap+4 7 1
clause 5309 1 0 385 387 217 119 569 488 298 0x1.1d4f2ep+8 2 0
clause 5310 1 0 281 -260 193 220 366 -570 506 586 1 432 27 216 73 77 413 217 298 488 387 305 138 247 188 0x1.e1593cp+4 8 1
clause 5311 1 0 429 387 586 595 574 247 -260 366 330 413 126 340 138 193 -2 73 226 301 444 396 575 40 15 225 217 298 488 506 99 281 432 1 27 216 305 188 0x1.e2125ap+4 8 1
clause 5312 1 0 429 448 413 505 396 221 156 454 477 257 459 22 226 252 595 333 387 17 586 574 126 330 569 247 138 340 366 193 -2 73 432 444 494 575 469 40 15 225 217 298 488 492 506 0x1.e2500ep+4 7 1
clause 5313 1 0 -159 504 429 27 413 99 281 -260 396 366 226 595 387 586 574 330 247 193 -2 73 575 40 225 217 298 1 147 319 513 430 518 0x1.e7ad4ep+4 7 1
clause 5314 1 0 -282 -412 595 442 506 247 212 488 298 569 217 570 73 328 138 259 478 340 136 159 0x1.313064p+6 4 0
clause 5315 1 0 -412 366 569 359 22 462 488 73 193 13 565 595 442 554 247 212 506 298 504 217 570 328 259 478 136 159 40 225 281 518 387 0x1.e5383cp+4 7 1
clause 5316 1 0 404 420 477 429 247 -189 216 565 436 306 200 298 0x1.e47d42p+4 5 0
clause 5317 1 0 330 189 -126 193 488 459 569 217 387 574 45 196 298 0x1.e4bb46p+4 7 1
clause 5318 1 0 281 404 518 15 488 247 565 298 306 13 429 217 193 -126 330 387 569 574 420 554 73 359 586 1 473 159 0x1.e5f246p+4 9 1
clause 5319 1 0 281 -260 138 212 328 -189 430 554 44 306 432 586 1 27 247 518 217 -137 250 298 0x1.e8a21cp+5 8 1
clause 5320 1 0 -304 404 247 -137 216 141 200 170 118 476 0x1.e5f206p+3 6 1
clause 5321 1 0 387 186 18 204 -577 -2 293 97 124 118 374 0x1.e6ace2p+4 6 1
clause 5322 1 0 366 330 432 193 312 -2 217 387 204 261 298 565 429 328 281 73 1 247 518 97 488 574 159 413 504 22 595 506 259 478 40 0x1.e7a68ep+4 9 1
clause 5323 1 0 -488 20 312 73 -579 391 196 406 193 106 554 374 0x1.e7e4f2p+4 5 1
clause 5324 1 0 -578 458 193 473 574 73 20 554 293 586 1 196 159 136 0x1.e82366p+4 7 1
clause 5325 1 0 429 574 73 193 565 1 413 432 312 387 366 261 217 298 330 -2 204 560 159 281 247 518 97 328 504 22 595 506 259 478 40 0x1.6f8338p+5 8 1
clause 5326 1 0 281 387 59 429 -432 366 261 217 518 413 0x1.ead5ecp+4 6 1
clause 5327 1 0 429 366 193 574 1 413 159 387 330 507 312 217 298 261 -2 204 560 281 247 518 -252 504 595 259 478 40 73 0x1.e99b0ap+4 8 1
clause 5328 1 0 366 387 413 193 159 330 1 298 360 574 312 251 -2 217 261 204 560 281 247 518 429 504 595 259 478 40 73 0x1.eb142ep+4 8 1
clause 5329 1 0 448 -570 257 124 212 193 366 73 374 99 312 575 102 161 188 0x1.70dcacp+5 3 0
clause 5330 1 0 281 -260 193 159 212 430 -189 17 442 432 586 1 27 247 518 217 250 298 413 595 -97 506 570 73 -282 259 478 340 136 196 454 448 22 226 257 0x1.72195cp+5 7 1
clause 5331 1 0 281 -260 554 212 430 -189 -137 432 586 1 27 247 518 217 250 298 413 595 442 506 570 73 -282 259 478 340 136 159 0x1.ebd0aap+4 7 1
clause 5332 1 0 -304 183 398 556 0x1.7bc35cp+6 2 1
clause 5333 1 0 479 396 217 58 298 147 387 413 178 429 1 247 281 518 595 73 259 478 159 193 574 312 366 330 -2 204 560 40 226 575 0x1.ec8db6p+4 7 1
clause 5334 1 0 281 259 518 298 217 73 330 247 478 193 312 575 40 429 366 387 396 1 595 574 -2 204 226 319 0x1.ee092p+4 6 1
clause 5335 1 0 281 -58 518 595 570 430 247 298 259 478 494 574 108 73 193 158 586 99 413 387 330 569 217 189 0x1.ee4844p+4 5 1
clause 5336 1 0 412 -58 96 1 126 99 469 203 298 27 216 429 309 413 0x1.ee4814p+4 6 1
clause 5337 1 0 513 479 193 178 73 -125 17 108 147 595 199 99 312 0x1.73d3e4p+5 4 0
clause 5338 1 0 429 178 312 -331 252 203 298 569 1 99 479 247 193 73 513 147 96 595 387 126 27 108 -58 413 281 518 189 0x1.ef0612p+4 6 1
clause 5339 1 0 281 429 193 518 298 330 312 575 1 217 73 595 387 247 478 259 574 40 396 -2 204 226 319 0x1.f10304p+4 5 1
clause 5340 1 0 281 331 518 231 40 430 225 13 22 330 507 99 124 189 217 0x1.f003e8p+4 6 1
clause 5341 1 0 281 567 543 569 40 99 124 231 330 387 251 217 430 518 225 232 158 298 0x1.f14226p+4 5 1
clause 5342 1 0 -418 504 27 209 216 462 348 305 309 413 0x1.f1024p+4 6 1
clause 5343 1 0 281 504 73 193 -126 99 -260 212 430 -189 17 209 586 1 27 247 518 217 250 298 413 595 506 570 259 478 454 22 226 519 348 420 469 40 225 158 0x1.f1819cp+4 7 1
clause 5344 1 0 504 330 1 570 140 586 22 -2 27 567 454 226 413 99 73 193 288 17 430 281 -260 247 518 217 250 298 595 259 478 519 420 469 40 225 385 387 252 0x1.f20118p+4 6 1
clause 5345 1 0 281 124 193 73 1 226 518 217 40 232 0x1.f280b8p+4 5 1
clause 5346 1 0 518 281 217 193 1 73 226 40 232 0x1.f789bcp+4 4 1
clause 5347 1 0 462 126 -331 341 15 252 298 225 387 586 314 567 330 570 24 0x1.77b146p+5 3 1
clause 5348 1 0 -159 478 247 73 60 513 503 27 259 369 226 298 570 387 217 166 595 263 492 179 430 312 281 319 5 330 574 212 99 333 225 341 252 586 0x1.f8099cp+4 3 1
clause 5349 1 0 281 513 -569 73 60 478 247 27 259 366 369 226 298 570 503 217 166 595 263 506 179 430 492 387 319 159 5 575 136 333 330 187 0x1.f849a4p+4 3 1
clause 5350 1 0 230 -518 428 478 217 259 305 27 -282 462 247 513 73 595 263 0x1.f540fp+4 5 1
clause 5351 1 0 583 -215 91 488 526 442 307 60 27 247 0x1.785106p+5 3 1
clause 5352 1 0 -576 432 203 595 428 222 217 298 569 247 442 27 263 281 -518 478 259 462 513 73 0x1.f6019ep+4 4 1
clause 5353 1 0 281 -566 217 569 263 298 442 247 27 203 595 -576 -518 478 259 513 73 99 0x1.f94a6ap+4 3 1
clause 5354 1 0 -94 366 106 595 492 428 419 0x1.043a98p+5 2 0
clause 5355 1 0 -462 503 226 506 570 330 369 99 0x1.f74372p+3 3 1
clause 5356 1 0 387 457 126 247 217 341 586 298 314 136 569 225 462 252 567 330 570 24 124 0x1.f7c46ap+3 4 1
clause 5357 1 0 413 221 78 216 -587 305 9 314 136 5 501 1 473 159 0x1.f90788p+4 3 0
clause 5358 1 0 85 -108 467 73 595 0x1.25b6e2p+7 2 0
clause 5359 1 0 517 575 359 217 108 569 15 259 457 586 159 1 473 0x1.f988d2p+4 5 1
clause 5360 1 0 -507 305 569 159 1 586 136 488 217 5 473 247 298 17 387 575 259 517 359 85 73 595 503 369 454 22 226 566 0x1.fb0e3ep+4 4 1
clause 5361 1 0 -93 257 500 430 289 193 449 5 226 578 236 554 77 424 0x1.fa8c0ap+4 4 1
clause 5362 1 0 449 17 -15 469 574 488 217 298 257 569 387 247 430 554 193 5 226 225 136 221 341 586 0x1.fb8feap+4 3 1
clause 5363 1 0 140 579 93 91 78 473 203 241 554 45 27 212 163 430 493 0x1.c2493cp+5 2 1
clause 5364 1 0 281 263 374 105 492 566 389 226 193 595 544 97 179 349 442 584 308 125 284 -213 0x1.fc11dap+4 3 1
clause 5365 1 0 281 226 193 217 73 1 40 232 0x1.fc52eap+3 3 1
clause 5366 1 0 470 -251 225 40 518 13 217 0x1.0da304p+6 2 0
clause 5367 1 0 531 225 285 243 13 139 250 217 387 386 40 518 459 294 231 0x1.7e844cp+5 7 1
clause 5368 1 0 120 225 217 569 285 243 13 298 459 531 231 40 518 139 294 574 329 570 0x1.5018ecp+6 3 0
clause 5369 1 0 -17 531 454 294 459 545 0x1.30296ep+6 1 0
clause 5370 1 0 120 149 -331 243 294 139 592 459 312 285 442 574 251 531 13 40 518 225 231 0x1.0034ap+5 6 1
clause 5371 1 0 260 -177 595 243 89 341 518 285 48 104 0x1.964a2cp+5 4 0
clause 5372 1 0 592 177 531 294 175 0x1.d1eb84p+6 2 0
clause 5373 1 0 592 574 73 495 125 -103 329 217 243 570 -157 260 595 226 285 45 531 518 341 89 27 294 0x1.16f002p+6 6 1
clause 5374 1 0 331 103 595 73 308 574 243 -177 27 495 174 89 217 251 366 260 285 518 423 341 0x1.9782d2p+5 5 1
clause 5375 1 0 -546 369 331 471 103 149 226 0x1.02c9b6p+6 4 1
clause 5376 1 0 -213 243 215 204 4 226 40 518 149 595 73 308 120 217 329 570 139 495 15 587 592 159 231 1 0x1.05d1f4p+5 8 1
clause 5377 1 0 126 570 215 554 159 -105 73 518 217 247 507 587 331 592 15 240 378 0x1.01bf6p+5 8 1
clause 5378 1 0 570 126 212 251 329 159 250 217 385 120 284 97 -3 0x1.25407p+5 5 0
clause 5379 1 0 323 -251 159 139 126 444 570 0x1.109012p+6 5 1
clause 5380 1 0 528 -125 570 159 204 -150 587 217 126 120 189 457 329 251 0x1.02225ap+5 7 1
clause 5381 1 0 -545 120 159 149 587 204 217 570 329 528 103 139 215 247 378 592 73 518 554 15 226 283 0x1.8c1b88p+5 8 1
clause 5382 1 0 120 126 570 217 189 159 587 125 15 457 0x1.9701a6p+6 7 1
clause 5383 1 0 120 -158 457 18 529 247 407 4 80 67 587 263 528 1 15 444 0x1.02e8fep+5 8 1
clause 5384 1 0 120 204 1 329 529 159 247 587 243 189 4 570 15 217 149 103 528 125 139 0x1.d2beccp+6 8 0
clause 5385 1 0 456 -459 587 177 103 529 545 16 0x1.5e7d1cp+6 3 0
clause 5386 1 0 -586 455 73 193 204 331 506 459 329 386 501 16 103 0x1.03d186p+5 8 1
clause 5387 1 0 -369 568 562 366 341 -299 592 247 25 177 217 294 518 251 208 260 0x1.87d264p+5 6 0
clause 5388 1 0 -118 149 329 217 25 125 366 570 545 16 529 226 103 247 -157 568 562 518 251 592 260 587 73 193 -299 341 331 501 204 324 177 583 0x1.0456cp+5 11 1
clause 5389 1 0 -105 362 139 554 545 319 201 73 193 448 425 221 440 325 355 122 529 183 481 0x1.047814p+5 7 1
clause 5390 1 0 -279 103 -157 545 226 122 201 554 149 16 73 193 139 518 260 177 215 120 329 217 125 570 592 568 251 331 587 366 501 204 324 91 9 -211 15 300 0x1.8c346p+5 7 0
clause 5391 1 0 443 287 231 177 149 366 324 251 -104 425 331 103 226 220 360 329 505 545 422 0x1.051f18p+5 9 1
clause 5392 1 0 -84 -332 193 324 349 201 207 456 0x1.054084p+5 3 1
clause 5393 1 0 -279 103 217 193 251 215 595 518 122 587 125 592 231 149 226 360 329 4 177 1 15 159 139 554 73 120 570 501 204 91 9 -211 243 0x1.058378p+5 11 1
clause 5394 1 0 -279 103 159 587 217 570 122 -211 120 193 231 215 595 518 251 592 177 149 226 360 329 4 1 15 139 554 73 501 204 91 9 243 0x1.05e80ap+5 10 1
clause 5395 1 0 -105 537 576 159 283 -251 457 232 139 529 122 444 570 545 383 0x1.06099p+5 7 1
clause 5396 1 0 -279 177 226 159 587 204 232 -211 570 139 329 217 122 231 193 149 215 595 518 592 120 360 4 1 15 554 73 501 103 91 9 243 0x1.075aa6p+5 9 1
clause 5397 1 0 -251 256 125 97 518 139 440 217 570 0x1.cb7714p+5 2 0
clause 5398 1 0 96 256 -126 40 562 576 97 469 0x1.b6bcd2p+5 5 1
clause 5399 1 0 120 256 217 125 159 587 15 570 -331 40 562 544 440 518 139 329 506 96 175 226 0x1.07bf86p+5 8 1
clause 5400 1 0 382 300 341 159 568 518 329 126 587 368 15 149 260 506 125 0x1.07e138p+5 6 1
clause 5401 1 0 382 -13 457 260 341 518 368 149 587 0x1.07bf42p+5 6 1
clause 5402 1 0 -369 260 562 366 120 -299 341 592 177 25 568 217 247 518 251 294 0x1.8c261cp+5 5 0
clause 5403 1 0 120 149 562 457 366 368 16 341 260 312 592 177 528 583 25 568 217 247 518 251 294 300 159 15 382 587 0x1.08467ep+5 8 1
clause 5404 1 0 -367 -176 73 360 205 193 590 366 232 544 45 465 96 454 462 382 535 149 260 0x1.086852p+5 6 1
clause 5405 1 0 120 9 159 587 204 217 73 122 193 232 360 149 570 40 592 226 237 91 231 15 139 177 -279 4 1 554 501 -211 243 0x1.503b5cp+6 8 1
clause 5406 1 0 120 4 159 357 280 431 1 215 587 329 15 243 204 -126 299 217 570 149 -177 139 378 528 91 9 -211 0x1.8ecd2ap+5 7 0
clause 5407 1 0 120 287 -241 357 390 304 215 247 495 278 378 0x1.90ae8p+5 5 1
clause 5408 1 0 -497 39 60 453 360 0x1.ae55a8p+6 3 1
clause 5409 1 0 287 498 360 -27 215 0x1.661c26p+8 4 1
clause 5410 1 0 390 -279 587 204 73 139 357 431 1 159 529 360 215 251 247 243 120 495 373 126 278 4 15 122 -189 299 0x1.09ffep+5 10 1
clause 5411 1 0 -177 120 40 243 587 159 299 217 570 122 73 139 231 431 1 251 360 215 204 495 4 15 373 226 280 329 149 -279 91 9 -211 0x1.0a440cp+5 9 1
clause 5412 1 0 9 243 215 217 1 329 308 570 159 -211 15 495 587 139 120 4 518 149 231 91 204 40 251 73 373 431 360 -279 -177 122 226 280 0x1.0a8846p+5 8 1
clause 5413 1 0 9 243 570 1 159 15 373 217 587 149 120 4 -432 91 40 73 139 360 122 226 592 193 232 237 554 501 212 0x1.0e5108p+5 7 1
clause 5414 1 0 126 124 202 576 587 73 299 1 554 501 592 217 187 570 405 120 159 139 0x1.25dc96p+6 7 0
clause 5415 1 0 120 -252 159 -204 217 459 587 1 299 0x1.f24a34p+6 6 0
clause 5416 1 0 120 299 576 159 459 99 1 587 217 -252 202 507 0x1.fd6122p+6 7 0
clause 5417 1 0 120 299 1 493 215 159 587 360 202 187 554 592 570 217 139 25 576 507 4 73 501 250 405 124 0x1.a5f09cp+5 9 1
clause 5418 1 0 -203 -157 4 215 329 217 432 570 229 97 469 360 565 9 91 283 498 212 569 298 387 488 1 0x1.a72726p+5 8 1
clause 5419 1 0 120 -286 35 209 247 215 0x1.7f8d9ep+6 3 0
clause 5420 1 0 -118 149 583 488 206 209 454 0x1.1a8c6ap+6 3 0
clause 5421 1 0 120 84 226 454 122 206 247 155 149 -495 583 177 488 212 283 25 329 217 507 565 570 -157 0x1.0cf172p+5 6 1
clause 5422 1 0 120 122 193 569 40 518 217 73 155 215 283 493 432 226 229 360 206 554 595 212 583 25 329 570 91 4 501 1 587 202 9 15 139 159 149 592 0x1.0ef9b6p+5 8 1
clause 5423 1 0 206 68 43 73 193 565 118 182 35 215 -27 120 0x1.0d9de6p+5 7 1
clause 5424 1 0 -118 289 583 193 263 38 182 339 304 149 590 488 298 442 536 360 0x1.0de2fep+5 7 0
clause 5425 1 0 206 68 125 35 182 118 215 97 -157 73 193 43 -27 347 120 0x1.10334ep+6 3 0
clause 5426 1 0 120 590 149 217 159 1 125 193 -27 587 4 -287 360 182 570 215 -157 73 206 91 501 583 0x1.97469p+5 6 0
clause 5427 1 0 120 149 226 91 568 73 193 15 518 139 215 260 329 217 592 570 -157 125 251 587 501 122 9 495 554 -241 1 159 4 243 212 360 -27 182 590 206 0x1.0e8ffep+5 9 1
clause 5428 1 0 9 260 217 159 120 237 73 587 193 232 360 149 570 40 139 226 4 122 91 15 251 592 1 554 501 243 202 212 495 125 568 -241 590 206 493 0x1.0fc916p+5 8 1
clause 5429 1 0 -158 196 91 587 277 159 501 120 217 73 360 193 232 149 592 570 40 139 226 237 556 9 15 122 4 1 554 243 34 388 165 248 212 0x1.0f3d7cp+5 8 0
clause 5430 1 0 209 351 202 -157 196 4 215 193 206 56 304 125 1 360 590 329 283 396 0x1.0f6034p+5 7 1
clause 5431 1 0 120 122 1 159 91 165 237 217 73 149 193 232 360 501 587 40 139 226 592 388 15 570 4 554 243 9 -181 212 590 206 209 125 202 283 396 0x1.10313ep+5 8 1
clause 5432 1 0 528 -198 378 570 159 587 217 149 329 204 139 592 215 247 120 349 73 518 554 15 226 283 122 206 529 355 19 193 0x1.0feb5ap+5 9 1
clause 5433 1 0 557 587 204 159 165 360 299 570 197 217 120 45 592 139 149 73 554 15 226 283 122 206 193 232 40 237 91 9 -279 4 1 501 -211 243 388 209 -306 0x1.10310ap+5 9 1
clause 5434 1 0 -158 432 1 4 125 159 587 217 570 15 243 120 139 149 181 25 27 305 165 557 360 197 592 73 554 226 283 122 193 232 40 237 91 9 501 388 212 0x1.1099b6p+5 8 1
clause 5435 1 0 -118 120 159 1 329 209 204 543 149 529 247 587 528 15 217 570 4 243 125 139 206 583 488 0x1.a9cf66p+5 8 1
clause 5436 1 0 9 243 570 1 159 587 360 554 217 15 122 139 212 226 120 91 149 -241 592 73 432 4 193 232 40 237 501 0x1.116b9ap+5 7 1
clause 5437 1 0 -203 498 4 215 360 26 1 0x1.29bc8p+6 5 1
clause 5438 1 0 -279 168 324 217 329 241 463 97 506 81 124 232 91 300 561 212 0x1.116b74p+4 4 1
clause 5439 1 0 543 -125 395 13 84 81 518 324 217 485 329 506 300 97 0x1.11d498p+5 3 1
clause 5440 1 0 120 9 193 159 217 73 1 587 15 570 360 501 91 243 -374 226 232 40 237 579 0x1.278326p+5 6 1
clause 5441 1 0 -528 120 570 587 217 547 40 518 329 215 579 243 159 431 278 1 374 9 247 0x1.238448p+6 7 1
clause 5442 1 0 120 90 203 243 40 518 329 570 587 308 374 -213 25 217 159 278 431 1 300 528 0x1.9d4ab4p+5 7 0
clause 5443 1 0 120 237 203 125 215 73 193 159 374 587 501 1 300 118 431 90 562 243 40 518 329 570 212 308 25 35 217 528 278 0x1.9d49f6p+5 9 0
clause 5444 1 0 206 118 465 35 493 -27 355 215 575 248 0x1.9d49cap+5 5 1
clause 5445 1 0 587 278 73 193 125 159 35 40 15 360 329 243 -189 595 118 212 376 215 304 237 547 431 25 314 579 374 348 5 9 562 1 120 501 518 570 90 308 217 528 0x1.13e4b8p+5 10 1
clause 5446 1 0 125 -26 243 1 431 159 579 141 374 5 0x1.468f28p+7 6 0
clause 5447 1 0 -312 120 217 587 159 570 15 125 189 0x1.20854cp+7 7 1
clause 5448 1 0 248 374 212 215 -3 237 118 431 -27 376 278 9 35 0x1.144ea8p+5 7 1
clause 5449 1 0 501 374 217 125 1 159 237 215 73 193 587 243 35 431 118 120 212 40 518 329 570 308 562 278 9 15 5 579 360 595 547 314 247 0x1.af0fdep+5 7 0
clause 5450 1 0 128 -346 40 383 96 101 308 462 0x1.14dc58p+5 4 1
clause 5451 1 0 237 285 -204 278 308 40 208 263 91 9 462 360 215 212 203 473 38 374 562 431 312 587 0x1.15234ap+5 9 1
clause 5452 1 0 -118 120 595 374 587 40 518 329 570 308 312 217 159 243 431 1 -2 528 215 38 547 212 579 278 360 91 9 237 562 73 125 0x1.af567ep+5 7 0
clause 5453 1 0 501 432 40 27 570 5 312 329 35 206 159 1 431 67 374 579 125 243 -3 208 0x1.164002p+5 9 1
clause 5454 1 0 396 229 452 368 150 60 20 308 425 128 97 217 360 506 570 329 395 312 0x1.166392p+5 7 1
clause 5455 1 0 444 140 159 298 304 251 -189 397 0x1.1d0a3ep+6 4 1
clause 5456 1 0 9 382 -211 91 140 545 -252 217 0x1.16aaccp+5 3 0
clause 5457 1 0 -118 587 212 73 593 385 125 252 97 -3 159 555 298 251 570 0x1.16ce78p+5 8 1
clause 5458 1 0 -118 9 159 587 217 15 570 120 125 452 73 91 5 329 312 308 212 360 40 501 425 1 431 35 374 579 243 237 226 547 314 595 518 528 278 215 38 562 0x1.1715eap+5 9 1
clause 5459 1 0 120 9 226 329 1 159 587 217 15 570 35 125 452 73 91 308 5 360 40 501 -76 431 374 579 243 237 595 518 215 38 193 0x1.1dccfep+5 8 1
clause 5460 1 0 -312 45 62 -279 555 215 374 248 431 457 204 487 331 23 507 16 217 459 0x1.1810acp+5 7 1
clause 5461 1 0 -118 494 210 304 193 108 45 366 555 548 62 -279 25 215 115 248 0x1.18347cp+5 6 1
clause 5462 1 0 349 45 205 193 165 -493 555 0x1.181088p+4 5 1
clause 5463 1 0 237 205 432 156 349 573 -3 98 473 431 0x1.ada0cap+5 3 0
clause 5464 1 0 -312 115 -3 487 576 45 237 374 98 431 555 156 120 210 304 366 62 548 -279 215 248 1 587 193 331 23 507 16 217 459 0x1.195448p+5 11 1
clause 5465 1 0 538 -298 159 205 38 201 15 349 507 405 340 -197 546 193 360 0x1.19783cp+5 7 0
clause 5466 1 0 98 530 473 -228 237 -44 366 107 226 374 -3 210 284 431 120 593 73 555 0x1.a6c492p+5 5 0
clause 5467 1 0 -279 432 495 -3 215 62 163 431 0x1.197818p+4 4 1
clause 5468 1 0 85 62 73 595 -49 100 107 163 366 378 0x1.aebc9p+5 3 0
clause 5469 1 0 248 -279 507 210 159 587 360 38 193 126 593 15 215 201 73 595 366 555 -298 340 45 284 120 237 530 226 374 -3 431 62 1 563 576 570 310 115 548 290 331 16 217 459 0x1.1a2c8ep+5 10 1
clause 5470 1 0 120 374 125 159 187 237 226 73 193 563 329 15 360 587 431 501 300 215 595 1 5 570 548 366 217 248 38 313 579 277 507 211 201 126 288 0x1.1c0528p+5 10 1
clause 5471 1 0 120 313 277 215 501 248 507 49 99 226 211 -473 1 288 0x1.1d7532p+6 7 1
clause 5472 1 0 -3 285 473 243 211 27 0x1.498a3ap+7 3 0
clause 5473 1 0 374 -376 73 548 595 329 217 507 587 570 431 -7 197 125 159 300 1 285 243 473 248 215 0x1.1b4e3ap+5 12 1
clause 5474 1 0 -7 197 507 595 329 217 374 587 570 431 548 300 125 159 49 1 248 243 73 285 215 288 501 120 226 99 0x1.1c03fep+5 11 1
clause 5475 1 0 120 374 217 570 563 159 40 518 329 -2 579 1 431 243 125 5 51 507 587 147 248 215 300 285 -7 0x1.aabc04p+5 11 1
clause 5476 1 0 300 563 40 473 507 99 -3 147 366 329 312 324 248 215 285 243 211 462 0x1.aae05ep+5 7 1
clause 5477 1 0 424 220 -49 19 0x1.cca1b8p+7 1 0
clause 5478 1 0 300 366 159 507 243 226 15 312 431 501 40 248 324 563 462 197 329 99 215 285 288 1 217 120 518 570 5 374 579 125 587 -7 548 595 73 0x1.1d278ep+5 10 1
clause 5479 1 0 424 300 159 288 -473 394 507 1 99 248 215 15 501 313 120 277 226 211 0x1.1f997cp+6 6 0
clause 5480 1 0 300 563 40 312 507 1 243 99 248 329 -49 324 366 215 285 473 462 217 120 518 570 159 431 5 374 579 125 587 -7 548 0x1.b488ecp+5 8 0
clause 5481 1 0 374 300 -2 159 555 507 211 99 0x1.b521bcp+5 5 1
clause 5482 1 0 -7 288 125 1 215 159 587 40 374 243 248 329 5 217 120 518 570 431 507 300 324 579 563 548 15 366 501 226 193 360 595 73 237 201 38 187 0x1.1f296p+5 9 1
clause 5483 1 0 197 211 570 40 574 193 243 15 217 587 159 431 -3 16 125 237 -507 473 27 0x1.28727ap+6 6 0
clause 5484 1 0 -507 90 -285 480 147 110 -49 402 123 159 97 439 0x1.1e4c24p+4 4 1
clause 5485 1 0 528 -298 179 90 480 147 444 159 0x1.75ac44p+6 4 1
clause 5486 1 0 59 548 570 159 574 179 587 308 251 215 16 40 197 193 -3 15 217 140 431 -189 473 125 237 243 211 -507 277 0x1.1fbc08p+5 7 0
clause 5487 1 0 -189 140 251 159 377 298 308 -49 260 248 215 59 548 0x1.1f4d4p+5 6 1
clause 5488 1 0 -7 -77 159 217 59 -2 595 215 574 260 140 251 308 568 -189 579 6 136 0x1.200594p+5 5 1
clause 5489 1 0 -507 260 89 226 248 518 26 495 35 341 120 544 -216 305 0x1.1fe092p+5 6 1
clause 5490 1 0 -279 59 159 -189 251 308 298 215 140 577 -242 248 139 26 282 570 260 544 226 -507 518 35 495 120 15 0x1.204f48p+5 6 1
clause 5491 1 0 -279 59 179 159 -242 215 577 -261 139 308 -298 0x1.cc5d56p+5 4 1
clause 5492 1 0 -7 243 570 282 587 518 179 159 215 308 125 226 35 431 120 1 40 193 217 15 237 5 595 288 579 136 -77 360 329 374 -189 501 73 38 0x1.227cbap+5 8 1
clause 5493 1 0 -298 424 288 159 1 15 215 189 501 313 120 277 226 211 217 587 312 329 570 248 0x1.22a1b4p+5 7 1
clause 5494 1 0 374 501 125 193 250 226 473 507 -216 211 35 313 570 1 67 261 243 251 298 120 26 248 0x1.219c6p+5 10 1
clause 5495 1 0 374 211 431 -2 474 0x1.2411f8p+8 3 0
clause 5496 1 0 -259 120 217 280 329 60 90 298 360 575 0x1.21e684p+5 6 1
clause 5497 1 0 261 248 125 1 217 507 159 26 587 329 312 298 473 280 360 -252 570 431 251 374 120 211 215 193 226 313 501 35 243 0x1.22a084p+5 8 0
clause 5498 1 0 -507 22 125 226 159 518 15 243 261 26 360 570 298 329 0x1.22c5aep+5 7 1
clause 5499 1 0 120 79 313 501 26 226 67 248 148 6 288 -60 367 215 35 308 452 0x1.22c59ap+5 6 1
clause 5500 1 0 -259 -252 217 15 507 159 248 280 -473 1 424 215 288 501 313 120 277 226 211 294 26 125 495 496 312 38 73 193 329 360 148 79 35 308 452 570 0x1.23101ep+5 8 1
clause 5501 1 0 424 120 -252 217 159 360 312 329 15 570 288 248 280 1 251 215 298 501 313 277 226 211 125 38 73 193 261 35 308 452 374 579 431 587 5 243 518 0x1.23cadcp+5 8 1
clause 5502 1 0 424 120 431 -252 587 394 217 576 159 459 1 -300 0x1.79b9e8p+6 6 0
clause 5503 1 0 277 480 374 211 1 431 -396 298 215 548 26 90 248 424 -252 217 120 159 587 563 0x1.241586p+5 7 1
clause 5504 1 0 320 444 90 -299 480 528 159 0x1.243ae8p+5 3 1
clause 5505 1 0 501 374 125 159 1 243 587 15 217 579 360 570 -287 226 -281 73 193 120 40 237 595 136 91 78 9 0x1.2b9172p+5 7 1
clause 5506 1 0 -569 505 1 299 217 125 159 587 570 -252 15 120 204 387 0x1.278c48p+6 8 0
clause 5507 1 0 9 78 120 217 179 459 26 -328 -17 157 1 304 570 88 91 243 487 330 282 59 366 125 312 396 595 574 387 575 0x1.24f642p+4 7 1
clause 5508 1 0 575 487 217 -216 26 78 179 211 59 120 387 9 518 -328 304 1 284 157 570 88 0x1.2566e8p+5 7 1
clause 5509 1 0 387 -298 179 211 308 159 26 59 366 282 570 215 217 575 78 120 330 9 518 -328 1 213 0x1.cfb98ep+5 5 0
clause 5510 1 0 -576 120 308 299 360 215 213 1 73 570 431 193 579 179 159 282 287 217 78 374 9 518 204 587 15 26 125 329 0x1.272be8p+5 10 1
clause 5511 1 0 20 385 507 226 123 299 425 229 355 570 217 155 387 0x1.2648bp+5 5 1
clause 5512 1 0 120 287 26 159 -211 217 570 226 -3 215 243 299 576 360 329 1 237 431 9 374 0x1.27773ep+5 9 1
clause 5513 1 0 424 220 226 26 6 579 329 -214 505 360 394 215 139 287 313 -279 0x1.277704p+5 6 0
clause 5514 1 0 287 -216 431 579 374 1 204 6 26 0x1.78cd68p+6 5 0
clause 5515 1 0 424 -387 125 159 587 217 15 311 570 120 -49 250 299 0x1.279caap+5 9 1
clause 5516 1 0 21 189 570 125 217 159 587 15 387 311 120 0x1.370f3p+6 4 0
clause 5517 1 0 424 -202 125 587 159 -49 570 299 217 120 15 141 579 374 431 576 0x1.28344p+5 8 1
clause 5518 1 0 424 -189 226 287 299 6 329 570 360 579 394 215 26 313 -279 125 15 97 159 507 -214 0x1.285a2ap+5 8 1
clause 5519 1 0 120 374 125 1 217 159 587 26 299 15 226 579 329 360 -3 215 287 570 431 9 243 237 308 73 193 179 282 78 518 0x1.2964ap+5 9 1
clause 5520 1 0 120 374 125 217 587 299 189 159 -3 15 329 1 570 579 431 -26 243 0x1.298a9ep+5 9 1
clause 5521 1 0 -158 543 304 587 193 188 223 73 197 312 15 40 300 209 16 432 387 237 27 -3 431 0x1.293e36p+5 7 1
clause 5522 1 0 -576 -158 243 27 -3 494 374 312 209 188 193 125 73 587 473 15 40 300 304 237 431 217 360 570 329 0x1.298a62p+5 8 1
clause 5523 1 0 78 9 595 73 215 27 -3 287 193 579 -158 226 312 374 494 505 329 243 473 209 188 125 587 366 15 40 300 304 237 431 217 360 570 0x1.29fcdp+5 7 1
clause 5524 1 0 443 369 555 45 308 360 59 193 260 -373 0x1.2a22f4p+5 4 1
clause 5525 1 0 9 287 125 193 570 431 -3 308 237 226 587 299 329 595 73 215 78 374 579 243 360 15 40 217 159 518 120 1 179 282 0x1.2abbe8p+5 8 1
clause 5526 1 0 -495 203 312 431 0x1.31fd88p+8 3 1
clause 5527 1 0 -576 120 1 159 217 125 299 15 587 570 329 -157 0x1.5554fp+6 6 0
clause 5528 1 0 287 587 215 431 374 1 217 159 243 15 125 570 329 299 579 120 193 237 308 360 226 595 73 78 9 40 518 179 282 0x1.2ef89ep+5 7 1
clause 5529 1 0 21 387 189 159 217 125 587 570 15 394 120 386 0x1.2b7b58p+4 8 1
clause 5530 1 0 454 211 285 360 215 243 294 287 473 125 158 -311 284 459 1 18 204 21 394 0x1.2bee8p+5 10 1
clause 5531 1 0 287 587 211 312 243 215 360 200 595 473 125 197 459 1 285 394 158 -252 204 73 45 140 188 217 0x1.2d22dcp+5 10 1
clause 5532 1 0 -251 225 231 217 13 40 518 386 0x1.06031ap+7 3 0
clause 5533 1 0 324 186 -103 446 81 48 350 22 595 331 260 243 518 89 341 73 -157 495 329 217 574 570 125 226 45 531 27 294 0x1.2d491ep+5 7 0
clause 5534 1 0 103 -546 593 531 294 0x1.c5bf48p+5 1 0
clause 5535 1 0 120 103 -592 546 350 531 294 285 0x1.cc99ap+5 2 0
clause 5536 1 0 331 103 287 498 89 5 595 73 308 174 574 495 27 350 446 243 217 251 366 260 285 518 341 531 593 120 294 0x1.2dbcdp+5 7 1
clause 5537 1 0 186 350 125 -157 495 595 243 518 341 22 73 89 446 329 217 570 -575 226 45 287 5 308 593 120 140 252 188 231 40 211 587 204 1 473 0x1.2e0a22p+5 9 1
clause 5538 1 0 9 -432 40 1 374 473 329 215 159 217 579 518 570 125 431 243 507 300 587 78 120 576 22 595 89 341 73 226 287 308 188 405 360 158 193 554 0x1.2ecbecp+5 9 1
clause 5539 1 0 133 374 -430 226 237 -498 285 91 9 243 140 0x1.2e7e4p+4 7 1
clause 5540 1 0 432 -494 1 27 473 495 0x1.2f1966p+5 4 1
clause 5541 1 0 9 579 91 6 507 285 -2 141 99 300 374 159 555 0x1.2f4032p+5 5 1
clause 5542 1 0 9 159 1 91 305 287 374 125 237 507 73 193 579 576 215 360 300 431 40 329 243 217 120 518 570 188 587 78 595 89 341 226 308 158 506 0x1.3050dcp+5 8 1
clause 5543 1 0 260 579 374 545 -27 215 442 308 360 285 368 59 287 0x1.c9d904p+5 3 0
clause 5544 1 0 -498 374 1 125 431 203 159 243 579 545 27 285 0x1.c9ffeep+5 5 0
clause 5545 1 0 39 -299 595 568 179 583 498 217 368 106 260 360 287 148 38 0x1.307782p+5 6 1
clause 5546 1 0 120 314 215 -241 91 568 287 501 595 5 179 106 217 -299 368 260 360 498 38 374 431 495 27 0x1.30c586p+5 7 1
clause 5547 1 0 120 314 215 374 91 587 287 106 501 431 1 579 495 545 203 27 285 9 243 595 -2 179 -299 217 568 368 260 360 498 38 0x1.3113ap+5 8 1
clause 5548 1 0 -299 501 431 159 1 374 215 237 587 91 120 9 243 595 179 125 217 360 576 579 308 570 226 329 73 193 287 40 518 78 341 0x1.31feap+5 7 1
clause 5549 1 0 287 374 431 27 215 1 204 26 6 579 0x1.3b38f6p+6 4 0
clause 5550 1 0 120 287 341 38 498 518 260 360 209 -214 89 305 0x1.f1b66cp+5 7 1
clause 5551 1 0 543 204 125 159 587 498 237 1 329 6 15 243 120 545 217 570 488 40 518 215 431 579 374 9 91 -507 193 197 574 16 27 38 287 341 89 260 360 305 0x1.327412p+5 6 0
clause 5552 1 0 120 -6 243 587 40 518 329 570 308 312 217 159 431 1 595 374 215 125 579 360 91 9 237 73 38 193 501 15 314 0x1.329b4cp+5 7 1
clause 5553 1 0 9 570 73 15 193 125 159 587 40 374 217 237 243 579 1 120 91 360 595 501 226 78 -281 136 0x1.37e89ap+5 6 1
clause 5554 1 0 120 274 73 1 202 215 159 360 493 587 570 576 217 139 25 -498 507 501 405 124 569 579 43 0x1.333884p+5 9 1
clause 5555 1 0 -288 177 570 217 298 38 461 546 308 590 139 360 73 1 215 159 120 202 576 587 25 493 507 501 405 124 569 579 193 555 304 0x1.33873ep+5 10 1
clause 5556 1 0 284 405 570 213 73 139 441 226 298 304 6 286 579 217 546 461 38 308 360 1 215 159 120 576 587 25 507 501 124 569 193 -8 237 431 388 374 376 277 0x1.33fd82p+5 10 1
clause 5557 1 0 -189 221 458 -49 304 385 546 177 217 424 507 250 298 0x1.3424eep+5 5 1
clause 5558 1 0 9 576 217 126 159 120 6 388 139 298 507 -214 311 546 1 213 221 441 73 473 284 226 579 38 405 461 308 360 215 587 25 501 124 569 193 570 237 431 374 0x1.cf8778p+5 9 1
clause 5559 1 0 570 126 139 1 473 189 6 217 579 120 159 576 187 0x1.35618p+5 7 1
clause 5560 1 0 6 237 213 454 546 73 587 -2 583 501 284 226 177 579 9 374 431 67 474 0x1.35890cp+5 7 1
clause 5561 1 0 120 9 126 226 217 221 159 6 284 311 139 388 1 177 73 -211 579 473 461 308 360 215 587 25 501 124 569 193 570 237 431 374 -157 329 283 -203 91 0x1.d3e6d2p+5 6 0
clause 5562 1 0 -133 177 595 215 126 221 217 587 120 159 546 388 507 298 473 576 311 248 1 213 9 441 73 139 284 226 579 6 405 461 308 360 25 501 124 569 193 570 237 431 374 458 0x1.3588e2p+4 8 1
clause 5563 1 0 -382 221 458 413 179 313 177 546 226 424 67 324 21 501 17 587 81 0x1.d22ab8p+5 7 1
clause 5564 1 0 9 311 126 226 159 587 501 6 217 284 120 221 179 139 388 1 73 283 579 461 308 360 215 473 124 569 193 570 237 431 374 -157 329 25 91 583 341 518 98 0x1.36279ap+4 7 1
clause 5565 1 0 105 -175 546 0x1.96e7ep+6 3 1
clause 5566 1 0 587 405 43 576 73 124 1 501 341 139 217 570 105 120 159 202 569 518 126 529 546 0x1.38cf6ap+5 7 1
clause 5567 1 0 331 250 217 0x1.9d3fa8p+8 3 1
clause 5568 1 0 103 126 570 545 159 529 251 217 587 456 120 177 569 0x1.37b5d6p+5 7 1
clause 5569 1 0 538 127 -385 477 73 595 436 424 201 469 82 40 448 541 17 576 0x1.37ddbcp+5 5 1
clause 5570 1 0 456 567 215 217 569 298 341 73 595 40 570 576 280 177 13 507 518 529 103 221 545 587 126 120 159 530 0x1.38a5d4p+5 6 1
clause 5571 1 0 -382 126 570 215 159 298 17 546 501 73 -7 323 120 385 407 179 177 221 226 136 587 1 204 576 311 -189 98 567 217 507 250 0x1.38a5b6p+5 7 0
clause 5572 1 0 570 385 217 187 126 159 189 120 0x1.e4334ep+6 5 1
clause 5573 1 0 -382 126 215 570 159 385 -7 501 73 298 120 546 323 179 177 221 226 136 587 1 204 576 311 98 567 217 507 569 0x1.3ab0e4p+6 7 1
clause 5574 1 0 579 -105 126 217 175 518 431 587 576 215 159 221 570 501 73 298 120 179 226 136 1 311 98 507 569 9 595 40 280 341 13 284 0x1.3a376cp+5 7 1
clause 5575 1 0 386 284 193 576 40 431 175 341 587 250 1 574 374 17 16 13 98 518 507 217 298 105 570 387 0x1.3a373ap+5 8 1
clause 5576 1 0 -546 120 431 159 217 374 203 -300 1 587 9 576 -252 458 98 507 226 284 0x1.3a5f66p+5 7 1
clause 5577 1 0 -263 585 243 491 390 595 0x1.e33418p+5 4 1
clause 5578 1 0 120 587 98 204 431 458 507 217 576 159 22 1 221 -252 -300 203 -2 0x1.3aafe2p+5 7 1
clause 5579 1 0 570 501 124 126 175 73 587 1 -385 576 579 217 105 405 120 159 569 518 341 431 374 221 507 98 243 595 179 9 226 284 298 193 40 13 0x1.3b0086p+5 7 1
clause 5580 1 0 120 374 360 431 215 284 311 1 175 341 576 13 518 98 217 507 298 126 243 159 570 579 124 587 73 501 405 569 221 595 179 9 226 193 40 136 280 0x1.3c1bcp+5 6 1
clause 5581 1 0 -203 481 423 52 166 360 215 498 26 1 0x1.3ba20cp+5 5 1
clause 5582 1 0 -546 448 193 579 6 374 431 481 587 204 576 360 215 1 133 98 232 9 529 507 243 384 213 103 226 284 0x1.3c1b6ep+5 7 1
clause 5583 1 0 12 -3 203 570 323 217 442 133 315 215 159 -382 126 501 73 298 120 546 179 177 221 226 136 587 1 576 311 98 567 507 569 9 529 579 374 223 431 369 0x1.3c43e4p+5 7 1
clause 5584 1 0 120 9 126 226 217 159 579 284 311 -3 1 587 73 461 308 360 215 221 501 124 569 193 570 237 431 374 -157 329 91 179 136 98 12 -175 448 232 243 0x1.3cbd84p+5 6 1
clause 5585 1 0 9 120 -211 187 237 67 -2 298 383 501 148 442 431 -175 284 226 374 0x1.3ce61p+5 4 1
clause 5586 1 0 120 9 -138 587 501 226 1 217 73 193 570 91 232 243 40 0x1.43dc56p+5 5 1
clause 5587 1 0 -159 211 374 431 507 298 1 98 0x1.3dda02p+5 4 0
clause 5588 1 0 -204 211 431 374 1 0x1.b627e4p+6 3 0
clause 5589 1 0 211 157 243 -2 495 125 574 27 126 0x1.41fe5ap+6 4 1
clause 5590 1 0 120 374 203 570 179 243 215 226 431 1 587 217 329 138 211 91 0x1.3fedd6p+5 7 1
clause 5591 1 0 -474 243 570 587 179 149 120 215 -2 217 329 285 138 431 211 203 0x1.40169ep+5 6 1
clause 5592 1 0 68 28 43 235 193 -331 573 73 155 183 -569 0x1.3f4922p+5 4 1
clause 5593 1 0 88 149 452 116 324 545 -299 368 108 59 366 251 497 595 260 306 0x1.3f72p+5 4 1
clause 5594 1 0 -159 570 43 97 595 116 217 193 73 68 285 149 203 587 243 431 120 25 432 473 215 226 314 5 91 212 78 578 13 0x1.40913ap+5 5 1
clause 5595 1 0 68 331 518 217 43 73 193 432 215 342 203 473 431 124 298 570 0x1.e4bdc6p+5 4 1
clause 5596 1 0 -304 454 243 25 488 120 493 149 203 432 473 247 215 0x1.454a16p+5 5 1
clause 5597 1 0 243 -495 124 285 203 25 431 0x1.edfe58p+5 4 1
clause 5598 1 0 285 126 -137 78 292 217 570 91 120 342 124 298 518 60 73 193 304 243 591 395 43 0x1.e85eaap+5 4 1
clause 5599 1 0 120 -252 193 73 159 -204 304 217 587 182 1 459 0x1.415e64p+5 6 1
clause 5600 1 0 120 211 193 518 217 203 570 1 91 78 587 243 215 431 138 595 226 501 179 73 329 0x1.422c94p+5 6 1
clause 5601 1 0 -507 333 342 518 329 217 187 545 570 0x1.a278eap+6 3 0
clause 5602 1 0 575 68 570 217 342 -199 329 120 299 518 545 506 0x1.427f04p+5 4 1
clause 5603 1 0 120 68 329 506 299 189 199 575 217 570 0x1.42a84cp+5 4 1
clause 5604 1 0 9 78 179 120 217 587 211 1 570 329 518 193 73 215 226 501 138 91 243 431 595 0x1.46bdd2p+5 5 1
clause 5605 1 0 -200 -298 359 226 329 283 236 232 73 193 431 373 587 1 14 158 0x1.e6a8c4p+5 5 1
clause 5606 1 0 587 351 236 232 99 181 15 155 283 545 431 574 447 1 125 14 138 0x1.e6554ap+5 6 1
clause 5607 1 0 24 116 222 -350 425 312 19 447 0x1.43f386p+5 3 1
clause 5608 1 0 425 351 529 501 298 506 -196 587 232 283 236 431 1 14 138 226 555 570 329 404 199 73 193 359 0x1.e6fb68p+5 7 1
clause 5609 1 0 199 587 138 373 -189 431 73 193 1 529 425 501 232 283 236 14 226 158 329 359 0x1.451698p+5 6 1
clause 5610 1 0 587 196 236 298 373 67 193 73 431 199 465 251 1 232 138 0x1.451678p+5 6 1
clause 5611 1 0 199 181 236 232 14 431 574 298 1 283 587 125 193 403 -159 73 43 226 505 0x1.454016p+5 6 1
clause 5612 1 0 425 587 236 298 199 232 501 283 431 1 14 138 226 570 329 529 73 193 359 67 158 465 373 0x1.45936ep+5 6 1
clause 5613 1 0 199 587 226 359 329 570 501 314 236 232 73 193 431 373 283 1 14 158 425 138 529 465 217 0x1.483394p+5 5 1
clause 5614 1 0 120 9 213 215 40 205 501 -2 247 154 -568 314 193 226 403 375 204 554 505 126 217 329 0x1.463a6p+5 5 1
clause 5615 1 0 501 587 236 226 247 243 215 40 570 120 9 193 -298 217 329 403 431 -211 1 14 158 0x1.488718p+5 5 1
clause 5616 1 0 587 155 236 243 15 545 431 -211 574 1 125 14 138 0x1.46e1a8p+5 6 1
clause 5617 1 0 -507 501 570 518 329 217 587 243 -211 187 67 236 431 1 14 138 226 0x1.48dac6p+5 5 1
clause 5618 1 0 396 507 125 1 -157 202 329 217 570 0x1.0410dap+6 5 0
clause 5619 1 0 120 299 202 159 99 298 1 587 217 459 507 570 576 0x1.64f9c6p+6 7 1
clause 5620 1 0 475 252 43 473 518 215 217 495 342 305 73 193 -204 68 431 124 298 570 0x1.ed85fap+5 4 0
clause 5621 1 0 58 120 308 347 215 578 1 360 -203 247 139 250 217 570 298 385 252 187 0x1.488552p+5 6 1
clause 5622 1 0 84 120 -586 125 308 215 1 578 217 570 298 187 342 475 518 73 193 68 431 359 329 507 159 587 -157 91 9 -211 0x1.498262p+5 6 1
clause 5623 1 0 -203 342 126 518 304 217 298 159 475 329 250 570 212 120 284 187 1 576 0x1.49039ep+4 7 1
clause 5624 1 0 -189 475 518 304 217 342 298 250 0x1.59b92ap+6 3 0
clause 5625 1 0 528 240 138 159 485 158 118 529 561 -281 298 217 120 126 570 187 475 342 250 587 73 43 84 247 0x1.4a00dap+5 5 1
clause 5626 1 0 587 189 91 78 -137 243 202 126 591 73 501 1 576 217 187 570 405 120 159 43 240 487 292 298 387 0x1.4a2b18p+5 6 1
clause 5627 1 0 120 587 -15 243 217 73 193 475 570 91 78 298 501 1 187 67 -281 403 507 9 -211 0x1.4a7fb4p+5 5 1
clause 5628 1 0 120 501 1 193 91 217 73 570 587 78 243 9 226 40 232 0x1.537e5p+5 4 1
clause 5629 1 0 -124 243 27 141 495 187 574 570 0x1.4e8674p+6 3 0
clause 5630 1 0 570 141 243 576 187 495 126 473 506 -202 0x1.f1d1e2p+5 4 0
clause 5631 1 0 340 126 203 495 570 215 187 473 576 431 141 301 236 305 506 243 475 0x1.4ca818p+5 4 0
clause 5632 1 0 389 340 594 301 -495 293 243 295 473 29 155 203 236 375 431 0x1.4cfd56p+5 4 1
clause 5633 1 0 432 203 27 495 473 431 0x1.0aacp+8 2 0
clause 5634 1 0 -568 141 329 243 473 495 126 506 -202 0x1.f3fbb8p+5 5 1
clause 5635 1 0 570 243 27 226 -2 293 375 73 495 157 155 577 389 141 126 329 506 67 29 203 236 431 0x1.4d7d14p+5 4 1
clause 5636 1 0 -187 300 193 304 158 -587 138 60 73 182 164 554 0x1.4da7bep+5 4 1
clause 5637 1 0 -43 126 570 141 215 187 431 495 473 340 576 506 243 301 300 329 97 193 -587 554 138 158 0x1.4dd272p+5 4 1
clause 5638 1 0 -159 570 73 215 431 -587 329 193 78 226 67 243 9 313 1 0x1.5527e6p+5 4 1
clause 5639 1 0 120 126 495 91 217 78 473 570 375 -137 518 73 193 243 298 44 124 215 342 594 203 155 431 506 329 141 0x1.4f5472p+5 5 1
clause 5640 1 0 531 389 285 -204 243 165 155 545 18 236 375 495 458 431 312 0x1.4efe42p+5 6 1
clause 5641 1 0 120 353 285 446 589 238 276 247 141 545 -25 215 243 0x1.f72924p+5 5 1
clause 5642 1 0 115 120 495 -45 353 141 247 545 285 215 243 232 29 155 236 431 -2 203 389 375 458 312 293 594 73 0x1.4fd516p+5 5 1
clause 5643 1 0 196 -493 193 205 573 574 446 115 0x1.60f1f6p+6 5 1
clause 5644 1 0 120 29 329 359 570 187 204 141 247 353 285 215 243 286 495 193 196 115 232 545 155 236 431 -2 203 0x1.502b0ep+5 6 1
clause 5645 1 0 120 115 193 -587 187 431 329 570 495 215 473 243 232 73 78 217 91 518 9 226 313 159 1 0x1.54f0ecp+5 6 1
clause 5646 1 0 285 -99 136 159 78 9 553 213 375 14 0x1.50d77p+5 6 1
clause 5647 1 0 9 285 213 98 313 226 164 136 507 159 78 376 375 14 -43 0x1.fab2c4p+5 8 1
clause 5648 1 0 120 264 595 187 44 217 -281 216 159 570 164 73 285 -358 9 313 226 213 98 78 243 375 14 574 60 0x1.52b3fp+5 8 1
clause 5649 1 0 570 358 44 -125 193 586 136 126 395 159 555 0x1.51daa6p+5 8 1
clause 5650 1 0 126 285 -587 -3 501 9 159 98 187 358 570 555 193 226 395 136 0x1.52313ap+5 9 1
clause 5651 1 0 9 -45 193 395 78 376 358 375 98 -587 -3 501 159 187 285 570 226 136 0x1.52b348p+5 9 1
clause 5652 1 0 78 9 136 213 555 358 375 193 -43 0x1.005768p+6 3 0
clause 5653 1 0 78 9 60 159 136 193 -3 358 376 570 226 329 375 395 98 285 -587 224 501 187 164 0x1.ff49a4p+5 6 0
clause 5654 1 0 528 -136 179 159 90 164 -555 299 308 586 -3 25 147 187 44 193 0x1.53b7eep+5 8 1
clause 5655 1 0 238 197 -49 593 304 424 182 -554 73 193 555 0x1.53e36ap+5 5 1
clause 5656 1 0 9 120 570 217 78 182 187 1 73 595 395 25 193 -3 26 285 243 91 60 224 226 98 -587 501 164 -281 216 0x1.54e93ap+5 8 1
clause 5657 1 0 -136 164 126 159 376 187 98 277 359 226 -587 -3 501 570 247 395 329 91 78 595 0x1.546614p+4 8 1
clause 5658 1 0 501 -3 -587 226 187 164 -138 159 359 98 126 570 60 61 0x1.54bd5p+4 9 1
clause 5659 1 0 78 9 226 213 313 -137 375 284 237 0x1.568952p+6 5 1
clause 5660 1 0 137 14 158 159 0x1.0f4a74p+9 1 0
clause 5661 1 0 78 9 595 187 -3 226 -587 182 501 98 164 570 217 120 1 73 -27 193 26 243 91 224 395 -281 0x1.577b66p+5 7 1
clause 5662 1 0 9 120 78 249 -314 208 288 6 501 0x1.5672dp+5 4 1
clause 5663 1 0 34 -298 78 431 6 215 1 204 26 27 120 140 9 187 213 570 91 329 125 159 98 506 0x1.569ea4p+5 7 1
clause 5664 1 0 120 98 570 34 187 495 574 243 431 204 215 1 27 6 26 78 9 213 91 329 159 226 313 501 14 375 237 0x1.582b2p+5 6 1
clause 5665 1 0 -248 366 60 137 78 358 251 88 0x1.57a664p+5 4 1
clause 5666 1 0 9 78 88 595 -3 312 26 159 224 193 60 -76 375 570 226 329 366 285 98 358 -587 376 501 187 63 251 137 0x1.57d25cp+5 7 1
clause 5667 1 0 -279 -58 159 179 215 -242 577 139 308 -298 251 366 0x1.57fe5ep+5 4 1
clause 5668 1 0 -158 545 25 159 179 215 308 243 63 60 375 91 26 595 224 193 78 9 570 226 329 376 98 -587 -3 501 187 124 247 506 73 0x1.585684p+5 7 1
clause 5669 1 0 78 9 193 25 329 -587 -3 226 98 545 506 159 60 179 215 308 375 243 124 91 237 595 224 570 26 376 501 187 63 247 73 0x1.58aec2p+5 6 1
clause 5670 1 0 -315 570 78 159 98 193 -587 329 237 226 73 187 375 60 179 215 308 25 243 91 26 595 224 376 -3 247 0x1.59335p+5 5 1
clause 5671 1 0 78 9 187 -3 226 -587 595 501 98 -394 570 217 120 1 73 193 26 243 91 224 -281 495 0x1.595f8p+5 6 1
clause 5672 1 0 78 9 187 495 226 501 40 570 217 120 1 73 193 243 91 232 0x1.5aef2ap+5 3 0
clause 5673 1 0 -495 44 193 226 313 329 570 9 78 243 203 431 14 159 1 0x1.5b1b72p+5 4 1
clause 5674 1 0 -507 199 78 -137 67 193 -587 73 431 -252 217 312 425 454 222 22 329 0x1.5a6946p+5 4 1
clause 5675 1 0 199 313 40 232 73 193 -137 78 1 217 125 570 67 454 -587 469 22 226 -252 9 159 0x1.5b742p+5 4 1
clause 5676 1 0 15 22 159 -587 454 576 507 98 574 312 0x1.5c532ap+6 3 1
clause 5677 1 0 199 425 73 47 193 -358 495 1 159 20 125 507 454 -587 22 380 137 329 0x1.5bccfcp+5 4 1
clause 5678 1 0 -312 101 96 364 78 213 9 358 375 193 73 199 495 1 203 159 20 125 574 0x1.5bf97ap+5 4 1
clause 5679 1 0 -99 101 73 193 199 20 78 425 9 226 -587 -3 501 329 495 312 125 0x1.5c2604p+5 3 1
clause 5680 1 0 -93 226 1 73 193 40 217 232 0x1.5c529ap+4 3 1
clause 5681 1 0 -394 196 500 217 570 193 78 159 14 93 431 203 329 312 458 0x1.5cabdcp+4 7 1
clause 5682 1 0 -200 251 93 67 500 0x1.5d31eep+5 4 1
clause 5683 1 0 137 196 -587 -252 159 574 312 7 329 570 93 193 98 -310 217 0x1.5e11fap+5 8 1
clause 5684 1 0 188 137 -587 7 569 574 312 98 329 217 159 570 0x1.5e3ebep+5 7 1
clause 5685 1 0 358 106 293 315 44 226 285 571 213 349 73 352 125 -473 576 431 204 193 6 196 19 16 458 563 385 312 574 0x1.5e6b8cp+5 7 0
clause 5686 1 0 -386 231 16 426 19 0x1.3f95acp+7 3 1
clause 5687 1 0 196 -158 73 44 78 431 193 226 -587 329 312 125 93 285 159 217 570 99 1 0x1.5f1f3cp+5 9 1
clause 5688 1 0 565 -506 22 0x1.0bf554p+7 2 1
clause 5689 1 0 553 196 518 226 78 1 570 99 312 217 329 -587 93 431 159 73 285 125 193 44 0x1.60e2b2p+5 8 1
clause 5690 1 0 -374 21 426 40 97 156 -126 576 469 562 394 495 473 431 350 204 546 1 5 213 579 0x1.60005p+5 7 1
clause 5691 1 0 579 204 232 586 193 97 312 99 242 576 44 -126 1 279 196 213 562 547 40 156 469 426 431 546 5 553 0x1.6087aep+5 9 1
clause 5692 1 0 285 579 215 242 203 279 -3 547 375 5 0x1.c6f692p+6 2 0
clause 5693 1 0 587 196 586 193 44 426 431 213 1 215 279 232 -126 312 99 -568 40 553 226 315 7 93 217 329 0x1.61971ap+5 8 1
clause 5694 1 0 260 15 44 217 125 495 159 73 595 570 215 196 587 289 78 -91 193 285 -2 -202 431 -9 501 0x1.6169aap+5 6 1
clause 5695 1 0 -91 125 215 203 44 -9 78 1 196 217 15 285 570 73 595 260 159 587 289 193 4 431 501 204 312 0x1.61f194p+5 7 1
clause 5696 1 0 -205 543 363 350 120 239 0x1.105896p+6 2 1
clause 5697 1 0 163 196 78 40 44 193 -126 99 1 217 73 553 312 232 586 45 226 0x1.635d4ap+5 7 1
clause 5698 1 0 21 -432 217 -2 13 458 40 518 250 576 394 203 0x1.0a5838p+6 4 1
clause 5699 1 0 553 196 215 203 431 217 -278 285 40 518 458 193 13 99 312 329 570 1 93 9 0x1.63b82p+5 7 1
clause 5700 1 0 -78 278 193 553 99 196 215 432 159 1 586 495 431 0x1.0b3c16p+6 6 1
clause 5701 1 0 278 285 -432 -2 217 -587 40 518 312 196 329 193 232 45 125 553 73 570 -78 159 0x1.641324p+5 5 1
clause 5702 1 0 9 163 553 285 495 193 -91 213 375 278 26 500 0x1.6440b8p+5 4 1
clause 5703 1 0 163 196 217 226 193 44 -126 1 40 553 232 45 73 586 0x1.70c976p+5 4 1
clause 5704 1 0 505 -331 226 382 0x1.11a448p+8 3 1
clause 5705 1 0 196 313 395 193 126 226 569 40 278 217 394 99 45 586 1 459 553 215 9 495 431 8 93 0x1.660a5ep+5 10 1
clause 5706 1 0 358 -554 78 156 231 256 121 40 232 224 -3 586 237 577 290 463 136 193 13 45 0x1.674cb2p+6 5 1
clause 5707 1 0 331 196 374 215 290 136 279 5 426 576 193 553 45 242 40 232 156 586 547 78 463 431 99 126 204 -3 394 507 329 569 217 0x1.6665fp+5 6 1
clause 5708 1 0 21 -310 159 586 226 426 507 99 459 -331 126 0x1.6693cap+5 4 0
clause 5709 1 0 310 126 329 569 394 312 0x1.6e48a4p+7 6 1
clause 5710 1 0 313 126 226 -396 196 431 193 99 278 586 329 569 312 242 215 553 45 40 232 217 1 77 495 8 93 0x1.0ebc2ap+6 8 0
clause 5711 1 0 358 252 119 226 308 158 458 569 -331 261 518 196 73 193 189 586 505 0x1.c9fd3ap+6 4 0
clause 5712 1 0 -382 543 323 40 331 458 387 16 231 0x1.67a7aep+4 4 1
clause 5713 1 0 16 -459 278 256 45 40 232 586 237 193 158 203 226 1 375 231 313 8 91 196 19 387 358 0x1.6803d8p+4 8 1
clause 5714 1 0 543 313 323 -473 299 387 139 181 231 553 193 358 196 237 19 226 505 16 158 215 1 25 0x1.0f1848p+6 4 0
clause 5715 1 0 212 278 8 0x1.69a404p+5 3 1
clause 5716 1 0 -3 126 226 569 586 93 473 99 500 329 0x1.13d1aap+7 4 0
clause 5717 1 0 45 196 -138 -473 193 553 226 215 1 217 495 329 312 278 569 315 586 431 99 242 126 40 232 77 8 93 279 547 0x1.69d218p+5 10 1
clause 5718 1 0 331 45 138 78 121 577 224 231 256 40 232 -3 586 237 315 463 193 226 158 571 505 329 126 99 569 217 0x1.6a0068p+5 7 1
clause 5719 1 0 196 45 119 -9 242 73 193 569 312 586 40 232 126 99 217 226 553 1 495 278 -473 77 8 0x1.6a5d2cp+5 9 1
clause 5720 1 0 196 45 193 278 226 1 217 495 8 569 73 586 553 312 99 77 126 40 232 119 242 500 0x1.d0528ap+6 6 0
clause 5721 1 0 575 299 215 193 196 -473 495 553 212 126 431 1 99 204 0x1.6c2ef4p+5 8 1
clause 5722 1 0 387 358 -278 -9 215 507 158 159 181 306 19 196 193 553 231 375 23 16 0x1.112ec8p+6 7 1
clause 5723 1 0 575 387 196 231 569 251 158 358 568 16 8 -278 215 193 553 375 495 505 159 312 126 1 99 203 0x1.6c8cp+5 10 1
clause 5724 1 0 107 347 595 73 27 16 308 208 47 21 -395 329 126 569 312 495 564 0x1.6c2e66p+5 10 1
clause 5725 1 0 396 564 495 553 365 179 575 99 27 163 126 487 304 249 595 73 16 308 329 569 312 -385 88 424 231 0x1.6cba74p+5 10 1
clause 5726 1 0 -386 543 569 196 312 126 329 225 138 40 331 518 217 231 0x1.6d17eap+5 7 1
clause 5727 1 0 487 76 495 365 179 553 99 27 163 126 396 575 304 595 73 16 308 329 569 312 -385 88 231 91 77 0x1.6d46a6p+5 9 1
clause 5728 1 0 -576 196 193 163 93 179 99 91 126 495 595 73 308 329 312 331 40 553 518 217 -278 215 1 431 226 586 0x1.6e6006p+5 9 1
clause 5729 1 0 25 553 -9 215 27 16 196 158 193 19 231 358 505 299 136 203 495 431 -278 0x1.1587a8p+6 7 1
clause 5730 1 0 358 196 -9 251 495 261 19 193 553 242 431 158 203 1 215 472 299 231 163 16 505 -278 284 77 0x1.6e8eb4p+5 8 1
clause 5731 1 0 379 126 232 576 595 251 312 386 -198 464 311 231 439 158 9 424 569 16 568 138 19 358 0x1.6ebdap+5 8 1
clause 5732 1 0 331 196 232 576 231 217 386 553 256 193 403 595 379 312 126 19 311 158 569 358 242 284 8 93 495 431 203 1 215 472 -278 163 505 77 0x1.6f1b9cp+5 8 1
clause 5733 1 0 379 553 232 217 91 193 -278 196 312 126 1 495 163 99 73 331 40 226 586 0x1.169e74p+6 8 1
clause 5734 1 0 9 45 193 495 432 586 431 1 358 158 8 93 0x1.6fa8bep+4 9 1
clause 5735 1 0 126 432 329 495 312 99 569 -2 431 0x1.4df8f2p+7 6 0
clause 5736 1 0 126 432 226 495 569 93 586 99 500 329 1 312 431 0x1.18403ap+7 6 0
clause 5737 1 0 196 -473 226 22 377 50 215 193 553 242 8 375 312 212 126 1 99 0x1.7462bep+6 6 0
clause 5738 1 0 209 103 -9 410 206 350 232 464 225 383 40 256 379 469 284 231 212 425 0x1.7180cep+5 6 1
clause 5739 1 0 -7 -546 196 122 574 232 193 93 -493 384 103 531 226 350 0x1.71b01ap+5 6 1
clause 5740 1 0 -493 384 237 226 -374 103 574 232 193 93 196 284 553 8 209 383 464 225 40 256 379 469 231 19 0x1.726dc4p+5 6 1
clause 5741 1 0 326 356 50 0x1.18c94ep+6 1 0
clause 5742 1 0 -7 -493 196 193 574 237 138 93 256 158 226 225 544 40 103 383 469 232 -135 439 50 121 0x1.72cc98p+5 5 1
clause 5743 1 0 -26 196 193 574 158 93 -331 226 237 40 232 8 225 212 375 553 464 379 231 50 99 126 329 569 312 495 0x1.17a2dep+6 5 0
clause 5744 1 0 -545 -331 126 226 175 285 99 0x1.738abap+5 6 1
clause 5745 1 0 -177 553 569 193 196 329 99 306 1 285 126 203 226 -331 0x1.7538acp+5 5 0
clause 5746 1 0 -507 306 250 366 196 58 324 569 126 395 329 566 0x1.74199p+4 6 1
clause 5747 1 0 -505 126 569 99 329 0x1.199b6ap+6 5 1
clause 5748 1 0 379 163 242 232 193 -568 226 40 8 196 553 99 126 569 312 1 500 586 217 119 73 45 77 0x1.75c7b4p+5 7 1
clause 5749 1 0 -175 -545 40 226 196 193 553 312 126 1 99 73 586 232 379 163 91 45 217 0x1.75f77ap+5 6 0
clause 5750 1 0 314 221 217 40 518 226 8 569 93 500 99 126 329 1 312 431 586 -331 196 73 193 189 119 300 252 0x1.75978cp+4 8 1
clause 5751 1 0 331 196 217 553 193 91 379 312 126 1 232 163 99 73 495 40 226 586 45 0x1.76572ap+5 6 0
clause 5752 1 0 -203 126 226 1 569 93 586 99 500 329 0x1.19e272p+6 6 1
clause 5753 1 0 196 379 40 226 193 91 312 553 1 99 73 586 232 126 163 45 217 0x1.79eddp+5 6 1
clause 5754 1 0 -91 375 138 500 358 5 193 45 158 586 0x1.79bb8p+6 3 0
clause 5755 1 0 -43 -331 189 312 73 193 1 138 -500 217 252 226 505 0x1.77d774p+5 7 1
clause 5756 1 0 385 331 68 217 231 312 -554 126 200 99 193 -43 0x1.78078ep+5 6 1
clause 5757 1 0 -159 126 215 569 193 217 312 495 99 -43 93 73 1 226 -91 329 431 0x1.79bab2p+5 8 1
clause 5758 1 0 501 548 -9 -2 378 76 375 0x1.78c86p+5 5 1
clause 5759 1 0 501 4 579 -9 548 375 1 378 76 0x1.7ff86ep+7 3 0
clause 5760 1 0 4 579 375 1 -212 0x1.b0db98p+7 2 0
clause 5761 1 0 248 118 99 329 569 312 -3 495 215 286 25 126 35 4 0x1.1bac5p+6 8 1
clause 5762 1 0 196 358 215 312 495 193 569 553 159 16 431 126 1 99 299 329 -500 118 375 76 92 93 586 0x1.7a1ab8p+4 10 1
clause 5763 1 0 499 137 126 569 500 1 99 226 93 159 329 586 0x1.82cc44p+6 5 0
clause 5764 1 0 196 358 495 1 99 569 329 159 312 -555 215 118 76 92 93 241 226 499 126 586 193 0x1.7b0d24p+5 8 1
clause 5765 1 0 -43 126 495 193 226 1 569 93 99 329 312 431 -91 215 217 73 0x1.7c0058p+5 7 1
clause 5766 1 0 9 183 500 360 40 495 431 575 329 193 45 1 99 -124 290 586 -91 138 0x1.7bcf82p+5 7 1
clause 5767 1 0 9 570 329 217 518 200 215 226 183 126 99 495 575 1 586 360 40 431 193 45 -124 290 -91 93 0x1.7c6194p+5 6 1
clause 5768 1 0 -159 375 -9 -91 193 45 586 1 0x1.7c9244p+5 5 1
clause 5769 1 0 -43 495 215 1 99 40 193 329 217 518 226 126 431 93 73 312 -91 0x1.7cf3cap+5 6 1
clause 5770 1 0 -43 312 1 99 193 40 217 226 232 0x1.7d2492p+4 5 1
clause 5771 1 0 -124 296 209 237 547 592 36 78 73 247 93 43 499 587 15 159 312 0x1.2059dep+6 6 0
clause 5772 1 0 -205 -3 97 329 299 188 120 99 217 251 239 40 56 223 296 301 409 372 68 30 237 0x1.7e18f2p+5 8 1
clause 5773 1 0 39 -158 360 556 197 -9 232 579 1 4 494 30 431 237 207 -3 329 97 188 120 99 217 251 239 40 56 223 409 372 68 15 0x1.7eabe4p+5 10 1
clause 5774 1 0 120 299 202 99 1 159 217 -157 459 570 15 329 587 97 0x1.1f9438p+6 8 1
clause 5775 1 0 575 -588 202 308 462 518 4 159 99 1 587 217 304 570 15 329 97 137 360 39 232 579 59 494 431 237 -3 40 223 247 209 78 73 36 93 43 499 0x1.80352p+5 10 1
clause 5776 1 0 -507 120 518 213 292 341 285 89 287 360 209 -214 305 93 570 226 329 0x1.7fd25ep+5 8 1
clause 5777 1 0 564 399 -91 547 89 247 78 120 570 0x1.80038p+5 6 1
clause 5778 1 0 575 287 217 93 547 78 570 292 202 1 125 -157 329 518 120 341 -299 285 360 209 -214 226 0x1.8065e8p+5 9 1
clause 5779 1 0 120 587 202 99 1 159 217 287 312 15 329 547 97 93 292 78 575 518 341 209 285 -157 360 570 -214 226 0x1.80f9bcp+5 10 1
clause 5780 1 0 410 20 464 304 -300 181 570 17 0x1.812b04p+5 2 1
clause 5781 1 0 575 579 494 1 -3 4 217 -214 27 312 329 93 78 209 159 99 587 202 15 97 518 360 226 308 59 137 232 431 237 40 223 73 43 499 0x1.81f09cp+5 9 1
clause 5782 1 0 499 61 73 27 43 93 78 378 306 579 1 4 329 506 575 -396 -3 494 97 0x1.8221fep+5 8 1
clause 5783 1 0 51 378 279 0x1.e73e64p+6 3 1
clause 5784 1 0 575 237 78 73 93 43 97 -3 15 159 312 329 499 579 1 4 587 61 27 215 217 99 202 518 360 226 308 137 232 431 40 223 25 0x1.82b66ap+5 8 1
clause 5785 1 0 575 -313 217 329 97 159 15 587 93 215 360 78 73 43 237 312 579 1 -3 99 202 518 226 308 137 232 431 40 223 25 0x1.84122p+5 7 1
clause 5786 1 0 575 20 280 217 -278 426 -330 257 156 215 237 495 -3 431 374 213 0x1.8443b2p+5 4 1
clause 5787 1 0 385 387 570 93 137 159 22 298 217 304 0x1.84438p+5 5 1
clause 5788 1 0 252 204 506 226 -9 -138 577 386 6 576 459 251 570 0x1.84752cp+5 5 1
clause 5789 1 0 -569 526 -214 308 217 298 408 282 385 250 328 587 193 73 -138 1 473 313 93 0x1.84a6e6p+5 6 1
clause 5790 1 0 -3 107 73 43 202 179 495 -214 93 459 99 1 587 217 554 570 576 526 308 282 385 193 -138 473 313 506 226 204 0x1.850a7cp+5 7 1
clause 5791 1 0 -203 -138 193 99 1 217 73 226 312 232 40 0x1.882da8p+5 6 1
clause 5792 1 0 92 554 -212 43 -9 586 375 579 1 0x1.257e3p+6 4 0
clause 5793 1 0 -187 574 43 193 73 285 1 15 159 495 215 -91 78 579 586 375 -9 92 0x1.8667e4p+5 7 1
clause 5794 1 0 260 300 -588 366 159 574 1 203 495 215 -91 78 285 -9 73 579 375 43 92 0x1.8699dep+5 7 1
clause 5795 1 0 260 92 226 285 -9 -138 193 1 99 43 -432 203 495 215 -91 73 188 0x1.86fdf4p+5 7 1
clause 5796 1 0 -569 203 1 495 431 226 -138 193 99 43 215 73 93 0x1.892784p+5 6 1
clause 5797 1 0 -2 -91 579 -9 1 215 587 203 373 283 329 312 99 569 431 124 78 0x1.888fa4p+5 8 1
clause 5798 1 0 164 62 495 27 -378 50 215 0x1.885d1ep+5 5 1
clause 5799 1 0 -26 249 263 93 298 -76 179 366 595 225 217 13 40 518 231 426 16 108 574 495 0x1.888f56p+5 5 1
clause 5800 1 0 579 -432 91 473 569 93 203 78 217 212 124 298 179 595 13 40 518 -2 215 226 73 43 587 0x1.89264ep+5 6 1
clause 5801 1 0 221 -188 47 426 325 229 17 304 217 250 298 0x1.8958a2p+5 4 1
clause 5802 1 0 579 137 518 217 473 215 569 99 329 312 203 431 232 93 78 212 179 595 40 226 73 43 1 360 159 15 0x1.89bd6cp+5 7 1
clause 5803 1 0 579 137 215 212 1 78 93 43 431 203 99 518 217 569 329 312 232 179 595 40 226 73 360 159 15 0x1.8a876ep+5 6 1
clause 5804 1 0 -25 -212 43 -9 586 375 579 1 78 215 495 0x1.8ab9e6p+5 5 1
clause 5805 1 0 -91 137 569 500 1 99 226 586 159 329 0x1.8aec6ep+5 5 1
clause 5806 1 0 -138 312 73 1 99 226 217 232 40 193 0x1.8b1fp+4 5 1
clause 5807 1 0 -473 283 232 139 213 78 -137 43 73 193 586 431 138 1 99 0x1.8bb6eep+5 8 1
clause 5808 1 0 -27 586 569 329 495 312 99 431 217 -9 1 138 232 -137 43 73 193 215 242 0x1.8be99cp+4 9 1
watch 1 
binary_watch 1 825:-472 1809:-262 1965:-211 2004:-202 2124:-157 2397:-4 2399:-3 2400:-2 
watch -1 
binary_watch -1 
watch 2 3655:281 3558:9 2805:204 5797:-91 
binary_watch 2 819:-473 1807:-263 1963:-212 2002:-203 2120:-158 2396:-5 2398:-3 2400:-1 
watch -2 2401:3 
binary_watch -2 
watch 3 5084:281 3769:-280 4945:281 2819:-136 4633:-136 3748:-136 2811:-136 4733:-136 2719:473 2831:202 5716:473 5472:285 5790:107 3632:-587 5772:-205 3623:212 4727:229 3497:-593 4649:-570 3594:-507 3268:288 5008:31 4943:128 5015:584 2761:262 4956:358 5014:584 5006:58 5005:477 4897:181 5010:342 5003:-365 4966:298 4927:384 3210:45 4959:17 5583:12 4957:358 4952:319 5658:501 4918:358 5075:387 4955:319 5040:319 4937:199 3313:62 3900:174 5011:31 5007:-251 3633:581 4660:432 4242:432 4670:432 4246:432 4725:487 
binary_watch 3 812:-474 1804:-264 1960:-213 1999:-204 2115:-159 2394:-6 2398:-2 2399:-1 
watch -3 2401:2 
binary_watch -3 
watch 4 
binary_watch 4 162:-577 1122:-421 1608:-313 1677:-295 1719:-286 2393:-6 2395:-5 2397:-1 
watch -4 5760:-212 2402:5 5759:501 5406:120 
binary_watch -4 
watch 5 3898:584 
binary_watch 5 157:-578 1118:-422 1603:-314 1674:-296 1715:-287 2392:-6 2395:-4 2396:-2 
watch -5 
binary_watch -5 
watch 6 5552:120 3945:67 2775:46 
binary_watch 6 151:-579 1113:-423 1597:-315 1670:-297 1710:-288 2392:-5 2393:-4 2394:-3 
watch -6 5560:-2 2402:4 3939:272 3959:490 4993:307 
binary_watch -6 
watch 7 4794:-215 4698:499 3091:499 4723:499 4726:499 2679:34 3421:278 2611:289 5742:-493 4702:395 3791:320 5488:-77 4730:499 4458:25 3316:490 4484:320 5739:-546 4418:432 2682:213 3810:262 5492:243 4776:235 3118:490 5482:288 5474:197 
binary_watch 7 1107:-424 1607:-313 1755:-277 1964:-211 2271:-91 2298:-76 2390:-9 2391:-8 
watch -7 2985:76 2699:-78 2605:-77 2403:9 
binary_watch -7 
watch 8 3246:490 2610:449 2673:133 
binary_watch 8 1103:-425 1602:-314 1752:-278 1962:-212 2269:-92 2297:-77 2389:-9 2391:-7 
watch -8 
binary_watch -8 
watch 9 
binary_watch 9 1098:-426 1596:-315 1748:-279 1959:-213 2266:-93 2295:-78 2389:-8 2390:-7 
watch -9 3115:78 3058:78 2403:8 5672:78 5671:78 5661:78 5652:78 5523:78 5146:78 5669:78 5653:78 5659:78 5666:78 5507:78 5604:78 4611:78 3027:78 5767:570 5614:120 3464:-277 3602:-408 5656:120 4646:115 5766:500 5734:432 5553:15 5561:120 5440:120 5405:120 5459:120 5525:287 3476:579 3558:213 3478:-318 5586:120 5584:120 5585:120 5436:243 5558:576 2799:541 5647:285 5564:311 5212:569 4028:311 4467:-251 5458:-118 3800:284 3477:-212 2841:490 5542:91 5157:500 5541:91 2852:241 5154:563 5428:260 5413:243 5412:243 3552:135 5456:382 3201:490 2988:-91 2864:46 5538:-432 4411:115 4183:196 5651:-45 3019:46 5662:120 3479:452 5702:163 
binary_watch -9 
watch 10 
binary_watch 10 1386:-367 1512:-340 1800:-265 2145:-151 2334:-55 2361:-34 2387:-12 2388:-11 
watch -10 2404:11 4718:160 
binary_watch -10 
watch 11 5292:-178 
binary_watch 11 1382:-368 1508:-341 1797:-266 2141:-152 2333:-56 2360:-35 2386:-12 2388:-10 
watch -11 2625:-369 2698:119 2404:10 5293:368 5286:263 5284:266 
binary_watch -11 
watch 12 2880:265 
binary_watch 12 1377:-369 1503:-342 1793:-267 2136:-153 2331:-57 2358:-36 2386:-11 2387:-10 
watch -12 5583:570 
binary_watch -12 
watch 13 5401:382 
binary_watch 13 105:-586 1511:-340 1653:-301 1947:-220 2123:-157 2175:-136 2384:-15 2385:-14 
watch -13 2405:15 
binary_watch -13 
watch 14 
binary_watch 14 99:-587 1507:-341 1651:-302 1945:-221 2119:-158 2173:-137 2383:-15 2385:-13 
watch -14 5660:137 
binary_watch -14 
watch 15 
binary_watch 15 92:-588 1502:-342 1648:-303 1942:-222 2114:-159 2170:-138 2383:-14 2384:-13 
watch -15 5195:-518 2908:138 2747:-136 2723:159 2825:530 2405:13 3897:229 4351:88 4350:-259 4389:459 2822:460 5676:22 4123:-506 3163:104 3913:-587 5189:402 5191:180 3739:517 3986:106 5694:260 4119:-387 3908:20 
binary_watch -15 
watch 16 4036:387 3428:252 3022:589 
binary_watch 16 912:-457 1296:-385 1689:-292 1854:-250 2346:-46 2379:-19 2381:-18 2382:-17 
watch -16 4198:-586 4033:-43 3766:-203 5713:45 
binary_watch -16 
watch 17 3374:273 5369:454 
binary_watch 17 909:-458 1293:-386 1686:-293 1850:-251 2345:-47 2378:-20 2380:-18 2382:-16 
watch -17 4959:570 4961:214 4971:108 4968:-252 5086:-364 5091:-252 2406:16 2938:238 5362:449 
binary_watch -17 
watch 18 4653:281 3830:165 4032:359 
binary_watch 18 905:-459 1289:-387 1682:-294 1845:-252 2343:-48 2376:-21 2380:-17 2381:-16 
watch -18 2406:17 
binary_watch -18 
watch 19 
binary_watch 19 1106:-424 1179:-409 1449:-355 1620:-310 2037:-196 2375:-21 2377:-20 2379:-16 
watch -19 4109:88 5131:-414 4007:-87 
binary_watch -19 
watch 20 
binary_watch 20 1102:-425 1175:-410 1445:-356 1617:-311 2032:-197 2374:-21 2377:-19 2378:-17 
watch -20 2407:21 3908:31 3909:140 5786:575 5780:410 5511:123 5323:-488 
binary_watch -20 
watch 21 
binary_watch 21 1097:-426 1170:-411 1440:-357 1613:-312 2026:-198 2374:-20 2375:-19 2376:-18 
watch -21 2407:20 3423:357 5516:189 3089:-390 5708:586 4586:230 5529:189 5079:494 4688:330 5123:517 5059:181 5698:458 5089:-574 5211:494 4287:424 4073:262 5690:-374 4376:88 
binary_watch -21 
watch 22 3884:567 3432:506 4606:281 3893:-176 4613:-495 4614:281 
binary_watch 22 243:-565 627:-505 984:-445 1545:-331 1946:-220 2144:-151 2372:-24 2373:-23 
watch -22 4361:-298 5676:15 5498:-507 4874:-570 4179:-304 4572:-200 4378:331 
binary_watch -22 
watch 23 
binary_watch 23 237:-566 622:-506 978:-446 1541:-332 1944:-221 2140:-152 2371:-24 2373:-22 
watch -23 2408:24 
binary_watch -23 
watch 24 4518:84 
binary_watch 24 230:-567 616:-507 971:-447 1536:-333 1941:-222 2135:-153 2371:-23 2372:-22 
watch -24 2408:23 5607:222 5256:107 3483:567 
binary_watch -24 
watch 25 4607:432 3112:432 5804:-212 4638:91 4663:-197 4245:327 3568:249 2844:589 3762:165 3142:57 5041:391 
binary_watch 25 705:-493 824:-472 1890:-241 1956:-214 1986:-208 2328:-58 2369:-27 2370:-26 
watch -25 5024:-282 4995:281 4903:281 4458:-7 2409:27 5729:27 
binary_watch -25 
watch 26 3133:432 5799:249 5743:196 5446:125 5016:31 4324:351 
binary_watch 26 699:-494 818:-473 1887:-242 1955:-215 1980:-209 2327:-59 2368:-27 2370:-25 
watch -26 4263:281 3742:214 2409:25 
binary_watch -26 
watch 27 5808:586 
binary_watch 27 692:-495 811:-474 1883:-243 1953:-216 1973:-210 2325:-60 2368:-26 2369:-25 
watch -27 4621:281 4691:281 4707:281 4704:281 4652:281 
binary_watch -27 
watch 28 
binary_watch 28 363:-547 579:-514 1788:-268 1911:-235 1917:-232 2313:-67 2366:-30 2367:-29 
watch -28 5592:68 2410:29 
binary_watch -28 
watch 29 3196:344 
binary_watch 29 358:-548 573:-515 1783:-269 1907:-236 1916:-233 2312:-68 2365:-30 2367:-28 
watch -29 2410:30 4544:76 5644:120 2870:39 
binary_watch -29 
watch 30 
binary_watch 30 352:-549 566:-516 1777:-270 1902:-237 1914:-234 2310:-69 2365:-29 2366:-28 
watch -30 
binary_watch -30 
watch 31 
binary_watch 31 42:-595 144:-580 303:-556 1059:-433 1434:-358 2143:-151 2363:-33 2364:-32 
watch -31 3940:-473 5046:214 5022:281 5011:-3 5008:-3 4134:-159 5016:-26 4141:-570 4065:45 5027:517 2816:59 4064:88 
binary_watch -31 
watch 32 
binary_watch 32 36:-596 138:-581 298:-557 1054:-434 1428:-359 2139:-152 2362:-33 2364:-31 
watch -32 2411:33 
binary_watch -32 
watch 33 
binary_watch 33 29:-597 131:-582 292:-558 1048:-435 1421:-360 2134:-153 2362:-32 2363:-31 
watch -33 2411:31 5268:-580 
binary_watch -33 
watch 34 
binary_watch 34 302:-556 666:-499 1178:-409 1718:-286 1985:-208 2357:-36 2359:-35 2361:-10 
watch -34 2679:-7 5663:27 
binary_watch -34 
watch 35 
binary_watch 35 297:-557 661:-500 1174:-410 1714:-287 1979:-209 2356:-36 2359:-34 2360:-11 
watch -35 2412:36 2906:545 2905:257 3189:88 
binary_watch -35 
watch 36 
binary_watch 36 291:-558 655:-501 1169:-411 1709:-288 1972:-210 2356:-35 2357:-34 2358:-12 
watch -36 3585:501 2412:34 2991:128 
binary_watch -36 
watch 37 3220:272 
binary_watch 37 684:-496 983:-445 1433:-358 1717:-286 1761:-274 1770:-271 2354:-39 2355:-38 
watch -37 5018:281 3230:-25 3229:568 5019:-203 
binary_watch -37 
watch 38 
binary_watch 38 679:-497 977:-446 1427:-359 1713:-287 1760:-275 1768:-272 2353:-39 2355:-37 
watch -38 4101:58 2413:39 
binary_watch -38 
watch 39 2744:281 2990:286 
binary_watch 39 673:-498 970:-447 1420:-360 1708:-288 1758:-276 1765:-273 2353:-38 2354:-37 
watch -39 2873:498 4810:-250 5408:-497 5545:498 5773:-158 2746:-275 2413:37 4901:368 2815:31 3218:31 2870:207 2876:-590 2871:-105 4895:292 
binary_watch -39 
watch 40 
binary_watch 40 21:-598 402:-541 537:-520 846:-469 1938:-223 2256:-100 2351:-42 2352:-41 
watch -40 
binary_watch -40 
watch 41 
binary_watch 41 15:-599 397:-542 533:-521 840:-470 1935:-224 2252:-101 2350:-42 2352:-40 
watch -41 2414:42 
binary_watch -41 
watch 42 
binary_watch 42 8:-600 391:-543 528:-522 833:-471 1931:-225 2247:-102 2350:-41 2351:-40 
watch -42 2414:41 
binary_watch -42 
watch 43 4643:281 4627:281 4631:281 4642:281 5067:281 5066:281 5770:312 2765:555 5769:495 3012:305 5245:165 5064:458 4197:367 5755:-331 4834:91 4999:418 5637:126 4033:16 5765:126 4822:178 5065:387 
binary_watch 43 104:-586 324:-553 1323:-379 2036:-196 2106:-163 2304:-73 2348:-45 2349:-44 
watch -43 4784:-215 5056:281 
binary_watch -43 
watch 44 
binary_watch 44 98:-587 318:-554 1319:-380 2031:-197 2103:-164 2303:-74 2347:-45 2349:-43 
watch -44 2415:45 3312:-500 5673:-495 4543:76 3920:-569 4231:214 4639:-136 
binary_watch -44 
watch 45 5651:9 
binary_watch 45 91:-588 311:-555 1314:-381 2025:-198 2099:-165 2301:-75 2347:-44 2348:-43 
watch -45 2415:44 5460:-312 5720:196 5717:196 5719:196 4126:490 5734:9 3210:172 5462:349 4055:411 4008:87 5718:331 4127:358 4065:31 4062:165 4949:358 3121:-350 
binary_watch -45 
watch 46 4374:86 4721:165 
binary_watch 46 41:-595 867:-466 1284:-388 2105:-163 2283:-85 2342:-48 2344:-47 2346:-16 
watch -46 4143:-312 4100:163 3314:76 4044:-506 2864:9 2821:137 3084:396 3736:-507 3019:9 2416:48 3873:389 4017:-91 
binary_watch -46 
watch 47 3946:87 
binary_watch 47 35:-596 861:-467 1279:-389 2102:-164 2281:-86 2341:-48 2344:-46 2345:-17 
watch -47 
binary_watch -47 
watch 48 
binary_watch 48 28:-597 854:-468 1273:-390 2098:-165 2278:-87 2341:-47 2342:-46 2343:-18 
watch -48 2416:46 
binary_watch -48 
watch 49 
binary_watch 49 362:-547 1338:-376 1448:-355 1563:-325 1754:-277 2322:-61 2339:-51 2340:-50 
watch -49 3822:-279 2417:51 2929:-375 3264:375 3254:235 
binary_watch -49 
watch 50 4463:314 3397:549 3205:132 
binary_watch 50 357:-548 1334:-377 1444:-356 1560:-326 1751:-278 2321:-62 2338:-51 2340:-49 
watch -50 3386:278 
binary_watch -50 
watch 51 
binary_watch 51 351:-549 1329:-378 1439:-357 1556:-327 1747:-279 2319:-63 2338:-50 2339:-49 
watch -51 5783:378 2417:49 2658:378 
binary_watch -51 
watch 52 
binary_watch 52 522:-523 771:-481 888:-463 1676:-295 2085:-172 2193:-130 2336:-54 2337:-53 
watch -52 2418:54 
binary_watch -52 
watch 53 
binary_watch 53 516:-524 765:-482 882:-464 1673:-296 2082:-173 2190:-131 2335:-54 2337:-52 
watch -53 3353:285 2418:52 
binary_watch -53 
watch 54 
binary_watch 54 509:-525 758:-483 875:-465 1669:-297 2078:-174 2186:-132 2335:-53 2336:-52 
watch -54 2649:-464 4023:483 
binary_watch -54 
watch 55 
binary_watch 55 84:-589 1266:-391 1675:-295 1896:-238 2214:-118 2330:-57 2332:-56 2334:-10 
watch -55 2419:56 3901:-194 2776:46 
binary_watch -55 
watch 56 
binary_watch 56 78:-590 1261:-392 1672:-296 1895:-239 2212:-119 2329:-57 2332:-55 2333:-11 
watch -56 2918:-488 
binary_watch -56 
watch 57 
binary_watch 57 71:-591 1255:-393 1668:-297 1893:-240 2209:-120 2329:-56 2330:-55 2331:-12 
watch -57 3138:120 3142:-25 3137:120 2872:88 3260:-350 2419:55 3007:-175 
binary_watch -57 
watch 58 4672:281 4983:281 4976:281 5335:281 4809:281 4974:281 4933:281 4980:281 5667:-279 4860:138 5336:412 4554:88 
binary_watch 58 945:-451 1404:-364 1432:-358 1632:-307 1818:-259 2324:-60 2326:-59 2328:-25 
watch -58 4286:281 5621:-203 5032:-432 4641:-136 5006:-3 2420:59 3794:563 5030:517 
binary_watch -58 
watch 59 5035:281 2813:80 4800:593 5282:513 4349:189 4989:-574 
binary_watch 59 942:-452 1399:-365 1426:-359 1629:-308 1816:-260 2323:-60 2326:-58 2327:-26 
watch -59 5099:281 4550:432 5490:-279 5491:-279 4549:359 2420:58 4820:27 4160:555 4801:432 5486:570 5223:576 5161:385 2816:31 
binary_watch -59 
watch 60 5033:432 3521:26 4677:165 5236:432 4290:26 3983:-89 4297:307 5215:424 5029:517 
binary_watch 60 938:-453 1393:-366 1419:-360 1625:-309 1813:-261 2323:-59 2324:-58 2325:-27 
watch -60 3043:281 4799:281 4461:281 4708:88 4407:-259 4319:-81 4651:88 
binary_watch -60 
watch 61 
binary_watch 61 1606:-313 1878:-244 2104:-163 2232:-109 2255:-100 2318:-63 2320:-62 2322:-49 
watch -61 5782:499 
binary_watch -61 
watch 62 
binary_watch 62 1601:-314 1876:-245 2101:-164 2231:-110 2251:-101 2317:-63 2320:-61 2321:-50 
watch -62 4625:281 3783:344 3313:46 2421:61 3912:88 5468:85 5798:164 
binary_watch -62 
watch 63 
binary_watch 63 1595:-315 1873:-246 2097:-165 2229:-111 2246:-102 2317:-62 2318:-61 2319:-51 
watch -63 2651:109 2421:62 
binary_watch -63 
watch 64 
binary_watch 64 1058:-433 1209:-403 1371:-370 1413:-361 2035:-196 2254:-100 2315:-66 2316:-65 
watch -64 2652:-240 
binary_watch -64 
watch 65 
binary_watch 65 1053:-434 1205:-404 1365:-371 1411:-362 2030:-197 2250:-101 2314:-66 2316:-64 
watch -65 2743:245 2422:66 5105:319 
binary_watch -65 
watch 66 
binary_watch 66 1047:-435 1200:-405 1358:-372 1408:-363 2024:-198 2245:-102 2314:-65 2315:-64 
watch -66 3407:-197 5247:198 2422:64 
binary_watch -66 
watch 67 
binary_watch 67 285:-559 665:-499 1544:-331 2019:-199 2289:-82 2309:-69 2311:-68 2313:-28 
watch -67 
binary_watch -67 
watch 68 
binary_watch 68 279:-560 660:-500 1540:-332 2015:-200 2288:-83 2308:-69 2311:-67 2312:-29 
watch -68 5595:432 3938:-186 2423:69 3535:455 5592:235 5603:120 5425:206 5602:575 5423:206 
binary_watch -68 
watch 69 
binary_watch 69 272:-561 654:-501 1535:-333 2010:-201 2286:-84 2308:-68 2309:-67 2310:-30 
watch -69 4813:281 4747:281 3222:-215 2423:68 3053:-219 
binary_watch -69 
watch 70 
binary_watch 70 143:-580 501:-526 578:-514 1370:-370 1562:-325 1787:-268 2306:-72 2307:-71 
watch -70 2424:72 
binary_watch -70 
watch 71 
binary_watch 71 137:-581 496:-527 572:-515 1364:-371 1559:-326 1782:-269 2305:-72 2307:-70 
watch -71 
binary_watch -71 
watch 72 
binary_watch 72 130:-582 490:-528 565:-516 1357:-372 1555:-327 1776:-270 2305:-71 2306:-70 
watch -72 2424:70 
binary_watch -72 
watch 73 
binary_watch 73 20:-598 63:-592 2018:-199 2238:-106 2282:-85 2300:-75 2302:-74 2304:-43 
watch -73 
binary_watch -73 
watch 74 
binary_watch 74 14:-599 57:-593 2014:-200 2237:-107 2280:-86 2299:-75 2302:-73 2303:-44 
watch -74 2425:75 
binary_watch -74 
watch 75 
binary_watch 75 7:-600 50:-594 2009:-201 2235:-108 2277:-87 2299:-74 2300:-73 2301:-45 
watch -75 2425:74 
binary_watch -75 
watch 76 
binary_watch 76 264:-562 361:-547 1869:-247 2174:-136 2270:-91 2294:-78 2296:-77 2298:-7 
watch -76 4675:281 2426:77 2985:91 4859:-204 3743:91 4684:88 3870:134 3785:119 4830:230 3315:490 4543:44 4851:328 4544:29 2923:406 5727:487 3716:242 3275:490 4640:375 3314:46 3310:88 3332:88 4729:229 4584:-118 3977:88 3224:581 4712:311 
binary_watch -76 
watch 77 2605:91 5488:-7 4400:347 4548:340 
binary_watch 77 258:-563 356:-548 1865:-248 2172:-137 2268:-92 2293:-78 2296:-76 2297:-8 
watch -77 5152:-119 
binary_watch -77 
watch 78 2699:91 4445:511 4545:-201 5700:432 5168:-488 4409:145 3309:490 4709:88 
binary_watch 78 251:-564 350:-549 1860:-249 2169:-138 2265:-93 2293:-77 2294:-76 2295:-9 
watch -78 3115:9 3058:9 3027:9 5669:9 5652:9 5653:9 5146:9 5672:9 5671:9 5661:9 5659:9 5523:9 5507:9 5604:9 5666:9 4611:9 2426:76 
binary_watch -78 
watch 79 
binary_watch 79 284:-559 750:-484 1002:-442 1575:-322 2058:-184 2166:-139 2291:-81 2292:-80 
watch -79 5499:120 2427:80 4317:420 3553:477 3562:260 
binary_watch -79 
watch 80 
binary_watch 80 278:-560 745:-485 997:-443 1572:-323 2057:-185 2165:-140 2290:-81 2292:-79 
watch -80 
binary_watch -80 
watch 81 4319:60 
binary_watch 81 271:-561 739:-486 991:-444 1568:-324 2055:-186 2163:-141 2290:-80 2291:-79 
watch -81 2828:281 2427:79 2715:175 5248:513 
binary_watch -81 
watch 82 
binary_watch 82 401:-541 1041:-436 1369:-370 1530:-334 1590:-316 2285:-84 2287:-83 2289:-67 
watch -82 2428:84 
binary_watch -82 
watch 83 
binary_watch 83 396:-542 1036:-437 1363:-371 1527:-335 1589:-317 2284:-84 2287:-82 2288:-68 
watch -83 
binary_watch -83 
watch 84 5392:-332 2914:352 3439:201 
binary_watch 84 390:-543 1030:-438 1356:-372 1523:-336 1587:-318 2284:-83 2285:-82 2286:-69 
watch -84 4948:281 5622:-586 4524:-145 3168:-317 3169:565 2428:82 4523:437 5421:120 
binary_watch -84 
watch 85 
binary_watch 85 594:-511 866:-466 1704:-289 2084:-172 2276:-87 2279:-86 2282:-73 2283:-46 
watch -85 2801:-495 2429:86 5358:-108 5468:-49 4217:344 
binary_watch -85 
watch 86 
binary_watch 86 590:-512 860:-467 1700:-290 2081:-173 2275:-87 2279:-85 2280:-74 2281:-47 
watch -86 3852:-75 4504:126 4374:-46 
binary_watch -86 
watch 87 4007:46 
binary_watch 87 585:-513 853:-468 1695:-291 2077:-174 2275:-86 2276:-85 2277:-75 2278:-48 
watch -87 4008:45 2429:85 
binary_watch -87 
watch 88 
binary_watch 88 40:-595 786:-478 1584:-319 1665:-298 1817:-259 1868:-247 2273:-90 2274:-89 
watch -88 4580:281 4833:281 4864:281 4365:281 4541:281 4576:281 4294:281 4168:281 3770:281 4832:281 4848:281 4177:281 4853:281 4744:281 4530:-280 4713:281 4673:281 3896:281 4705:281 3657:281 4737:281 3610:281 4690:281 3658:-282 4316:281 4557:281 4774:281 4818:281 4720:281 4710:-329 4814:281 4731:281 4671:281 4782:281 3674:-2 3966:-2 3954:-76 4676:-93 4483:91 4684:91 4668:-136 4755:-136 3970:569 3977:138 4107:138 4136:77 4709:-204 3971:-2 3662:-2 4826:-136 3921:-2 4821:-568 4778:91 4645:-260 3620:-260 3856:-251 3858:91 4734:432 4193:138 4825:298 4667:298 4798:584 3601:262 3932:224 4610:463 3972:262 4554:-58 3867:389 3912:62 4080:412 4680:517 4754:584 4651:222 4785:309 4405:261 3978:505 3403:362 4741:517 3955:584 3969:490 4359:178 3221:385 3684:517 4570:152 4556:502 4110:262 3952:125 4139:-574 4360:307 3358:-592 4495:-480 3953:262 4105:262 3976:31 4473:479 5593:452 3942:262 4695:216 4682:517 4708:60 3786:-264 3865:-378 4816:575 4575:560 3412:326 3349:342 3857:147 3964:584 3975:555 2872:57 4459:-311 4064:31 3951:299 3855:-249 4431:479 4829:307 2430:90 3045:180 4351:342 3436:367 3009:517 3709:487 3733:46 3227:184 3700:-576 3707:517 3344:581 4637:-359 3711:517 3029:396 4862:-576 4354:-412 3332:589 3310:589 4056:301 3675:517 4362:512 4532:-479 3365:520 3438:262 3046:180 3940:31 3974:251 4701:576 4496:106 4559:449 3915:328 3090:589 4310:-519 4854:517 3878:417 3341:236 3189:316 4109:19 4376:-48 4265:519 4739:157 4124:444 3993:387 4131:174 4111:262 
binary_watch -88 
watch 89 3543:281 3317:281 3612:281 4391:-570 3010:-2 3621:298 3549:-505 3737:480 4719:397 4203:338 3983:-60 4797:118 
binary_watch 89 34:-596 782:-479 1582:-320 1662:-299 1815:-260 1864:-248 2272:-90 2274:-88 
watch -89 2430:88 
binary_watch -89 
watch 90 3775:281 4722:213 4703:108 3008:259 3604:262 
binary_watch 90 27:-597 777:-480 1579:-321 1658:-300 1812:-261 1859:-249 2272:-89 2273:-88 
watch -90 5484:-507 5442:120 
binary_watch -90 
watch 91 2988:9 5797:-2 4728:432 5805:137 3092:106 3935:242 5754:375 5695:125 4017:46 4619:-197 4037:496 4034:349 
binary_watch 91 222:-568 664:-499 1889:-241 2213:-118 2264:-93 2267:-92 2270:-76 2271:-7 
watch -91 2431:92 4834:-43 
binary_watch -91 
watch 92 
binary_watch 92 216:-569 659:-500 1886:-242 2211:-119 2263:-93 2267:-91 2268:-77 2269:-8 
watch -92 2431:91 3135:501 5792:554 3747:506 2646:251 4339:524 5795:260 
binary_watch -92 
watch 93 5680:226 2665:133 5361:257 4202:591 3352:362 3618:-487 3659:490 3458:490 4676:88 3267:208 3065:490 
binary_watch 93 209:-570 653:-501 1882:-243 2208:-120 2263:-92 2264:-91 2265:-78 2266:-9 
watch -93 
binary_watch -93 
watch 94 5354:428 
binary_watch 94 845:-469 900:-460 1137:-418 1283:-388 1403:-364 2253:-100 2261:-96 2262:-95 
watch -94 3542:216 2432:96 
binary_watch -94 
watch 95 
binary_watch 95 839:-470 897:-461 1133:-419 1278:-389 1398:-365 2249:-101 2260:-96 2262:-94 
watch -95 4870:-518 
binary_watch -95 
watch 96 
binary_watch 96 832:-471 893:-462 1128:-420 1272:-390 1392:-366 2244:-102 2260:-95 2261:-94 
watch -96 5398:-126 3102:432 2432:94 
binary_watch -96 
watch 97 
binary_watch 97 323:-553 521:-523 626:-505 823:-472 1827:-256 2202:-124 2258:-99 2259:-98 
watch -97 2433:98 5236:-60 3501:-474 
binary_watch -97 
watch 98 
binary_watch 98 317:-554 515:-524 621:-506 817:-473 1825:-257 2201:-125 2257:-99 2259:-97 
watch -98 4919:281 2433:97 5466:473 2741:273 3688:-553 5107:305 5110:257 5664:120 5068:506 4911:319 5097:170 
binary_watch -98 
watch 99 5679:101 5646:285 4239:197 
binary_watch 99 310:-555 508:-525 615:-507 810:-474 1822:-258 2199:-126 2257:-98 2258:-97 
watch -99 4906:281 
binary_watch -99 
watch 100 
binary_watch 100 263:-562 1786:-268 2243:-102 2248:-101 2253:-94 2254:-64 2255:-61 2256:-40 
watch -100 4447:-204 2434:102 
binary_watch -100 
watch 101 
binary_watch 101 257:-563 1781:-269 2242:-102 2248:-100 2249:-95 2250:-65 2251:-62 2252:-41 
watch -101 5678:-312 5679:-99 
binary_watch -101 
watch 102 
binary_watch 102 250:-564 1775:-270 2242:-101 2243:-100 2244:-96 2245:-66 2246:-63 2247:-42 
watch -102 2434:101 
binary_watch -102 
watch 103 
binary_watch 103 242:-565 384:-544 933:-454 1308:-382 1995:-205 2073:-175 2240:-105 2241:-104 
watch -103 5394:-279 5390:-279 5393:-279 5568:126 3557:-545 3351:-390 5253:382 5536:331 5374:331 5534:531 3259:-207 5535:120 5738:209 4285:-456 2435:104 
binary_watch -103 
watch 104 2996:456 
binary_watch 104 236:-566 378:-545 927:-455 1305:-383 1993:-206 2071:-176 2239:-105 2241:-103 
watch -104 3247:430 3163:15 3177:-177 2435:105 3174:-175 
binary_watch -104 
watch 105 5389:554 3350:383 5574:579 5395:-251 
binary_watch 105 229:-567 371:-546 920:-456 1301:-384 1990:-207 2068:-177 2239:-104 2240:-103 
watch -105 5565:546 2874:-176 
binary_watch -105 
watch 106 
binary_watch 106 39:-595 1402:-364 1619:-310 2154:-145 2220:-115 2234:-108 2236:-107 2238:-73 
watch -106 3774:-280 3788:281 3927:125 2614:125 3986:76 3092:-91 2653:125 2702:-546 3637:310 2436:108 3164:490 2707:256 3640:46 3516:-259 5685:358 3930:575 2709:349 3039:490 3976:88 
binary_watch -106 
watch 107 3734:310 
binary_watch 107 33:-596 1397:-365 1616:-311 2153:-146 2219:-116 2233:-108 2236:-106 2237:-74 
watch -107 5790:-3 5724:27 
binary_watch -107 
watch 108 4546:432 4102:-2 2637:164 5061:534 5358:85 5051:513 
binary_watch 108 26:-597 1391:-366 1612:-312 2151:-147 2217:-117 2233:-107 2234:-106 2235:-75 
watch -108 4971:-587 4231:44 2436:107 4685:576 4701:88 4422:-575 4605:-360 
binary_watch -108 
watch 109 
binary_watch 109 420:-538 1221:-400 1497:-343 2083:-172 2226:-112 2228:-111 2230:-110 2232:-61 
watch -109 2651:-494 
binary_watch -109 
watch 110 
binary_watch 110 415:-539 1218:-401 1492:-344 2080:-173 2225:-113 2227:-111 2230:-109 2231:-62 
watch -110 2437:109 
binary_watch -110 
watch 111 
binary_watch 111 409:-540 1214:-402 1486:-345 2076:-174 2223:-114 2227:-110 2228:-109 2229:-63 
watch -111 2437:110 
binary_watch -111 
watch 112 
binary_watch 112 345:-550 1023:-439 1479:-346 2142:-151 2192:-130 2222:-114 2224:-113 2226:-109 
watch -112 
binary_watch -112 
watch 113 
binary_watch 113 339:-551 1017:-440 1476:-347 2138:-152 2189:-131 2221:-114 2224:-112 2225:-110 
watch -113 2438:112 
binary_watch -113 
watch 114 
binary_watch 114 332:-552 1010:-441 1472:-348 2133:-153 2185:-132 2221:-113 2222:-112 2223:-111 
watch -114 4869:-399 2438:113 
binary_watch -114 
watch 115 
binary_watch 115 201:-571 663:-499 982:-445 1239:-397 2049:-190 2216:-117 2218:-116 2220:-106 
watch -115 4742:281 4646:9 5464:-312 4411:9 4181:-500 5645:120 5642:353 
binary_watch -115 
watch 116 
binary_watch 116 196:-572 658:-500 976:-446 1234:-398 2047:-191 2215:-117 2218:-115 2219:-107 
watch -116 4120:97 3077:499 2439:117 5607:24 4112:505 
binary_watch -116 
watch 117 
binary_watch 117 190:-573 652:-501 969:-447 1228:-399 2044:-192 2215:-116 2216:-115 2217:-108 
watch -117 3997:-312 4072:-293 2439:115 
binary_watch -117 
watch 118 5171:385 5165:385 4880:328 5457:385 5458:159 5461:108 5420:583 5424:289 5435:120 5388:570 4777:488 4584:376 5452:120 
binary_watch 118 732:-487 1194:-406 1867:-247 1984:-208 2207:-120 2210:-119 2213:-91 2214:-55 
watch -118 4889:281 4030:-312 2984:-76 3214:208 3266:207 2440:120 3999:-587 5761:248 4465:-479 5444:206 3882:-491 4806:300 4634:216 
binary_watch -118 
watch 119 5152:77 4569:249 2670:207 2675:318 4610:88 
binary_watch 119 728:-488 1190:-407 1863:-248 1978:-209 2206:-120 2210:-118 2211:-92 2212:-56 
watch -119 
binary_watch -119 
watch 120 4910:126 3041:407 
binary_watch 120 723:-489 1185:-408 1858:-249 1971:-210 2206:-119 2207:-118 2208:-93 2209:-57 
watch -120 5656:9 5475:243 5415:-204 5447:-312 4770:-237 5584:9 5405:9 5459:9 5440:9 5627:-15 5561:9 5586:9 5614:9 5419:-286 5585:9 5664:243 5435:-118 5452:-118 5546:-241 2440:119 5382:126 5774:202 3359:-585 5662:9 5381:-545 3569:243 5407:-241 5443:374 5427:91 5600:243 5590:243 5442:243 5470:374 5645:115 5648:-358 5383:18 5417:493 5519:374 5520:374 5527:-576 5510:-576 3485:-488 3545:489 5576:-546 3137:57 4057:239 3647:262 5641:353 5580:175 3671:585 5599:587 5416:299 5554:274 5512:287 5552:-6 5496:-259 5619:299 5422:493 5368:531 5155:58 5384:243 5162:-305 5139:486 5370:-331 4636:249 5550:287 5639:126 5431:570 5471:507 5406:-177 4562:180 5403:457 5621:58 5143:338 3555:328 3020:133 3651:-406 5644:359 3512:180 5502:424 5501:424 3444:-541 5399:256 3966:88 5628:501 5441:-528 5779:287 5421:84 5411:-177 2724:-487 3127:10 3572:-487 5622:84 5426:149 3138:57 5547:374 5535:-592 3643:575 5499:248 5603:506 5578:458 5150:541 5642:115 5776:-507 3453:-250 
binary_watch -120 
watch 121 
binary_watch 121 1350:-373 1447:-355 1496:-343 2130:-154 2181:-133 2191:-130 2204:-123 2205:-122 
watch -121 
binary_watch -121 
watch 122 
binary_watch 122 1347:-374 1443:-356 1491:-344 2129:-155 2180:-134 2188:-131 2203:-123 2205:-121 
watch -122 3907:374 2441:123 5431:120 5422:120 
binary_watch -122 
watch 123 
binary_watch 123 1343:-375 1438:-357 1485:-345 2127:-156 2178:-135 2184:-132 2203:-122 2204:-121 
watch -123 2441:122 
binary_watch -123 
watch 124 4241:203 5771:247 4250:183 3508:140 5629:243 4039:44 3740:300 
binary_watch 124 221:-568 899:-460 1618:-310 1734:-283 2122:-157 2198:-126 2200:-125 2202:-97 
watch -124 5345:281 5414:126 2442:126 
binary_watch -124 
watch 125 5380:528 5439:543 
binary_watch 125 215:-569 896:-461 1615:-311 1730:-284 2118:-158 2197:-126 2200:-124 2201:-98 
watch -125 5446:-26 5695:-91 3256:-243 
binary_watch -125 
watch 126 
binary_watch 126 208:-570 892:-462 1611:-312 1725:-285 2113:-159 2197:-125 2198:-124 2199:-99 
watch -126 2442:125 5637:-43 4912:-569 2961:-569 5747:-505 2644:97 5765:-43 3836:-283 5735:432 5736:432 4939:432 5757:-159 5598:285 5752:-203 4381:199 5650:285 5716:-3 5559:570 5639:120 4965:165 4238:301 5377:570 5378:570 5414:124 5731:379 2848:-544 4504:86 4699:444 4389:15 5709:310 4236:330 5568:103 5573:-382 5571:-382 3560:-298 5382:120 3587:517 2896:184 4910:-120 5631:340 4571:-507 5347:462 2944:490 2877:152 5710:313 2898:434 4585:300 
binary_watch -126 
watch 127 4855:367 
binary_watch 127 648:-502 865:-466 1040:-436 1307:-382 1631:-307 1983:-208 2195:-129 2196:-128 
watch -127 4985:281 4058:-210 5569:538 
binary_watch -127 
watch 128 3451:307 
binary_watch 128 642:-503 859:-467 1035:-437 1304:-383 1628:-308 1977:-209 2194:-129 2196:-127 
watch -128 4943:-3 4930:298 2443:129 5216:209 5450:-346 5239:172 2991:436 
binary_watch -128 
watch 129 
binary_watch 129 635:-504 852:-468 1029:-438 1300:-384 1624:-309 1970:-210 2194:-128 2195:-127 
watch -129 2798:-494 4385:-444 2443:128 
binary_watch -129 
watch 130 
binary_watch 130 441:-535 1495:-343 1785:-268 2183:-132 2187:-131 2191:-121 2192:-112 2193:-52 
watch -130 2444:132 
binary_watch -130 
watch 131 
binary_watch 131 435:-536 1490:-344 1780:-269 2182:-132 2187:-130 2188:-122 2189:-113 2190:-53 
watch -131 
binary_watch -131 
watch 132 
binary_watch 132 428:-537 1484:-345 1774:-270 2182:-131 2183:-130 2184:-123 2185:-114 2186:-54 
watch -132 3205:-50 2444:130 
binary_watch -132 
watch 133 5562:126 
binary_watch 133 62:-592 483:-529 1839:-253 2072:-175 2160:-142 2177:-135 2179:-134 2181:-121 
watch -133 3330:281 2665:-93 2673:-8 2884:212 5539:-430 3212:-243 3132:-243 5262:212 3157:-430 2986:490 3074:545 2666:-177 2696:175 2659:-176 2697:575 3343:-341 
binary_watch -133 
watch 134 
binary_watch 134 56:-593 477:-530 1836:-254 2070:-176 2159:-143 2176:-135 2179:-133 2180:-122 
watch -134 3870:76 3869:-177 2445:135 4010:-292 4136:88 
binary_watch -134 
watch 135 3433:465 
binary_watch 135 49:-594 470:-531 1832:-255 2067:-177 2157:-144 2176:-134 2177:-133 2178:-123 
watch -135 2445:133 3552:9 4004:284 3426:531 3424:531 3425:-176 
binary_watch -135 
watch 136 2819:-3 4090:14 4604:281 4768:281 4803:281 4736:43 4824:43 3748:-3 2811:-3 4733:-3 4633:-3 4639:-197 4804:198 2747:159 5657:159 4106:289 4659:505 4755:88 4668:88 4641:58 4802:474 4617:278 4051:578 4613:-22 4724:165 4665:-197 4655:-197 4656:-197 2808:273 4856:367 4826:88 4838:517 4756:474 4735:576 4620:527 4863:178 5654:528 2947:480 
binary_watch 136 161:-577 1431:-358 1910:-235 2121:-157 2168:-138 2171:-137 2174:-76 2175:-13 
watch -136 2446:137 
binary_watch -136 
watch 137 
binary_watch 137 156:-578 1425:-359 1906:-236 2117:-158 2167:-138 2171:-136 2172:-77 2173:-14 
watch -137 2607:-312 5805:-91 2446:136 5212:9 5660:14 2821:46 5683:196 5684:188 3519:-360 5763:499 3374:-17 3728:328 5222:251 4934:156 5101:224 5803:579 5802:579 
binary_watch -137 
watch 138 5791:-203 5806:312 3754:300 2740:212 5187:199 4954:358 4395:576 4363:300 
binary_watch 138 150:-579 1418:-360 1901:-237 2112:-159 2167:-137 2168:-136 2169:-78 2170:-15 
watch -138 
binary_watch -138 
watch 139 
binary_watch 139 160:-577 683:-496 1220:-400 1853:-250 1888:-241 2162:-141 2164:-140 2166:-79 
watch -139 
binary_watch -139 
watch 140 
binary_watch 140 155:-578 678:-497 1217:-401 1849:-251 1885:-242 2161:-141 2164:-139 2165:-80 
watch -140 3508:-124 2447:141 3860:579 3833:454 5487:-189 5455:444 3864:259 3845:322 4575:88 5363:203 
binary_watch -140 
watch 141 
binary_watch 141 149:-579 672:-498 1213:-402 1844:-252 1881:-243 2161:-140 2162:-139 2163:-81 
watch -141 2447:140 2863:-242 5634:-568 5630:570 2857:252 
binary_watch -141 
watch 142 
binary_watch 142 647:-502 1121:-421 1146:-415 1265:-391 2094:-166 2156:-144 2158:-143 2160:-133 
watch -142 2783:133 2448:143 
binary_watch -142 
watch 143 
binary_watch 143 641:-503 1117:-422 1144:-416 1260:-392 2093:-167 2155:-144 2158:-142 2159:-134 
watch -143 2448:142 2626:172 
binary_watch -143 
watch 144 
binary_watch 144 634:-504 1112:-423 1141:-417 1254:-393 2091:-168 2155:-143 2156:-142 2157:-135 
watch -144 
binary_watch -144 
watch 145 4524:84 
binary_watch 145 360:-547 462:-532 785:-478 1238:-397 1494:-343 2150:-147 2152:-146 2154:-106 
watch -145 4443:281 4409:-78 2449:146 4719:-89 
binary_watch -145 
watch 146 5053:404 
binary_watch 146 355:-548 456:-533 781:-479 1233:-398 1489:-344 2149:-147 2152:-145 2153:-107 
watch -146 4145:87 
binary_watch -146 
watch 147 
binary_watch 147 349:-549 449:-534 776:-480 1227:-399 1483:-345 2149:-146 2150:-145 2151:-108 
watch -147 4391:-89 3857:88 2449:145 3858:88 3780:180 5188:-386 5183:-386 5280:-366 5009:-558 
binary_watch -147 
watch 148 
binary_watch 148 123:-583 440:-535 1001:-442 1306:-382 1349:-373 1385:-367 2147:-150 2148:-149 
watch -148 5257:309 
binary_watch -148 
watch 149 2803:118 
binary_watch 149 118:-584 434:-536 996:-443 1303:-383 1346:-374 1381:-368 2146:-150 2148:-148 
watch -149 2762:-373 2450:150 5593:88 5388:-118 5403:120 5420:-118 3347:276 5427:120 3102:96 5370:120 
binary_watch -149 
watch 150 2935:483 3104:528 
binary_watch 150 112:-585 427:-537 990:-444 1299:-384 1342:-375 1376:-369 2146:-149 2147:-148 
watch -150 3583:-280 2450:148 2698:11 4560:367 4750:584 
binary_watch -150 
watch 151 
binary_watch 151 1703:-289 1838:-253 2132:-153 2137:-152 2142:-112 2143:-31 2144:-22 2145:-10 
watch -151 2451:153 
binary_watch -151 
watch 152 
binary_watch 152 1699:-290 1835:-254 2131:-153 2137:-151 2138:-113 2139:-32 2140:-23 2141:-11 
watch -152 4140:281 4043:-289 4570:-506 2877:-103 5290:-580 2451:151 
binary_watch -152 
watch 153 
binary_watch 153 1694:-291 1831:-255 2131:-152 2132:-151 2133:-114 2134:-33 2135:-24 2136:-12 
watch -153 
binary_watch -153 
watch 154 
binary_watch 154 200:-571 1784:-268 1826:-256 1909:-235 1926:-226 2126:-156 2128:-155 2130:-121 
watch -154 2837:-545 2452:155 
binary_watch -154 
watch 155 
binary_watch 155 195:-572 1779:-269 1824:-257 1905:-236 1925:-227 2125:-156 2128:-154 2129:-122 
watch -155 3297:490 5616:587 4743:241 2452:156 2730:-545 
binary_watch -155 
watch 156 
binary_watch 156 189:-573 1773:-270 1821:-258 1900:-237 1923:-228 2125:-155 2126:-154 2127:-123 
watch -156 4934:137 
binary_watch -156 
watch 157 5418:-203 
binary_watch 157 1000:-442 1664:-298 2111:-159 2116:-158 2121:-136 2122:-124 2123:-13 2124:-1 
watch -157 2453:158 3404:-2 4466:569 4158:-2 3642:284 3500:-594 4739:243 4609:540 5589:211 
binary_watch -157 
watch 158 5687:196 5521:432 5429:196 5434:432 5668:63 3854:262 5522:-576 4353:477 5383:120 5773:39 4840:575 
binary_watch 158 995:-443 1661:-299 2110:-159 2116:-157 2117:-137 2118:-125 2119:-14 2120:-2 
watch -158 4090:-136 
binary_watch -158 
watch 159 5757:569 5594:43 5768:-9 5348:60 5313:504 4134:31 4827:311 5263:166 5190:-568 5587:211 3853:262 5638:-587 4026:490 3710:273 
binary_watch 159 989:-444 1657:-300 2110:-158 2111:-157 2112:-138 2113:-126 2114:-15 2115:-3 
watch -159 2723:15 2908:15 3981:27 5542:9 2453:157 4241:-124 3913:15 
binary_watch -159 
watch 160 
binary_watch 160 344:-550 999:-442 1264:-391 1877:-244 1937:-223 2048:-190 2108:-162 2109:-161 
watch -160 4718:555 4417:511 
binary_watch -160 
watch 161 
binary_watch 161 338:-551 994:-443 1259:-392 1875:-245 1934:-224 2046:-191 2107:-162 2109:-160 
watch -161 2454:162 
binary_watch -161 
watch 162 
binary_watch 162 331:-552 988:-444 1253:-393 1872:-246 1930:-225 2043:-192 2107:-161 2108:-160 
watch -162 2454:160 3923:521 
binary_watch -162 
watch 163 
binary_watch 163 704:-493 1401:-364 1529:-334 2096:-165 2100:-164 2104:-61 2105:-46 2106:-43 
watch -163 4979:281 4493:-495 5702:9 5748:379 2455:165 4100:46 5703:196 5697:196 5085:444 3414:223 4269:199 
binary_watch -163 
watch 164 4103:203 2713:262 
binary_watch 164 698:-494 1396:-365 1526:-335 2095:-165 2100:-163 2101:-62 2102:-47 2103:-44 
watch -164 5657:-136 5798:27 2455:163 
binary_watch -164 
watch 165 
binary_watch 165 691:-495 1390:-366 1522:-336 2095:-164 2096:-163 2097:-63 2098:-48 2099:-45 
watch -165 4724:-136 5245:-43 4881:241 3762:-25 4062:45 4965:126 
binary_watch -165 
watch 166 
binary_watch 166 142:-580 283:-559 770:-481 887:-463 2003:-202 2090:-168 2092:-167 2094:-142 
watch -166 4624:432 5296:432 5263:-159 5209:408 2456:167 5287:309 5286:11 4820:59 
binary_watch -166 
watch 167 5274:281 
binary_watch 167 136:-581 277:-560 764:-482 881:-464 2001:-203 2089:-168 2092:-166 2093:-143 
watch -167 2456:168 4283:-307 3218:39 
binary_watch -167 
watch 168 
binary_watch 168 129:-582 270:-561 757:-483 874:-465 1998:-204 2089:-167 2090:-166 2091:-144 
watch -168 5438:-279 5144:281 
binary_watch -168 
watch 169 4900:-27 4898:199 
binary_watch 169 804:-475 1219:-400 1583:-319 1799:-265 1936:-223 1982:-208 2087:-171 2088:-170 
watch -169 
binary_watch -169 
watch 170 
binary_watch 170 799:-476 1216:-401 1581:-320 1796:-266 1933:-224 1976:-209 2086:-171 2088:-169 
watch -170 2457:171 5097:98 5098:478 
binary_watch -170 
watch 171 
binary_watch 171 793:-477 1212:-402 1578:-321 1792:-267 1929:-225 1969:-210 2086:-170 2087:-169 
watch -171 2457:169 
binary_watch -171 
watch 172 
binary_watch 172 822:-472 1120:-421 1322:-379 2075:-174 2079:-173 2083:-109 2084:-85 2085:-52 
watch -172 
binary_watch -172 
watch 173 
binary_watch 173 816:-473 1116:-422 1318:-380 2074:-174 2079:-172 2080:-110 2081:-86 2082:-53 
watch -173 4977:281 2458:174 
binary_watch -173 
watch 174 
binary_watch 174 809:-474 1111:-423 1313:-381 2074:-173 2075:-172 2076:-111 2077:-87 2078:-54 
watch -174 3900:-3 2458:173 3909:20 2777:-79 4131:87 
binary_watch -174 
watch 175 5749:-545 3007:342 2701:284 3080:490 5565:105 3174:104 
binary_watch 175 383:-544 482:-529 1282:-388 1510:-340 2066:-177 2069:-176 2072:-133 2073:-103 
watch -175 3550:-507 2696:133 2459:177 
binary_watch -175 
watch 176 2874:105 3425:135 2659:529 5404:-367 
binary_watch 176 377:-545 476:-530 1277:-389 1506:-341 2065:-177 2069:-175 2070:-134 2071:-104 
watch -176 
binary_watch -176 
watch 177 4020:544 2666:133 3177:104 5411:243 3869:530 5371:260 5745:553 
binary_watch 177 370:-546 469:-531 1271:-390 1501:-342 2065:-176 2066:-175 2067:-135 2068:-105 
watch -177 5396:-279 5372:592 5562:-133 5555:-288 2459:175 
binary_watch -177 
watch 178 5292:216 5224:-288 5230:216 5295:453 5299:340 5300:230 
binary_watch 178 282:-559 784:-478 1164:-412 1493:-343 1743:-280 1808:-262 2063:-180 2064:-179 
watch -178 2460:180 4850:-569 4828:-136 4863:-136 5126:-569 4822:-43 3665:262 3591:262 4852:517 3667:262 3546:306 4359:88 4857:575 5117:478 5108:517 3555:120 5338:429 4355:-414 3733:88 
binary_watch -178 
watch 179 3564:262 5180:517 5228:445 4144:262 
binary_watch 179 276:-560 780:-479 1159:-413 1488:-344 1741:-281 1806:-263 2062:-180 2064:-178 
watch -179 
binary_watch -179 
watch 180 5174:281 5062:484 
binary_watch 180 269:-561 775:-480 1153:-414 1482:-345 1738:-282 1803:-264 2062:-179 2063:-178 
watch -180 3787:281 5149:281 2460:178 5169:281 5021:-280 5049:281 5045:281 5238:-495 4964:432 5074:432 5220:-569 2846:490 5054:-147 4114:490 4562:27 5191:97 3046:88 3512:120 5213:424 3045:88 4038:260 
binary_watch -180 
watch 181 
binary_watch 181 301:-556 703:-493 886:-463 1644:-304 1994:-205 2034:-196 2060:-183 2061:-182 
watch -181 4897:432 2461:183 4990:-197 5611:199 4770:120 
binary_watch -181 
watch 182 
binary_watch 182 296:-557 697:-494 880:-464 1641:-305 1992:-206 2029:-197 2059:-183 2061:-181 
watch -182 
binary_watch -182 
watch 183 
binary_watch 183 290:-558 690:-495 873:-465 1637:-306 1989:-207 2023:-198 2059:-182 2060:-181 
watch -183 5080:281 5133:-280 4250:-124 5332:-304 4251:-210 5766:9 5079:21 2461:181 2798:129 
binary_watch -183 
watch 184 
binary_watch 184 61:-592 322:-553 749:-484 1039:-436 1163:-412 2054:-186 2056:-185 2058:-79 
watch -184 3265:-91 2896:126 2622:-493 
binary_watch -184 
watch 185 4344:-442 
binary_watch 185 55:-593 316:-554 744:-485 1034:-437 1158:-413 2053:-186 2056:-184 2057:-80 
watch -185 2462:186 4364:383 
binary_watch -185 
watch 186 3938:68 
binary_watch 186 48:-594 309:-555 738:-486 1028:-438 1152:-414 2053:-185 2054:-184 2055:-81 
watch -186 4886:281 5147:281 5138:432 5537:125 2462:184 5321:387 5139:120 4103:-164 5137:407 5533:324 
binary_watch -186 
watch 187 5793:574 5636:-587 
binary_watch 187 220:-568 1400:-364 1574:-322 1663:-298 1852:-250 2017:-199 2051:-189 2052:-188 
watch -187 4666:-203 
binary_watch -187 
watch 188 5050:281 5801:221 
binary_watch 188 214:-569 1395:-365 1571:-323 1660:-299 1848:-251 2013:-200 2050:-189 2052:-187 
watch -188 3980:138 3914:251 3590:251 5684:-587 2463:189 2970:450 4876:487 3107:487 4252:543 3981:159 
binary_watch -188 
watch 189 3727:568 5557:458 5487:251 5518:424 4922:476 5624:342 3619:487 
binary_watch 189 207:-570 1389:-366 1567:-324 1656:-300 1843:-252 2008:-201 2050:-188 2051:-187 
watch -189 4878:281 3755:300 5251:432 5626:587 4749:241 3544:592 2463:188 5317:330 3596:-298 3443:252 3442:-251 5516:21 4360:88 3818:300 5242:-251 
binary_watch -189 
watch 190 
binary_watch 190 520:-523 577:-514 1038:-436 1837:-253 2042:-192 2045:-191 2048:-160 2049:-115 
watch -190 2464:191 
binary_watch -190 
watch 191 
binary_watch 191 514:-524 571:-515 1033:-437 1834:-254 2041:-192 2045:-190 2046:-161 2047:-116 
watch -191 2464:190 
binary_watch -191 
watch 192 
binary_watch 192 507:-525 564:-516 1027:-438 1830:-255 2041:-191 2042:-190 2043:-162 2044:-117 
watch -192 
binary_watch -192 
watch 193 
binary_watch 193 19:-598 321:-553 1467:-349 1702:-289 2016:-199 2033:-196 2039:-195 2040:-194 
watch -193 
binary_watch -193 
watch 194 3901:55 
binary_watch 194 13:-599 315:-554 1465:-350 1698:-290 2012:-200 2028:-197 2038:-195 2040:-193 
watch -194 2465:195 
binary_watch -194 
watch 195 3905:587 
binary_watch 195 6:-600 308:-555 1462:-351 1693:-291 2007:-201 2022:-198 2038:-194 2039:-193 
watch -195 2465:194 
binary_watch -195 
watch 196 5119:281 5127:319 
binary_watch 196 1430:-358 2021:-198 2027:-197 2033:-193 2034:-181 2035:-64 2036:-43 2037:-19 
watch -196 4555:199 5753:126 3753:-201 4195:-200 5643:-493 5610:587 4185:199 5743:-26 5728:-576 4183:199 5681:-394 5720:278 4042:330 4173:430 4277:27 5719:126 5705:126 5429:-158 5020:-203 5683:137 5737:-473 5699:553 5687:-158 5732:331 5717:45 5764:241 2466:197 4117:-555 5762:358 5730:358 5707:331 5697:163 5703:163 5751:331 5693:587 5689:553 
binary_watch -196 
watch 197 3407:39 4655:216 4665:216 4656:216 4662:216 4663:216 4619:-2 4658:-3 4589:349 3933:490 4592:349 4990:387 
binary_watch 197 1424:-359 2020:-198 2027:-196 2028:-194 2029:-182 2030:-65 2031:-44 2032:-20 
watch -197 4239:-99 5474:-7 5483:570 2466:196 5655:238 
binary_watch -197 
watch 198 5093:281 5432:528 4632:235 
binary_watch 198 1417:-360 2020:-197 2021:-196 2022:-195 2023:-183 2024:-66 2025:-45 2026:-21 
watch -198 5044:-215 4804:-136 4213:-576 
binary_watch -198 
watch 199 
binary_watch 199 803:-475 1208:-403 2006:-201 2011:-200 2016:-193 2017:-187 2018:-73 2019:-67 
watch -199 5113:-518 5112:281 5609:-189 5675:-137 4551:-554 4555:196 2467:200 5613:359 4463:-50 3852:86 5677:-358 5187:359 4269:-107 4568:434 4181:115 4941:586 5114:517 4381:359 4579:-300 3850:-578 3844:374 4935:575 4898:-169 5674:-507 5611:298 4937:364 4185:196 
binary_watch -199 
watch 200 4195:554 5682:251 5605:-298 3450:467 4572:22 
binary_watch 200 798:-476 1204:-404 2005:-201 2011:-199 2012:-194 2013:-188 2014:-74 2015:-68 
watch -200 
binary_watch -200 
watch 201 3753:196 4545:-78 
binary_watch 201 792:-477 1199:-405 2005:-200 2006:-199 2007:-195 2008:-189 2009:-75 2010:-69 
watch -201 5204:256 4349:-59 2467:199 3548:324 
binary_watch -201 
watch 202 5517:424 
binary_watch 202 103:-586 183:-574 821:-472 1077:-430 1997:-204 2000:-203 2003:-166 2004:-1 
watch -202 2831:-3 
binary_watch -202 
watch 203 4738:472 5034:281 5791:-138 4975:493 5418:-157 5437:498 3766:16 4666:60 5581:481 4986:574 5752:586 5623:342 5019:37 5020:196 
binary_watch 203 97:-587 177:-575 815:-473 1072:-431 1996:-204 2000:-202 2001:-167 2002:-2 
watch -203 5052:281 5526:-495 5796:-569 2719:-3 2468:204 5633:432 4693:473 
binary_watch -203 
watch 204 5588:211 4859:76 4679:517 
binary_watch 204 90:-588 170:-576 808:-474 1066:-432 1996:-203 1997:-202 1998:-168 1999:-3 
watch -204 2468:202 2805:-2 4094:284 5788:252 5551:543 5384:120 3252:-276 4328:-476 3945:-6 5691:579 
binary_watch -204 
watch 205 5772:299 5696:350 
binary_watch 205 400:-541 1466:-349 1908:-235 1981:-208 1988:-207 1991:-206 1994:-181 1995:-103 
watch -205 5463:237 2469:206 
binary_watch -205 
watch 206 
binary_watch 206 395:-542 1464:-350 1904:-236 1975:-209 1987:-207 1991:-205 1992:-182 1993:-104 
watch -206 4849:281 5423:565 5425:125 5444:465 2812:58 3136:133 2469:205 
binary_watch -206 
watch 207 3259:276 
binary_watch 207 389:-543 1461:-351 1899:-237 1968:-210 1987:-206 1988:-205 1989:-183 1990:-105 
watch -207 4769:281 2670:-119 
binary_watch -207 
watch 208 
binary_watch 208 1967:-210 1974:-209 1981:-205 1982:-169 1983:-127 1984:-118 1985:-34 1986:-25 
watch -208 4481:-280 3267:-93 3214:-27 3281:175 2470:209 3266:118 4061:468 3451:-128 
binary_watch -208 
watch 209 
binary_watch 209 1966:-210 1974:-208 1975:-206 1976:-170 1977:-128 1978:-119 1979:-35 1980:-26 
watch -209 4984:281 2470:210 5738:410 5430:351 4583:444 
binary_watch -209 
watch 210 4251:301 
binary_watch 210 1966:-209 1967:-208 1968:-207 1969:-171 1970:-129 1971:-120 1972:-36 1973:-27 
watch -210 
binary_watch -210 
watch 211 4628:9 
binary_watch 211 481:-529 1348:-373 1733:-283 1753:-277 1958:-213 1961:-212 1964:-7 1965:-1 
watch -211 5588:-204 2471:212 5587:-159 5589:-2 4600:-2 5495:374 3646:575 5600:120 5483:197 5530:454 
binary_watch -211 
watch 212 3477:9 5804:-25 
binary_watch 212 475:-530 1345:-374 1729:-284 1750:-278 1957:-213 1961:-211 1962:-8 1963:-2 
watch -212 3821:278 2471:211 5715:278 2740:-138 3623:-3 
binary_watch -212 
watch 213 2608:125 3078:164 5376:243 2612:77 2712:262 
binary_watch 213 468:-531 1341:-375 1724:-285 1746:-279 1957:-212 1958:-211 1959:-9 1960:-3 
watch -213 2682:-7 
binary_watch -213 
watch 214 4796:281 
binary_watch 214 1337:-376 1643:-304 1716:-286 1742:-280 1866:-247 1952:-216 1954:-215 1956:-25 
watch -214 2472:216 4835:138 3772:281 3408:287 4951:25 4961:17 3402:-488 3417:406 4522:452 3742:-76 5203:-412 3644:-576 5059:21 4455:560 
binary_watch -214 
watch 215 3582:329 4784:43 5044:577 5351:583 4794:-7 3222:69 3649:490 3579:313 
binary_watch 215 1333:-377 1640:-305 1712:-287 1740:-281 1862:-248 1951:-216 1954:-214 1955:-26 
watch -215 
binary_watch -215 
watch 216 5514:287 3827:519 
binary_watch 216 1328:-378 1636:-306 1707:-288 1737:-282 1857:-249 1951:-215 1952:-214 1953:-27 
watch -216 4817:281 4786:281 2472:214 4657:281 4538:281 4795:281 4788:281 4706:281 4715:281 4602:281 4714:281 4635:281 4761:281 4648:281 4807:281 4634:-136 4638:-25 5221:429 5241:504 5226:-418 5227:496 
binary_watch -216 
watch 217 
binary_watch 217 18:-598 558:-517 717:-490 1295:-385 1543:-331 1851:-250 1949:-219 1950:-218 
watch -217 4146:-595 
binary_watch -217 
watch 218 
binary_watch 218 12:-599 552:-518 714:-491 1292:-386 1539:-332 1847:-251 1948:-219 1950:-217 
watch -218 2473:219 
binary_watch -218 
watch 219 3053:176 3876:164 3887:456 
binary_watch 219 5:-600 545:-519 710:-492 1288:-387 1534:-333 1842:-252 1948:-218 1949:-217 
watch -219 2473:218 
binary_watch -219 
watch 220 
binary_watch 220 419:-538 1105:-424 1162:-412 1561:-325 1940:-222 1943:-221 1946:-22 1947:-13 
watch -220 4212:-329 2474:222 5477:424 3778:574 3639:46 5513:424 5175:184 
binary_watch -220 
watch 221 
binary_watch 221 414:-539 1101:-425 1157:-413 1558:-326 1939:-222 1943:-220 1944:-23 1945:-14 
watch -221 5750:314 2474:220 5357:413 5563:-382 5557:-189 5801:47 
binary_watch -221 
watch 222 2860:424 4612:379 
binary_watch 222 408:-540 1096:-426 1151:-414 1554:-327 1939:-221 1940:-220 1941:-24 1942:-15 
watch -222 4892:281 
binary_watch -222 
watch 223 
binary_watch 223 820:-472 1652:-301 1701:-289 1928:-225 1932:-224 1936:-169 1937:-160 1938:-40 
watch -223 
binary_watch -223 
watch 224 
binary_watch 224 814:-473 1650:-302 1697:-290 1927:-225 1932:-223 1933:-170 1934:-161 1935:-41 
watch -224 5102:281 5096:-2 3932:-2 5194:-2 5101:555 2475:225 5083:-419 
binary_watch -224 
watch 225 2639:277 
binary_watch 225 807:-474 1647:-303 1692:-291 1927:-224 1928:-223 1929:-171 1930:-162 1931:-42 
watch -225 2475:223 5291:433 4447:100 5532:-251 5368:120 5367:531 4347:307 2781:541 
binary_watch -225 
watch 226 
binary_watch 226 17:-598 382:-544 625:-505 1384:-367 1605:-313 1922:-228 1924:-227 1926:-154 
watch -226 5365:281 5680:-93 
binary_watch -226 
watch 227 2890:310 
binary_watch 227 11:-599 376:-545 620:-506 1380:-368 1600:-314 1921:-228 1924:-226 1925:-155 
watch -227 2476:228 
binary_watch -227 
watch 228 3117:368 3136:206 2884:133 
binary_watch 228 4:-600 369:-546 614:-507 1375:-369 1594:-315 1921:-227 1922:-226 1923:-156 
watch -228 2476:227 
binary_watch -228 
watch 229 5217:478 
binary_watch 229 844:-469 1076:-430 1092:-427 1104:-424 1294:-385 1321:-379 1919:-231 1920:-230 
watch -229 5199:281 4729:76 4727:-3 5454:396 
binary_watch -229 
watch 230 
binary_watch 230 838:-470 1071:-431 1088:-428 1100:-425 1291:-386 1317:-380 1918:-231 1920:-229 
watch -230 5350:-282 4165:-2 4214:-385 2477:229 4867:567 4846:306 5302:166 5300:-178 4830:542 4586:21 5295:-178 5071:-393 4222:-575 
binary_watch -230 
watch 231 
binary_watch 231 831:-471 1065:-432 1083:-429 1095:-426 1287:-387 1312:-381 1918:-230 1919:-229 
watch -231 2477:230 5686:-386 
binary_watch -231 
watch 232 
binary_watch 232 16:-598 885:-463 932:-454 981:-445 1022:-439 1913:-234 1915:-233 1917:-28 
watch -232 
binary_watch -232 
watch 233 3165:51 
binary_watch 233 10:-599 879:-464 926:-455 975:-446 1016:-440 1912:-234 1915:-232 1916:-29 
watch -233 2478:234 
binary_watch -233 
watch 234 2904:549 
binary_watch 234 3:-600 872:-465 919:-456 968:-447 1009:-441 1912:-233 1913:-232 1914:-30 
watch -234 2478:233 
binary_watch -234 
watch 235 
binary_watch 235 83:-589 1075:-430 1898:-237 1903:-236 1908:-205 1909:-154 1910:-136 1911:-28 
watch -235 4599:281 4773:281 4776:-7 2479:237 2721:430 3254:-432 4594:92 
binary_watch -235 
watch 236 
binary_watch 236 77:-590 1070:-431 1897:-237 1903:-235 1904:-206 1905:-155 1906:-137 1907:-29 
watch -236 
binary_watch -236 
watch 237 
binary_watch 237 70:-591 1064:-432 1897:-236 1898:-235 1899:-207 1900:-156 1901:-138 1902:-30 
watch -237 2479:235 5784:575 5451:285 3916:257 3100:536 5443:120 5463:205 5560:6 
binary_watch -237 
watch 238 
binary_watch 238 60:-592 418:-538 731:-487 1412:-361 1732:-283 1892:-240 1894:-239 1896:-55 
watch -238 2938:212 2480:239 5655:-49 3099:432 2700:-284 3103:490 3049:487 2667:490 
binary_watch -238 
watch 239 
binary_watch 239 54:-593 413:-539 727:-488 1410:-362 1728:-284 1891:-240 1894:-238 1895:-56 
watch -239 
binary_watch -239 
watch 240 2652:17 
binary_watch 240 47:-594 407:-540 722:-489 1407:-363 1723:-285 1891:-239 1892:-238 1893:-57 
watch -240 5625:528 2480:238 
binary_watch -240 
watch 241 
binary_watch 241 122:-583 1281:-388 1731:-283 1880:-243 1884:-242 1888:-139 1889:-91 1890:-25 
watch -241 2852:9 2481:242 2711:406 3974:88 3956:260 4743:155 4749:189 3277:325 3971:88 
binary_watch -241 
watch 242 5038:91 4893:-279 3349:88 2863:141 
binary_watch 242 117:-584 1276:-389 1727:-284 1879:-243 1884:-241 1885:-140 1886:-92 1887:-26 
watch -242 3935:-91 
binary_watch -242 
watch 243 4732:577 3093:314 4734:88 3132:133 3212:133 3255:490 3345:490 3245:490 3263:490 3256:125 
binary_watch 243 111:-585 1270:-390 1722:-285 1879:-242 1880:-241 1881:-141 1882:-93 1883:-27 
watch -243 5597:-495 5591:-474 5492:-7 5376:-213 5436:9 5412:9 5413:9 2481:241 3743:76 5635:570 5629:-124 
binary_watch -243 
watch 244 5278:37 
binary_watch 244 121:-583 593:-511 963:-448 1057:-433 1871:-246 1874:-245 1877:-160 1878:-61 
watch -244 4340:406 
binary_watch -244 
watch 245 
binary_watch 245 116:-584 589:-512 958:-449 1052:-434 1870:-246 1874:-244 1875:-161 1876:-62 
watch -245 2604:374 4293:493 2743:65 2482:244 
binary_watch -245 
watch 246 
binary_watch 246 110:-585 584:-513 952:-450 1046:-435 1870:-245 1871:-244 1872:-162 1873:-63 
watch -246 5272:281 2482:245 5273:519 
binary_watch -246 
watch 247 4578:281 4211:77 4511:432 
binary_watch 247 1368:-370 1478:-346 1856:-249 1861:-248 1866:-214 1867:-118 1868:-88 1869:-76 
watch -247 4647:-312 
binary_watch -247 
watch 248 5665:358 5160:563 5201:563 
binary_watch 248 1362:-371 1475:-347 1855:-249 1861:-247 1862:-215 1863:-119 1864:-89 1865:-77 
watch -248 5448:212 2483:249 4740:358 5761:35 3175:409 5469:201 5497:261 
binary_watch -248 
watch 249 4307:214 3855:214 
binary_watch 249 1355:-372 1471:-348 1855:-248 1856:-247 1857:-216 1858:-120 1859:-90 1860:-78 
watch -249 4885:281 4831:-569 3568:216 5799:-26 4506:377 4636:120 3569:120 4569:-119 2483:248 4396:413 3954:88 3831:-386 4341:324 4829:88 4496:88 4312:479 
binary_watch -249 
watch 250 3453:177 
binary_watch 250 219:-568 1542:-331 1841:-252 1846:-251 1851:-217 1852:-187 1853:-139 1854:-16 
watch -250 5567:331 4753:-569 
binary_watch -250 
watch 251 5197:331 4467:9 3442:189 5397:256 4873:189 5109:517 5007:58 5225:471 5532:225 5366:470 3856:88 5242:196 5379:323 4368:471 
binary_watch 251 213:-569 1538:-332 1840:-252 1846:-250 1847:-218 1848:-188 1849:-140 1850:-17 
watch -251 3914:188 2646:92 5682:-200 3590:188 5222:212 4644:499 2647:300 3968:555 3921:88 3876:-219 2484:252 4107:88 5132:261 
binary_watch -251 
watch 252 5198:331 3035:281 5500:-259 4307:-249 5415:120 5599:120 3994:387 5039:231 4120:116 5091:146 2865:490 4968:458 
binary_watch 252 206:-570 1533:-333 1840:-251 1841:-250 1842:-219 1843:-189 1844:-141 1845:-18 
watch -252 5788:506 3017:389 3871:-529 2857:-390 2484:250 4909:319 4024:457 3443:570 5620:475 5711:358 3422:-579 5002:404 
binary_watch -252 
watch 253 
binary_watch 253 609:-508 1573:-322 1798:-265 1829:-255 1833:-254 1837:-190 1838:-151 1839:-133 
watch -253 2485:254 
binary_watch -253 
watch 254 
binary_watch 254 605:-509 1570:-323 1795:-266 1828:-255 1833:-253 1834:-191 1835:-152 1836:-134 
watch -254 2485:253 
binary_watch -254 
watch 255 
binary_watch 255 600:-510 1566:-324 1791:-267 1828:-254 1829:-253 1830:-192 1831:-153 1832:-135 
watch -255 
binary_watch -255 
watch 256 
binary_watch 256 843:-469 944:-451 962:-448 1021:-439 1820:-258 1823:-257 1826:-154 1827:-97 
watch -256 5202:281 3302:97 2707:97 5204:97 2486:258 5399:120 5397:-251 5398:96 
binary_watch -256 
watch 257 
binary_watch 257 837:-470 941:-452 957:-449 1015:-440 1819:-258 1823:-256 1824:-155 1825:-98 
watch -257 5361:-93 5110:98 3916:98 
binary_watch -257 
watch 258 
binary_watch 258 830:-471 937:-453 951:-450 1008:-441 1819:-257 1820:-256 1821:-156 1822:-99 
watch -258 2486:256 2886:126 2887:-349 2649:54 
binary_watch -258 
watch 259 3126:78 3516:43 5496:60 4350:159 5500:-252 4407:216 
binary_watch 259 218:-568 557:-517 783:-478 1383:-367 1811:-261 1814:-260 1817:-88 1818:-58 
watch -259 5334:281 5076:281 5240:-569 
binary_watch -259 
watch 260 3122:281 5310:281 5319:281 5331:281 5330:281 4645:88 5142:519 4808:330 3620:88 
binary_watch 260 212:-569 551:-518 779:-479 1379:-368 1810:-261 1814:-259 1815:-89 1816:-59 
watch -260 3956:-570 5428:9 2487:259 3562:-412 3559:60 5795:285 5794:366 5402:-369 5371:89 4302:-385 4038:180 5543:374 5694:44 5489:-507 4600:211 
binary_watch -260 
watch 261 3780:147 4266:396 
binary_watch 261 205:-570 544:-519 774:-480 1374:-369 1810:-260 1811:-259 1812:-90 1813:-60 
watch -261 5497:570 4346:366 5132:22 4405:88 5251:189 2487:260 3120:-368 4101:38 
binary_watch -261 
watch 262 5271:281 
binary_watch 262 38:-595 120:-583 141:-580 1769:-271 1802:-264 1805:-263 1808:-178 1809:-1 
watch -262 4147:281 3564:-179 3611:281 3779:-280 3570:281 3604:-90 2761:203 4144:-179 3647:-2 2488:263 3601:-2 2832:-589 3810:-7 3576:-584 3665:-299 3591:-299 2713:-164 3853:487 3484:91 3652:-2 4110:124 3953:106 2712:583 3854:583 4013:490 3438:362 4041:46 3589:178 3972:88 4105:88 4137:-358 4243:432 3603:490 4073:21 3872:490 3667:178 3942:225 3456:-372 3549:-89 3911:106 4111:31 3952:88 
binary_watch -262 
watch 263 5577:585 
binary_watch 263 32:-596 115:-584 135:-581 1767:-272 1801:-264 1805:-262 1806:-179 1807:-2 
watch -263 5364:281 
binary_watch -263 
watch 264 3786:389 
binary_watch 264 25:-597 109:-585 128:-582 1764:-273 1801:-263 1802:-262 1803:-180 1804:-3 
watch -264 5047:281 2488:262 5074:180 5012:575 5648:120 
binary_watch -264 
watch 265 
binary_watch 265 536:-520 1056:-433 1136:-418 1790:-267 1794:-266 1798:-253 1799:-169 1800:-10 
watch -265 4230:25 2880:-12 5296:166 2489:266 5128:-404 4336:-444 
binary_watch -265 
watch 266 
binary_watch 266 532:-521 1051:-434 1132:-419 1789:-267 1794:-265 1795:-254 1796:-170 1797:-11 
watch -266 5285:11 5284:11 5288:309 2489:265 
binary_watch -266 
watch 267 
binary_watch 267 527:-522 1045:-435 1127:-420 1789:-266 1790:-265 1791:-255 1792:-171 1793:-12 
watch -267 5246:419 
binary_watch -267 
watch 268 
binary_watch 268 519:-523 1772:-270 1778:-269 1784:-154 1785:-130 1786:-100 1787:-70 1788:-28 
watch -268 2490:269 
binary_watch -268 
watch 269 
binary_watch 269 513:-524 1771:-270 1778:-268 1779:-155 1780:-131 1781:-101 1782:-71 1783:-29 
watch -269 2931:396 2490:270 
binary_watch -269 
watch 270 
binary_watch 270 506:-525 1771:-269 1772:-268 1773:-156 1774:-132 1775:-102 1776:-72 1777:-30 
watch -270 
binary_watch -270 
watch 271 
binary_watch 271 1119:-421 1518:-337 1528:-334 1688:-292 1763:-273 1766:-272 1769:-262 1770:-37 
watch -271 2491:273 5100:337 5104:434 
binary_watch -271 
watch 272 
binary_watch 272 1115:-422 1517:-338 1525:-335 1685:-293 1762:-273 1766:-271 1767:-263 1768:-38 
watch -272 3939:-278 3937:-587 3593:293 3341:88 3220:-37 2491:271 3170:257 
binary_watch -272 
watch 273 
binary_watch 273 1110:-423 1515:-339 1521:-336 1681:-294 1762:-272 1763:-271 1764:-264 1765:-39 
watch -273 4031:-312 4027:-2 3973:-474 3710:-159 2808:-136 4068:-2 4130:-588 2741:473 4104:457 
binary_watch -273 
watch 274 
binary_watch 274 82:-589 682:-496 1367:-370 1458:-352 1687:-292 1757:-276 1759:-275 1761:-37 
watch -274 2492:276 5554:120 
binary_watch -274 
watch 275 2746:498 4521:331 
binary_watch 275 76:-590 677:-497 1361:-371 1456:-353 1684:-293 1756:-276 1759:-274 1760:-38 
watch -275 2975:-488 3320:316 2492:274 3075:284 
binary_watch -275 
watch 276 4925:281 3252:235 4884:96 
binary_watch 276 69:-591 671:-498 1354:-372 1453:-354 1680:-294 1756:-275 1757:-274 1758:-39 
watch -276 4032:-18 3010:-89 3347:149 
binary_watch -276 
watch 277 3464:9 
binary_watch 277 500:-526 884:-463 1336:-376 1745:-279 1749:-278 1753:-211 1754:-49 1755:-7 
watch -277 2493:278 5503:211 
binary_watch -277 
watch 278 4732:-243 
binary_watch 278 495:-527 878:-464 1332:-377 1744:-279 1749:-277 1750:-212 1751:-50 1752:-8 
watch -278 4616:281 4472:281 3421:-7 3821:212 5715:212 2493:277 4617:-136 5700:-78 5701:-2 5445:587 3386:50 3385:-378 4894:390 3376:490 3903:581 4615:432 
binary_watch -278 
watch 279 5467:432 5393:587 3822:49 5410:390 5396:177 5394:103 5438:324 5390:545 4893:-242 4783:284 5490:59 5667:-58 5491:59 5469:248 
binary_watch 279 489:-528 871:-465 1327:-378 1744:-278 1745:-277 1746:-213 1747:-51 1748:-9 
watch -279 
binary_watch -279 
watch 280 5095:329 4300:536 3769:-3 5134:485 4530:88 5021:180 4280:443 3779:262 4441:347 4301:-348 5072:-473 4481:208 3773:563 3774:106 5133:183 3583:150 5181:-574 4486:309 
binary_watch 280 556:-517 1074:-430 1551:-328 1630:-307 1736:-282 1739:-281 1742:-214 1743:-178 
watch -280 2494:281 
binary_watch -280 
watch 281 
binary_watch 281 550:-518 1069:-431 1550:-329 1627:-308 1735:-282 1739:-280 1740:-215 1741:-179 
watch -281 4864:88 5084:-3 5259:576 5346:518 5365:226 3543:-89 3317:-89 5345:124 4888:328 4978:357 4673:88 3035:-252 2494:280 3896:88 3770:88 3610:88 3612:-89 4365:88 4168:88 3775:-90 4294:88 4576:88 4580:88 4557:88 4316:88 5177:414 4692:576 4744:88 4737:88 4774:88 5339:429 5125:576 5340:331 5205:576 5193:576 5111:576 5174:-180 3657:88 5136:469 4706:216 5196:469 5158:-414 5116:469 4833:88 4818:88 4690:88 5202:256 5330:-260 5331:-260 5289:340 4443:145 4713:88 4541:88 4177:88 4853:88 5159:-413 5156:407 4886:186 4848:88 4882:498 5310:-260 4832:88 4657:216 4962:328 4960:575 4865:575 5199:229 4817:216 4190:359 4147:262 3043:60 4795:216 4345:-443 3787:180 4796:-214 3789:527 4742:115 4714:216 4602:216 4813:69 4747:69 4715:216 4781:424 4799:60 5112:199 4342:307 3611:262 5272:246 4192:-507 4669:330 4472:278 4631:-43 4577:557 5269:358 5335:-58 5304:319 5271:-262 5349:513 5318:404 4983:-58 5034:-203 5063:306 4926:358 4972:586 4924:575 4925:-276 4985:127 4970:586 5023:-574 4745:586 4767:586 4399:330 4889:118 4672:-58 4746:-473 4809:-58 4775:474 4974:-58 4439:393 5170:328 4903:25 4915:358 4786:216 4916:-498 4995:25 4913:393 5025:-358 4538:216 4958:364 4907:358 5099:59 4762:-406 4758:389 3655:-2 5050:-188 4906:99 4887:307 5163:305 4988:-569 4963:586 5185:414 5077:519 3654:-488 4905:307 5153:409 5035:-59 5186:588 5080:183 4919:98 4921:307 4885:249 4661:330 4892:222 5018:37 4469:-366 4812:517 4643:-43 4691:27 4842:517 4286:58 4621:27 4976:-58 4933:-58 4948:84 5106:555 4599:235 4979:163 3331:490 3122:-260 4950:358 4263:26 4849:206 4642:-43 4984:209 4423:346 3967:519 5103:478 4675:76 4868:307 5048:368 4654:-586 5353:-566 5274:-167 5149:180 4782:88 3788:106 5179:-574 4671:88 4731:88 4720:88 4705:88 5334:259 4616:278 4967:478 4689:576 4980:-58 4987:365 4415:396 4627:-43 4811:443 4814:88 4630:549 4304:-413 4751:584 4769:207 4314:397 4772:462 4140:152 4478:353 3330:133 4653:-18 4487:511 5057:358 5343:504 4920:-498 5076:259 5264:581 5266:482 4891:449 4759:-300 3570:262 5069:306 5067:-43 5056:43 4973:493 4981:-366 5066:-43 5052:203 4289:-462 5049:180 4635:216 4578:-247 5326:387 4773:235 4371:426 4606:-22 5045:180 5058:478 4166:480 5102:224 5115:469 5119:-196 5093:-198 5148:469 5147:186 5277:-513 5364:263 4604:-136 4803:-136 2828:81 4574:-328 4766:495 4788:216 4650:568 4883:285 4707:27 4704:27 5060:513 5017:319 5047:264 5319:-260 4768:-136 5073:414 4748:426 4764:394 4765:394 4608:432 4652:27 4761:216 5169:180 5043:330 4626:-570 4440:534 3772:214 4945:-3 5341:567 4461:60 2744:-39 4648:216 4807:216 4614:-22 5308:-462 4878:189 4625:62 5167:-574 4982:328 4872:328 5144:168 5022:31 4977:173 5117:178 
binary_watch -281 
watch 282 3658:88 5024:25 5314:-412 5178:347 5184:-412 
binary_watch 282 543:-519 1063:-432 1548:-330 1623:-309 1735:-281 1736:-280 1737:-216 1738:-180 
watch -282 
binary_watch -282 
watch 283 3836:126 3050:490 3302:256 2850:456 3320:275 
binary_watch 283 381:-544 1020:-439 1721:-285 1726:-284 1731:-241 1732:-238 1733:-211 1734:-124 
watch -283 5807:-473 
binary_watch -283 
watch 284 
binary_watch 284 375:-545 1014:-440 1720:-285 1726:-283 1727:-242 1728:-239 1729:-212 1730:-125 
watch -284 3800:9 4783:-279 2495:285 4094:-2 2653:106 2609:212 3642:157 4004:135 4018:-529 2629:-494 3589:262 3075:-396 2644:126 5575:386 3079:490 3281:208 5556:405 3355:362 3074:133 2701:-175 3336:-492 
binary_watch -284 
watch 285 4021:585 
binary_watch 285 368:-546 1007:-441 1720:-284 1721:-283 1722:-243 1723:-240 1724:-213 1725:-126 
watch -285 4883:281 5646:-99 5647:9 2495:284 5692:-3 5472:-3 5451:237 5701:278 5650:126 5598:126 
binary_watch -285 
watch 286 5419:120 
binary_watch 286 943:-451 1091:-427 1706:-288 1711:-287 1716:-214 1717:-37 1718:-34 1719:-4 
watch -286 
binary_watch -286 
watch 287 5208:427 4226:419 
binary_watch 287 940:-452 1087:-428 1705:-288 1711:-286 1712:-215 1713:-38 1714:-35 1715:-5 
watch -287 5525:9 5549:374 5528:374 5531:211 5514:374 5070:44 2496:288 4594:235 5409:498 4623:358 5550:120 4740:248 5214:452 2774:-453 4069:37 5407:120 5391:443 5778:575 5512:120 
binary_watch -287 
watch 288 5207:559 5224:-178 5555:177 5219:559 5229:180 
binary_watch 288 936:-453 1082:-429 1705:-287 1706:-286 1707:-216 1708:-39 1709:-36 1710:-6 
watch -288 5482:-7 2496:287 3585:36 3268:432 
binary_watch -288 
watch 289 4043:152 
binary_watch 289 439:-535 1604:-313 1691:-291 1696:-290 1701:-223 1702:-193 1703:-151 1704:-85 
watch -289 2611:-7 4106:-136 2497:291 4489:511 5424:-118 
binary_watch -289 
watch 290 
binary_watch 290 433:-536 1599:-314 1690:-291 1696:-289 1697:-224 1698:-194 1699:-152 1700:-86 
watch -290 2497:289 4624:166 
binary_watch -290 
watch 291 
binary_watch 291 426:-537 1593:-315 1690:-290 1691:-289 1692:-225 1693:-195 1694:-153 1695:-87 
watch -291 4579:199 3414:163 
binary_watch -291 
watch 292 4010:222 
binary_watch 292 59:-592 102:-586 480:-529 1679:-294 1683:-293 1687:-274 1688:-271 1689:-16 
watch -292 4815:-298 2498:294 4895:554 
binary_watch -292 
watch 293 4072:117 
binary_watch 293 53:-593 96:-587 474:-530 1678:-294 1683:-292 1684:-275 1685:-272 1686:-17 
watch -293 4125:-586 
binary_watch -293 
watch 294 
binary_watch 294 46:-594 89:-588 467:-531 1678:-293 1679:-292 1680:-276 1681:-273 1682:-18 
watch -294 2498:292 
binary_watch -294 
watch 295 
binary_watch 295 199:-571 576:-514 608:-508 1667:-297 1671:-296 1675:-55 1676:-52 1677:-4 
watch -295 2777:174 2628:-393 
binary_watch -295 
watch 296 
binary_watch 296 194:-572 570:-515 604:-509 1666:-297 1671:-295 1672:-56 1673:-53 1674:-5 
watch -296 5771:-124 2499:297 3354:490 4908:525 
binary_watch -296 
watch 297 
binary_watch 297 188:-573 563:-516 599:-510 1666:-296 1667:-295 1668:-57 1669:-54 1670:-6 
watch -297 2499:295 2693:410 
binary_watch -297 
watch 298 5493:189 3560:126 3681:328 4815:292 4361:22 3596:284 4165:230 5485:528 5465:538 4823:307 5663:34 5509:387 5605:-200 
binary_watch 298 624:-505 730:-487 1642:-304 1655:-300 1659:-299 1663:-187 1664:-157 1665:-88 
watch -298 4667:-136 4825:-136 4966:-3 4923:-395 
binary_watch -298 
watch 299 2980:505 4845:306 5545:39 5548:501 4357:477 3413:490 5151:319 
binary_watch 299 619:-506 726:-488 1639:-305 1654:-300 1659:-298 1660:-188 1661:-158 1662:-89 
watch -299 4254:125 2500:300 5619:120 5417:120 5774:120 5416:120 4145:146 5721:575 
binary_watch -299 
watch 300 4759:281 4573:434 
binary_watch 300 613:-507 721:-489 1635:-306 1654:-299 1655:-298 1656:-189 1657:-159 1658:-90 
watch -300 3740:-124 2647:-125 3749:126 3818:-285 5476:563 5478:501 2500:299 4437:-576 4363:189 5794:260 4806:364 4805:387 3754:359 5480:507 5479:424 4546:-108 5400:382 3755:189 5636:-187 4585:104 2879:-591 5481:374 
binary_watch -300 
watch 301 5306:505 
binary_watch 301 575:-514 769:-481 1037:-436 1509:-340 1646:-303 1649:-302 1652:-223 1653:-13 
watch -301 4238:-2 4436:-574 4321:-347 2943:340 5281:340 2501:303 4318:405 2809:235 4334:517 4056:88 
binary_watch -301 
watch 302 
binary_watch 302 569:-515 763:-482 1032:-437 1505:-341 1645:-303 1649:-301 1650:-224 1651:-14 
watch -302 2501:301 3113:490 5062:-180 
binary_watch -302 
watch 303 
binary_watch 303 562:-516 756:-483 1026:-438 1500:-342 1645:-302 1646:-301 1647:-225 1648:-15 
watch -303 2632:-493 
binary_watch -303 
watch 304 5122:-252 5004:432 5320:216 5332:183 5596:243 4179:414 
binary_watch 304 802:-475 1161:-412 1237:-397 1634:-306 1638:-305 1642:-298 1643:-214 1644:-181 
watch -304 
binary_watch -304 
watch 305 
binary_watch 305 797:-476 1156:-413 1232:-398 1633:-306 1638:-304 1639:-299 1640:-215 1641:-182 
watch -305 5163:281 2502:306 3012:-43 2812:206 4549:59 5107:257 5360:-507 5090:-366 5118:-519 5256:24 
binary_watch -305 
watch 306 4871:591 
binary_watch 306 791:-477 1150:-414 1226:-399 1633:-305 1634:-304 1635:-300 1636:-216 1637:-183 
watch -306 5063:281 5069:281 5746:-507 4845:-299 2502:305 3127:120 
binary_watch -306 
watch 307 4283:167 
binary_watch 307 998:-442 1135:-418 1477:-346 1622:-309 1626:-308 1630:-280 1631:-127 1632:-58 
watch -307 2503:309 4342:281 4921:281 4887:281 4905:281 4868:281 4297:214 5192:214 4993:196 4917:328 5120:-574 4347:58 5092:570 4823:-298 5094:419 
binary_watch -307 
watch 308 
binary_watch 308 993:-443 1131:-419 1474:-347 1621:-309 1626:-307 1627:-281 1628:-128 1629:-59 
watch -308 
binary_watch -308 
watch 309 
binary_watch 309 987:-444 1126:-420 1470:-348 1621:-308 1622:-307 1623:-282 1624:-129 1625:-60 
watch -309 2503:307 4785:88 4547:-77 5257:432 4486:-280 4763:60 5255:60 5254:-507 5287:161 5303:-429 5288:266 
binary_watch -309 
watch 310 5708:21 
binary_watch 310 182:-574 198:-571 1248:-394 1610:-312 1614:-311 1618:-124 1619:-106 1620:-19 
watch -310 2504:311 4947:574 4789:574 4946:330 4267:399 3732:46 3637:-328 5194:224 4800:-59 5709:394 3734:46 4550:59 2890:-227 
binary_watch -310 
watch 311 4696:-2 4270:574 4456:-480 4459:165 5013:330 
binary_watch 311 176:-575 193:-572 1246:-395 1609:-312 1614:-310 1615:-125 1616:-107 1617:-20 
watch -311 2504:310 4028:9 4827:-159 5564:9 4712:27 3947:575 3653:575 4790:575 4828:178 
binary_watch -311 
watch 312 5042:-495 5678:101 3298:575 3922:575 5460:45 3997:117 4647:247 5464:115 4664:519 4030:118 5447:120 4031:273 4143:46 2607:137 
binary_watch 312 169:-576 187:-573 1243:-396 1609:-311 1610:-310 1611:-126 1612:-108 1613:-21 
watch -312 5770:-43 5806:-138 
binary_watch -312 
watch 313 5785:575 
binary_watch 313 662:-499 1592:-315 1598:-314 1604:-289 1605:-226 1606:-61 1607:-7 1608:-4 
watch -313 3579:-215 2505:314 5714:543 3226:352 5675:199 5471:120 5710:196 5705:196 2969:450 3236:386 
binary_watch -313 
watch 314 3897:15 
binary_watch 314 657:-500 1591:-315 1598:-313 1599:-290 1600:-227 1601:-62 1602:-8 1603:-5 
watch -314 2505:313 5750:221 5547:120 5546:120 
binary_watch -314 
watch 315 4787:43 3406:62 5670:78 
binary_watch 315 651:-501 1591:-314 1592:-313 1593:-291 1594:-228 1595:-63 1596:-9 1597:-6 
watch -315 3476:9 
binary_watch -315 
watch 316 3447:84 
binary_watch 316 241:-565 479:-529 1177:-409 1366:-370 1457:-352 1586:-318 1588:-317 1590:-82 
watch -316 3170:272 2905:35 2962:352 
binary_watch -316 
watch 317 3168:84 2915:352 2966:370 
binary_watch 317 235:-566 473:-530 1173:-410 1360:-371 1455:-353 1585:-318 1588:-316 1589:-83 
watch -317 2506:318 
binary_watch -317 
watch 318 3478:9 2916:490 
binary_watch 318 228:-567 466:-531 1168:-411 1353:-372 1452:-354 1585:-317 1586:-316 1587:-84 
watch -318 3166:-557 2506:317 3448:84 3002:490 2675:210 
binary_watch -318 
watch 319 
binary_watch 319 592:-511 681:-496 768:-481 1263:-391 1577:-321 1580:-320 1583:-169 1584:-88 
watch -319 5304:281 5017:281 5040:-3 4955:-3 5078:-555 5105:555 5127:-196 4911:358 4909:276 4951:214 4952:-568 5220:180 5151:168 5283:-451 5278:-244 
binary_watch -319 
watch 320 4899:498 5294:166 
binary_watch 320 588:-512 676:-497 762:-482 1258:-392 1576:-321 1580:-319 1581:-170 1582:-89 
watch -320 3791:159 2507:321 4484:159 5504:480 
binary_watch -320 
watch 321 5285:266 
binary_watch 321 583:-513 670:-498 755:-483 1252:-393 1576:-320 1577:-319 1578:-171 1579:-90 
watch -321 2507:320 3024:337 
binary_watch -321 
watch 322 
binary_watch 322 399:-541 931:-454 1236:-397 1565:-324 1569:-323 1573:-253 1574:-187 1575:-79 
watch -322 2508:324 3845:140 3819:592 4397:-395 
binary_watch -322 
watch 323 
binary_watch 323 394:-542 925:-455 1231:-398 1564:-324 1569:-322 1570:-254 1571:-188 1572:-80 
watch -323 5379:-251 
binary_watch -323 
watch 324 4542:548 
binary_watch 324 388:-543 918:-456 1225:-399 1564:-323 1565:-322 1566:-255 1567:-189 1568:-81 
watch -324 5082:-418 5533:-103 5013:-311 3548:565 2508:322 4341:307 
binary_watch -324 
watch 325 
binary_watch 325 864:-466 1019:-439 1446:-355 1553:-327 1557:-326 1561:-220 1562:-70 1563:-49 
watch -325 3277:241 
binary_watch -325 
watch 326 
binary_watch 326 858:-467 1013:-440 1442:-356 1552:-327 1557:-325 1558:-221 1559:-71 1560:-50 
watch -326 5741:50 3178:-49 3311:-468 2509:325 
binary_watch -326 
watch 327 
binary_watch 327 851:-468 1006:-441 1437:-357 1552:-326 1553:-325 1554:-222 1555:-72 1556:-51 
watch -327 4245:-25 2509:326 
binary_watch -327 
watch 328 4574:281 5229:-288 5231:576 
binary_watch 328 181:-574 217:-568 623:-505 1207:-403 1429:-358 1547:-330 1549:-329 1551:-280 
watch -328 2510:330 5170:281 4888:281 4962:281 4872:281 4851:568 4982:281 3681:-298 4075:-570 3915:-570 3691:126 3728:568 4861:-570 5145:-570 
binary_watch -328 
watch 329 4686:568 4904:568 4902:568 4212:251 4710:88 4771:590 5036:453 4779:499 4757:553 5140:588 
binary_watch 329 175:-575 211:-569 618:-506 1203:-404 1423:-359 1546:-330 1549:-328 1550:-281 
watch -329 5095:-280 
binary_watch -329 
watch 330 4681:126 
binary_watch 330 168:-576 204:-570 612:-507 1198:-405 1416:-360 1546:-329 1547:-328 1548:-282 
watch -330 2510:328 4669:281 4399:281 4661:281 5043:281 5317:-126 5261:-505 4235:-568 4942:-574 4688:21 4700:576 4237:517 5270:519 4236:570 4678:387 4687:477 4808:529 5322:366 4042:196 4946:310 4260:-387 5265:387 5344:504 5138:186 4685:108 4564:434 4479:367 
binary_watch -330 
watch 331 5755:-43 5704:505 5744:-545 
binary_watch 331 842:-469 930:-454 1532:-333 1537:-332 1542:-250 1543:-217 1544:-67 1545:-22 
watch -331 5197:-251 5198:-252 5340:281 5567:250 5751:91 5595:68 5732:196 4040:-594 5718:45 5756:385 5536:287 5374:-177 4521:84 2511:333 4305:23 4378:484 5707:374 
binary_watch -331 
watch 332 5392:-84 
binary_watch 332 836:-470 924:-455 1531:-333 1537:-331 1538:-251 1539:-218 1540:-68 1541:-23 
watch -332 
binary_watch -332 
watch 333 4331:384 
binary_watch 333 829:-471 917:-456 1531:-332 1532:-331 1533:-252 1534:-219 1535:-69 1536:-24 
watch -333 5601:-507 2511:331 
binary_watch -333 
watch 334 5218:559 
binary_watch 334 748:-484 1090:-427 1320:-379 1520:-336 1524:-335 1528:-271 1529:-163 1530:-82 
watch -334 2778:-172 
binary_watch -334 
watch 335 
binary_watch 335 743:-485 1086:-428 1316:-380 1519:-336 1524:-334 1525:-272 1526:-164 1527:-83 
watch -335 2512:334 
binary_watch -335 
watch 336 
binary_watch 336 737:-486 1081:-429 1311:-381 1519:-335 1520:-334 1521:-273 1522:-165 1523:-84 
watch -336 2512:335 
binary_watch -336 
watch 337 
binary_watch 337 81:-589 417:-538 961:-448 1055:-433 1247:-394 1514:-339 1516:-338 1518:-271 
watch -337 2716:98 4172:158 3024:321 2513:339 5100:271 4932:419 
binary_watch -337 
watch 338 
binary_watch 338 75:-590 412:-539 956:-449 1050:-434 1245:-395 1513:-339 1516:-337 1517:-272 
watch -338 5143:120 5206:538 4203:-89 4293:245 2513:337 5166:-407 
binary_watch -338 
watch 339 
binary_watch 339 68:-591 406:-540 950:-450 1044:-435 1242:-396 1513:-338 1514:-337 1515:-273 
watch -339 
binary_watch -339 
watch 340 
binary_watch 340 555:-517 801:-475 1499:-342 1504:-341 1509:-301 1510:-175 1511:-13 1512:-10 
watch -340 5289:281 5631:126 2943:301 5281:301 2514:342 5632:389 4548:305 4333:517 4330:517 4313:535 5141:443 
binary_watch -340 
watch 341 3343:455 
binary_watch 341 549:-518 796:-476 1498:-342 1504:-340 1505:-302 1506:-176 1507:-14 1508:-11 
watch -341 2514:340 
binary_watch -341 
watch 342 
binary_watch 342 542:-519 790:-477 1498:-341 1499:-340 1500:-303 1501:-177 1502:-15 1503:-12 
watch -342 3904:-586 5010:-3 5623:-203 
binary_watch -342 
watch 343 
binary_watch 343 461:-532 1481:-345 1487:-344 1493:-178 1494:-145 1495:-130 1496:-121 1497:-109 
watch -343 2515:344 
binary_watch -343 
watch 344 
binary_watch 344 455:-533 1480:-345 1487:-343 1488:-179 1489:-146 1490:-131 1491:-122 1492:-110 
watch -344 3196:-29 4217:85 4413:212 3783:402 
binary_watch -344 
watch 345 
binary_watch 345 448:-534 1480:-344 1481:-343 1482:-180 1483:-147 1484:-132 1485:-123 1486:-111 
watch -345 2515:343 
binary_watch -345 
watch 346 5450:128 
binary_watch 346 262:-562 898:-460 1235:-397 1469:-348 1473:-347 1477:-307 1478:-247 1479:-112 
watch -346 4423:281 2516:348 
binary_watch -346 
watch 347 4321:214 4311:460 
binary_watch 347 256:-563 895:-461 1230:-398 1468:-348 1473:-346 1474:-308 1475:-248 1476:-113 
watch -347 4441:-280 5178:-282 4400:-77 5724:107 
binary_watch -347 
watch 348 4301:-280 
binary_watch 348 249:-564 891:-462 1224:-399 1468:-347 1469:-346 1470:-309 1471:-249 1472:-114 
watch -348 4290:-60 2516:347 4308:517 
binary_watch -348 
watch 349 2887:258 4249:209 
binary_watch 349 197:-571 380:-544 980:-445 1193:-406 1460:-351 1463:-350 1466:-205 1467:-193 
watch -349 4592:-197 4589:-197 4039:-124 2709:46 4034:46 5462:205 2517:351 3439:-84 2871:39 
binary_watch -349 
watch 350 3260:57 3121:205 
binary_watch 350 192:-572 374:-545 974:-446 1189:-407 1459:-351 1463:-349 1464:-206 1465:-194 
watch -350 3406:-315 2517:349 2886:258 2990:-39 5537:186 
binary_watch -350 
watch 351 2690:97 
binary_watch 351 186:-573 367:-546 967:-447 1184:-408 1459:-350 1460:-349 1461:-207 1462:-195 
watch -351 4324:-26 5606:587 4567:499 5608:425 5430:209 3910:548 
binary_watch -351 
watch 352 
binary_watch 352 359:-547 460:-532 863:-466 1192:-406 1451:-354 1454:-353 1457:-316 1458:-274 
watch -352 2856:-49 3226:446 3814:534 2518:353 2915:-317 3815:511 2952:506 2962:-487 2914:-84 
binary_watch -352 
watch 353 
binary_watch 353 354:-548 454:-533 857:-467 1188:-407 1450:-354 1454:-352 1455:-317 1456:-275 
watch -353 4478:281 5641:120 
binary_watch -353 
watch 354 3190:490 
binary_watch 354 348:-549 447:-534 850:-468 1183:-408 1450:-353 1451:-352 1452:-318 1453:-276 
watch -354 2518:352 3022:-16 3403:88 3380:511 2823:504 
binary_watch -354 
watch 355 
binary_watch 355 300:-556 607:-508 1436:-357 1441:-356 1446:-325 1447:-121 1448:-49 1449:-19 
watch -355 3946:-47 
binary_watch -355 
watch 356 
binary_watch 356 295:-557 603:-509 1435:-357 1441:-355 1442:-326 1443:-122 1444:-50 1445:-20 
watch -356 5741:326 2519:355 3178:326 
binary_watch -356 
watch 357 
binary_watch 357 289:-558 598:-510 1435:-356 1436:-355 1437:-327 1438:-123 1439:-51 1440:-21 
watch -357 4978:281 2519:356 
binary_watch -357 
watch 358 5025:281 
binary_watch 358 1415:-360 1422:-359 1429:-328 1430:-196 1431:-136 1432:-58 1433:-37 1434:-31 
watch -358 4926:281 4915:281 5269:281 4907:281 4950:281 5057:281 4957:-568 4949:-568 2520:359 4623:287 4956:432 4836:328 4629:125 4954:555 5762:196 5730:196 4918:328 2980:-299 4839:-472 4938:196 5764:196 5706:-554 4127:-587 5258:573 4001:544 4133:573 5711:-331 5685:571 4216:457 5649:570 5211:21 4457:430 4941:199 4914:328 4917:307 5722:387 3230:37 5028:575 
binary_watch -358 
watch 359 4936:432 4637:328 4069:287 2815:39 
binary_watch 359 1414:-360 1422:-358 1423:-329 1424:-197 1425:-137 1426:-59 1427:-38 1428:-32 
watch -359 4190:281 
binary_watch -359 
watch 360 4605:328 4841:259 4129:487 3519:530 4622:451 
binary_watch 360 1414:-359 1415:-358 1416:-330 1417:-198 1418:-138 1419:-60 1420:-39 1421:-33 
watch -360 2520:358 
binary_watch -360 
watch 361 
binary_watch 361 343:-550 398:-541 767:-481 1335:-376 1406:-363 1409:-362 1412:-238 1413:-64 
watch -361 2521:362 
binary_watch -361 
watch 362 
binary_watch 362 337:-551 393:-542 761:-482 1331:-377 1405:-363 1409:-361 1410:-239 1411:-65 
watch -362 3352:-93 3842:-378 3355:285 2521:361 5389:-105 
binary_watch -362 
watch 363 
binary_watch 363 330:-552 387:-543 754:-483 1326:-378 1405:-362 1406:-361 1407:-240 1408:-66 
watch -363 
binary_watch -363 
watch 364 5086:555 
binary_watch 364 1262:-391 1388:-366 1394:-365 1400:-187 1401:-163 1402:-106 1403:-94 1404:-58 
watch -364 4958:281 5210:-569 
binary_watch -364 
watch 365 5003:432 
binary_watch 365 1257:-392 1387:-366 1394:-364 1395:-188 1396:-164 1397:-107 1398:-95 1399:-59 
watch -365 4987:281 3980:188 3428:-16 2637:-108 2522:366 3771:-587 
binary_watch -365 
watch 366 4469:281 4981:281 5280:58 5090:183 
binary_watch 366 1251:-393 1387:-365 1388:-364 1389:-189 1390:-165 1391:-108 1392:-96 1393:-60 
watch -366 5322:432 4346:-58 5478:300 5354:-94 5234:165 4998:477 5328:330 5327:429 5301:513 5665:-248 5297:551 5233:-492 2522:364 5298:559 4997:477 5307:429 5315:-412 
binary_watch -366 
watch 367 5404:-176 4282:301 
binary_watch 367 646:-502 766:-481 1373:-369 1378:-368 1383:-259 1384:-226 1385:-148 1386:-10 
watch -367 4560:-9 3436:259 2523:369 4438:-278 4856:-300 4855:-127 4479:359 3624:577 4197:503 3015:119 
binary_watch -367 
watch 368 3120:60 
binary_watch 368 640:-503 760:-482 1372:-369 1378:-367 1379:-260 1380:-227 1381:-149 1382:-11 
watch -368 5048:281 4901:-3 3126:-259 5000:404 3117:-228 5293:11 5294:-320 2762:149 2523:367 
binary_watch -368 
watch 369 5402:366 5387:366 2625:482 
binary_watch 369 633:-504 753:-483 1372:-368 1373:-367 1374:-261 1375:-228 1376:-150 1377:-12 
watch -369 5375:-546 5524:443 4232:505 
binary_watch -369 
watch 370 
binary_watch 370 1352:-372 1359:-371 1366:-316 1367:-274 1368:-247 1369:-82 1370:-70 1371:-64 
watch -370 2524:371 
binary_watch -370 
watch 371 2919:212 
binary_watch 371 1351:-372 1359:-370 1360:-317 1361:-275 1362:-248 1363:-83 1364:-71 1365:-65 
watch -371 
binary_watch -371 
watch 372 3456:262 
binary_watch 372 1351:-371 1352:-370 1353:-318 1354:-276 1355:-249 1356:-84 1357:-72 1358:-66 
watch -372 2524:370 3480:-506 3448:318 3447:-316 
binary_watch -372 
watch 373 2695:575 
binary_watch 373 159:-577 320:-553 1073:-430 1340:-375 1344:-374 1348:-211 1349:-148 1350:-121 
watch -373 
binary_watch -373 
watch 374 5690:156 
binary_watch 374 154:-578 314:-554 1068:-431 1339:-375 1344:-373 1345:-212 1346:-149 1347:-122 
watch -374 5473:-7 5495:-2 2525:373 5470:120 5449:501 5519:120 5505:501 5494:250 5520:120 3299:528 3028:433 5448:248 2984:118 5539:133 5590:120 5475:120 5481:555 5544:-498 2604:245 5580:120 5549:287 
binary_watch -374 
watch 375 2721:235 3101:133 2929:71 2758:449 
binary_watch 375 148:-579 307:-555 1062:-432 1339:-374 1340:-373 1341:-213 1342:-150 1343:-123 
watch -375 2635:432 4780:432 4640:76 2621:432 5754:-91 3264:432 4683:-474 5768:-159 2525:374 2706:-546 
binary_watch -375 
watch 376 5473:374 3182:490 3866:428 3290:490 2866:490 
binary_watch 376 342:-550 1280:-388 1325:-378 1330:-377 1335:-361 1336:-277 1337:-214 1338:-49 
watch -376 
binary_watch -376 
watch 377 
binary_watch 377 336:-551 1275:-389 1324:-378 1330:-376 1331:-362 1332:-278 1333:-215 1334:-50 
watch -377 2526:378 
binary_watch -377 
watch 378 3385:278 
binary_watch 378 329:-552 1269:-390 1324:-377 1325:-376 1326:-363 1327:-279 1328:-216 1329:-51 
watch -378 5783:51 2526:377 2658:51 3190:-354 3165:-233 3482:581 
binary_watch -378 
watch 379 
binary_watch 379 1145:-415 1176:-409 1310:-381 1315:-380 1320:-334 1321:-229 1322:-172 1323:-43 
watch -379 2527:381 5731:386 4612:486 3892:-566 5748:196 5733:553 5753:196 
binary_watch -379 
watch 380 
binary_watch 380 1143:-416 1172:-410 1309:-381 1315:-379 1316:-335 1317:-230 1318:-173 1319:-44 
watch -380 2527:379 
binary_watch -380 
watch 381 
binary_watch 381 1140:-417 1167:-411 1309:-380 1310:-379 1311:-336 1312:-231 1313:-174 1314:-45 
watch -381 
binary_watch -381 
watch 382 5712:331 5563:458 5571:126 5573:126 
binary_watch 382 841:-469 911:-457 929:-454 1298:-384 1302:-383 1306:-148 1307:-127 1308:-103 
watch -382 5400:126 5456:9 5401:457 
binary_watch -382 
watch 383 3185:584 
binary_watch 383 835:-470 908:-458 923:-455 1297:-384 1302:-382 1303:-149 1304:-128 1305:-104 
watch -383 4364:58 3350:-105 2528:384 
binary_watch -383 
watch 384 
binary_watch 384 828:-471 904:-459 916:-456 1297:-383 1298:-382 1299:-150 1300:-129 1301:-105 
watch -384 2528:382 4331:-333 5740:-493 4927:419 2601:490 2989:544 
binary_watch -384 
watch 385 3687:138 4298:214 4302:260 
binary_watch 385 180:-574 1160:-412 1191:-406 1286:-387 1290:-386 1294:-229 1295:-217 1296:-16 
watch -385 5182:-518 5756:68 3221:88 2529:387 5787:387 5171:-118 3715:214 5309:387 4810:39 5200:407 5165:-118 5511:20 5161:359 4752:457 4315:570 5162:120 5572:570 4996:396 
binary_watch -385 
watch 386 5726:138 5686:231 3831:261 5188:220 5183:77 3225:429 3652:262 3429:511 
binary_watch 386 174:-575 1155:-413 1187:-407 1285:-387 1290:-385 1291:-230 1292:-218 1293:-17 
watch -386 5235:-495 3676:413 3236:37 5575:576 
binary_watch -386 
watch 387 4260:126 4080:88 5515:424 3635:46 5249:419 4119:31 
binary_watch 387 167:-576 1149:-414 1182:-408 1285:-386 1286:-385 1287:-231 1288:-219 1289:-18 
watch -387 5326:281 3636:517 5787:385 5265:330 3994:-252 4805:189 5065:586 5356:126 4052:430 5309:385 5509:211 4678:330 4677:-60 5046:31 5311:429 5302:230 5321:18 3963:412 4717:487 4875:351 5529:21 2529:385 5039:-252 4396:249 5328:366 5722:181 4930:128 4944:419 4036:-16 5075:328 3993:46 5070:287 4035:-594 5723:575 
binary_watch -387 
watch 388 
binary_watch 388 716:-490 1268:-390 1274:-389 1280:-376 1281:-241 1282:-175 1283:-94 1284:-46 
watch -388 
binary_watch -388 
watch 389 
binary_watch 389 713:-491 1267:-390 1274:-388 1275:-377 1276:-242 1277:-176 1278:-95 1279:-47 
watch -389 4758:281 5632:-495 3849:-278 3213:548 3868:592 3862:592 2530:390 3846:592 3785:76 3017:252 3867:88 3415:490 5640:531 3865:88 
binary_watch -389 
watch 390 3342:490 
binary_watch 390 709:-492 1267:-389 1268:-388 1269:-378 1270:-243 1271:-177 1272:-96 1273:-48 
watch -390 5410:-279 2530:389 4894:278 
binary_watch -390 
watch 391 
binary_watch 391 319:-553 1250:-393 1256:-392 1262:-364 1263:-319 1264:-160 1265:-142 1266:-55 
watch -391 5041:-3 
binary_watch -391 
watch 392 
binary_watch 392 313:-554 1249:-393 1256:-391 1257:-365 1258:-320 1259:-161 1260:-143 1261:-56 
watch -392 2626:143 2621:375 4871:-306 2531:393 
binary_watch -392 
watch 393 2628:576 5071:224 
binary_watch 393 306:-555 1249:-392 1250:-391 1251:-366 1252:-321 1253:-162 1254:-144 1255:-57 
watch -393 4913:281 4439:281 3830:-18 2531:391 4890:-498 5297:366 2635:375 4914:358 
binary_watch -393 
watch 394 5681:500 
binary_watch 394 179:-574 261:-562 702:-493 910:-457 1241:-396 1244:-395 1247:-337 1248:-310 
watch -394 4764:281 4765:281 
binary_watch -394 
watch 395 4928:180 4397:322 4844:178 4923:181 
binary_watch 395 173:-575 255:-563 696:-494 907:-458 1240:-396 1244:-394 1245:-338 1246:-311 
watch -395 4702:-7 2532:396 
binary_watch -395 
watch 396 
binary_watch 396 166:-576 248:-564 689:-495 903:-459 1240:-395 1241:-394 1242:-339 1243:-312 
watch -396 4415:281 4711:203 2630:576 2623:576 2643:576 4674:576 4142:576 5725:553 3076:507 5618:507 4019:565 4996:385 3029:88 2532:395 4547:309 3891:-445 5454:452 4266:494 2901:490 3084:46 4027:273 5333:479 2931:269 
binary_watch -396 
watch 397 
binary_watch 397 299:-556 1223:-399 1229:-398 1235:-346 1236:-322 1237:-304 1238:-145 1239:-115 
watch -397 4314:281 2533:399 4931:543 4793:443 5055:513 
binary_watch -397 
watch 398 
binary_watch 398 294:-557 1222:-399 1229:-397 1230:-347 1231:-323 1232:-305 1233:-146 1234:-116 
watch -398 
binary_watch -398 
watch 399 4513:323 4869:114 
binary_watch 399 288:-558 1222:-398 1223:-397 1224:-348 1225:-324 1226:-306 1227:-147 1228:-117 
watch -399 4267:310 5777:564 2533:397 
binary_watch -399 
watch 400 
binary_watch 400 960:-448 1018:-439 1206:-403 1211:-402 1215:-401 1219:-169 1220:-139 1221:-109 
watch -400 2534:402 
binary_watch -400 
watch 401 
binary_watch 401 955:-449 1012:-440 1202:-404 1210:-402 1215:-400 1216:-170 1217:-140 1218:-110 
watch -401 5088:-2 5279:404 
binary_watch -401 
watch 402 
binary_watch 402 949:-450 1005:-441 1197:-405 1210:-401 1211:-400 1212:-171 1213:-141 1214:-111 
watch -402 5189:-137 2534:400 
binary_watch -402 
watch 403 
binary_watch 403 747:-484 979:-445 1196:-405 1201:-404 1206:-400 1207:-328 1208:-199 1209:-64 
watch -403 2535:404 
binary_watch -403 
watch 404 5128:265 
binary_watch 404 742:-485 973:-446 1195:-405 1201:-403 1202:-401 1203:-329 1204:-200 1205:-65 
watch -404 5318:281 2535:405 4992:196 5279:401 5053:-146 5316:-189 5002:31 5320:-304 5175:220 
binary_watch -404 
watch 405 
binary_watch 405 736:-486 966:-447 1195:-404 1196:-403 1197:-402 1198:-330 1199:-201 1200:-66 
watch -405 5130:-518 5129:-518 4565:-328 5566:587 5556:284 4819:-545 
binary_watch -405 
watch 406 4762:281 3651:91 4022:573 4052:387 
binary_watch 406 119:-583 729:-487 1181:-408 1186:-407 1191:-385 1192:-352 1193:-349 1194:-118 
watch -406 2907:-488 2993:-488 3417:214 2923:490 2711:241 2911:-411 3767:487 3526:487 4722:-90 2536:407 4421:479 4340:583 2803:-149 
binary_watch -406 
watch 407 5166:338 3690:444 
binary_watch 407 114:-584 725:-488 1180:-408 1186:-406 1187:-386 1188:-353 1189:-350 1190:-119 
watch -407 5156:281 5200:569 5137:432 3041:488 2536:406 4777:-118 3251:28 3687:-385 3185:-383 
binary_watch -407 
watch 408 2963:487 3602:249 3573:249 3455:88 
binary_watch 408 108:-585 720:-489 1180:-407 1181:-406 1182:-387 1183:-354 1184:-351 1185:-120 
watch -408 2676:123 3498:125 5209:427 3545:120 2724:120 
binary_watch -408 
watch 409 
binary_watch 409 574:-514 883:-463 1166:-411 1171:-410 1176:-379 1177:-316 1178:-34 1179:-19 
watch -409 5153:281 3175:530 2537:410 2902:504 
binary_watch -409 
watch 410 
binary_watch 410 568:-515 877:-464 1165:-411 1171:-409 1172:-380 1173:-317 1174:-35 1175:-20 
watch -410 5780:464 2537:409 2788:-422 
binary_watch -410 
watch 411 2911:118 
binary_watch 411 561:-516 870:-465 1165:-410 1166:-409 1167:-381 1168:-318 1169:-36 1170:-21 
watch -411 4055:45 
binary_watch -411 
watch 412 5314:-282 5184:-282 5203:214 4354:88 5315:359 4356:477 
binary_watch 412 1134:-418 1148:-414 1154:-413 1160:-385 1161:-304 1162:-220 1163:-184 1164:-178 
watch -412 3648:490 3565:422 3650:490 3963:387 3546:178 2538:414 5336:96 4721:-46 3640:106 3635:-387 
binary_watch -412 
watch 413 5159:281 4304:281 
binary_watch 413 1130:-419 1147:-414 1154:-412 1155:-386 1156:-305 1157:-221 1158:-185 1159:-179 
watch -413 5357:-587 3676:214 3679:499 2538:412 4801:59 
binary_watch -413 
watch 414 5158:281 5131:-252 4355:394 5305:419 
binary_watch 414 1125:-420 1147:-413 1148:-412 1149:-387 1150:-306 1151:-222 1152:-186 1153:-180 
watch -414 5185:281 5177:281 5073:281 4172:337 
binary_watch -414 
watch 415 
binary_watch 415 260:-562 478:-529 606:-508 645:-502 1139:-417 1142:-416 1145:-379 1146:-142 
watch -415 2539:417 
binary_watch -415 
watch 416 
binary_watch 416 254:-563 472:-530 602:-509 639:-503 1138:-417 1142:-415 1143:-380 1144:-143 
watch -416 
binary_watch -416 
watch 417 
binary_watch 417 247:-564 465:-531 597:-510 632:-504 1138:-416 1139:-415 1140:-381 1141:-144 
watch -417 3452:-502 3878:88 2539:415 2783:142 
binary_watch -417 
watch 418 5226:216 5082:-576 5342:504 
binary_watch 418 800:-475 1089:-427 1124:-420 1129:-419 1134:-412 1135:-307 1136:-265 1137:-94 
watch -418 4999:-43 4866:-566 2540:419 3542:94 
binary_watch -418 
watch 419 5083:94 
binary_watch 419 795:-476 1085:-428 1123:-420 1129:-418 1130:-413 1131:-308 1132:-266 1133:-95 
watch -419 5243:-495 4226:413 5305:-414 4994:413 5249:476 5094:307 4944:492 4932:337 
binary_watch -419 
watch 420 
binary_watch 420 789:-477 1080:-429 1123:-419 1124:-418 1125:-414 1126:-309 1127:-267 1128:-96 
watch -420 3793:-462 4991:-493 5316:404 4317:398 2540:418 
binary_watch -420 
watch 421 
binary_watch 421 281:-559 928:-454 1109:-423 1114:-422 1119:-271 1120:-172 1121:-142 1122:-4 
watch -421 2541:422 
binary_watch -421 
watch 422 2788:410 
binary_watch 422 275:-560 922:-455 1108:-423 1114:-421 1115:-272 1116:-173 1117:-143 1118:-5 
watch -422 3565:577 2541:423 
binary_watch -422 
watch 423 
binary_watch 423 268:-561 915:-456 1108:-422 1109:-421 1110:-273 1111:-174 1112:-144 1113:-6 
watch -423 
binary_watch -423 
watch 424 
binary_watch 424 862:-466 959:-448 1094:-426 1099:-425 1104:-229 1105:-220 1106:-19 1107:-7 
watch -424 4781:281 2542:425 5477:19 5493:-298 5213:180 4287:563 5518:299 5501:288 5513:287 5215:469 5515:120 5502:120 3173:490 5517:299 2860:-222 5479:288 2956:582 
binary_watch -424 
watch 425 
binary_watch 425 856:-467 954:-449 1093:-426 1099:-424 1100:-230 1101:-221 1102:-20 1103:-8 
watch -425 2542:424 5612:236 4214:230 3450:-200 5608:351 5677:199 
binary_watch -425 
watch 426 
binary_watch 426 849:-468 948:-450 1093:-425 1094:-424 1095:-231 1096:-222 1097:-21 1098:-9 
watch -426 4371:281 4748:281 
binary_watch -426 
watch 427 
binary_watch 427 240:-565 715:-490 1079:-429 1084:-428 1089:-418 1090:-334 1091:-286 1092:-229 
watch -427 
binary_watch -427 
watch 428 
binary_watch 428 234:-566 712:-491 1078:-429 1084:-427 1085:-419 1086:-335 1087:-287 1088:-230 
watch -428 3866:-376 2543:429 
binary_watch -428 
watch 429 
binary_watch 429 227:-567 708:-492 1078:-428 1079:-427 1080:-420 1081:-336 1082:-288 1083:-231 
watch -429 5339:281 5221:288 3225:490 5312:413 5338:178 5001:-477 2543:427 3593:272 5325:413 5327:366 5307:96 5230:-178 2778:334 5311:-260 4994:419 5218:-334 
binary_watch -429 
watch 430 
binary_watch 430 701:-493 1061:-432 1067:-431 1073:-373 1074:-280 1075:-235 1076:-229 1077:-202 
watch -430 2544:432 3761:432 4716:432 4603:432 4457:-204 5037:-495 5096:224 5088:401 5121:477 3247:104 5092:307 4841:-360 4173:196 4061:208 4128:487 
binary_watch -430 
watch 431 
binary_watch 431 695:-494 1060:-432 1067:-430 1068:-374 1069:-281 1070:-236 1071:-230 1072:-203 
watch -431 
binary_watch -431 
watch 432 5538:9 5698:21 4632:-198 5800:579 5032:58 
binary_watch 432 688:-495 1060:-431 1061:-430 1062:-375 1063:-282 1064:-237 1065:-231 1066:-204 
watch -432 2544:430 3761:430 4716:430 4603:430 4608:281 4418:-7 5735:126 4618:-473 5633:27 5540:27 4401:204 4660:27 4242:27 4670:27 4246:27 3112:-25 5434:-158 4511:-247 3093:-243 4728:-91 4939:126 5033:-60 4615:27 5736:126 5004:-304 5352:-576 2636:-554 4936:-359 4607:-25 5467:-279 5453:501 4658:-197 
binary_watch -432 
watch 433 
binary_watch 433 554:-517 1043:-435 1049:-434 1055:-337 1056:-265 1057:-244 1058:-64 1059:-31 
watch -433 3028:430 5291:244 
binary_watch -433 
watch 434 
binary_watch 434 548:-518 1042:-435 1049:-433 1050:-338 1051:-266 1052:-245 1053:-65 1054:-32 
watch -434 5104:140 4573:199 4568:199 4081:448 2545:433 4564:360 2898:496 
binary_watch -434 
watch 435 
binary_watch 435 541:-519 1042:-434 1043:-433 1044:-339 1045:-267 1046:-246 1047:-66 1048:-33 
watch -435 2545:434 
binary_watch -435 
watch 436 
binary_watch 436 746:-484 1025:-438 1031:-437 1037:-301 1038:-190 1039:-184 1040:-127 1041:-82 
watch -436 2546:438 
binary_watch -436 
watch 437 
binary_watch 437 741:-485 1024:-438 1031:-436 1032:-302 1033:-191 1034:-185 1035:-128 1036:-83 
watch -437 4523:84 2546:436 
binary_watch -437 
watch 438 
binary_watch 438 735:-486 1024:-437 1025:-436 1026:-303 1027:-192 1028:-186 1029:-129 1030:-84 
watch -438 
binary_watch -438 
watch 439 
binary_watch 439 1004:-441 1011:-440 1018:-400 1019:-325 1020:-283 1021:-256 1022:-232 1023:-112 
watch -439 2547:441 2992:-487 
binary_watch -439 
watch 440 
binary_watch 440 1003:-441 1011:-439 1012:-401 1013:-326 1014:-284 1015:-257 1016:-233 1017:-113 
watch -440 
binary_watch -440 
watch 441 
binary_watch 441 1003:-440 1004:-439 1005:-402 1006:-327 1007:-285 1008:-258 1009:-234 1010:-114 
watch -441 2547:439 
binary_watch -441 
watch 442 4344:-185 
binary_watch 442 499:-526 986:-444 992:-443 998:-307 999:-160 1000:-157 1001:-148 1002:-79 
watch -442 
binary_watch -442 
watch 443 4345:281 4337:69 
binary_watch 443 494:-527 985:-444 992:-442 993:-308 994:-161 995:-158 996:-149 997:-80 
watch -443 3582:-215 4280:-280 4811:281 4793:138 4792:537 2548:444 4150:483 2770:-452 5391:177 5524:555 5141:485 
binary_watch -443 
watch 444 4336:265 4385:526 
binary_watch 444 488:-528 985:-443 986:-442 987:-309 988:-162 989:-159 990:-150 991:-81 
watch -444 5455:140 2548:443 4583:309 4703:-90 2639:-225 5085:555 4694:-495 3690:490 4699:126 4124:490 2966:-317 5504:320 4114:180 2716:337 4160:59 
binary_watch -444 
watch 445 3891:296 
binary_watch 445 965:-447 972:-446 979:-403 980:-349 981:-232 982:-115 983:-37 984:-22 
watch -445 5228:-179 2549:447 4565:405 
binary_watch -445 
watch 446 
binary_watch 446 964:-447 972:-445 973:-404 974:-350 975:-233 976:-116 977:-38 978:-23 
watch -446 
binary_watch -446 
watch 447 
binary_watch 447 964:-446 965:-445 966:-405 967:-351 968:-234 969:-117 970:-39 971:-24 
watch -447 4513:-399 2549:445 
binary_watch -447 
watch 448 
binary_watch 448 553:-517 947:-450 953:-449 959:-424 960:-400 961:-337 962:-256 963:-244 
watch -448 5329:-570 5582:-546 5312:429 5246:267 
binary_watch -448 
watch 449 
binary_watch 449 547:-518 946:-450 953:-448 954:-425 955:-401 956:-338 957:-257 958:-245 
watch -449 2610:-8 4891:281 4559:88 2885:311 2758:560 2550:450 5362:469 
binary_watch -449 
watch 450 
binary_watch 450 540:-519 946:-449 947:-448 948:-426 949:-402 950:-339 951:-258 952:-246 
watch -450 5122:-304 2969:37 2550:449 2970:126 5172:-538 
binary_watch -450 
watch 451 5283:170 
binary_watch 451 280:-559 535:-520 680:-496 935:-453 939:-452 943:-286 944:-256 945:-58 
watch -451 4622:-360 2551:453 5219:-288 
binary_watch -451 
watch 452 2770:443 
binary_watch 452 274:-560 531:-521 675:-497 934:-453 939:-451 940:-287 941:-257 942:-59 
watch -452 3479:9 4522:214 5214:287 2551:451 4426:494 
binary_watch -452 
watch 453 2774:287 
binary_watch 453 267:-561 526:-522 669:-498 934:-452 935:-451 936:-288 937:-258 938:-60 
watch -453 5036:-329 4338:324 
binary_watch -453 
watch 454 3002:318 
binary_watch 454 914:-456 921:-455 928:-421 929:-382 930:-331 931:-322 932:-232 933:-103 
watch -454 5530:211 5596:-304 3833:-285 3408:214 5253:103 
binary_watch -454 
watch 455 
binary_watch 455 913:-456 921:-454 922:-422 923:-383 924:-332 925:-323 926:-233 927:-104 
watch -455 5386:-586 3535:-80 2552:456 
binary_watch -455 
watch 456 4285:382 
binary_watch 456 913:-455 914:-454 915:-423 916:-384 917:-333 918:-324 919:-234 920:-105 
watch -456 5385:-459 2850:97 3885:-492 2996:384 2552:454 4338:453 3887:31 5570:567 
binary_watch -456 
watch 457 
binary_watch 457 101:-586 438:-535 459:-532 902:-459 906:-458 910:-394 911:-382 912:-16 
watch -457 2553:458 4929:-507 4752:-250 4024:252 4938:358 4104:330 5356:387 4305:331 4216:198 4928:-395 
binary_watch -457 
watch 458 3076:396 
binary_watch 458 95:-587 432:-536 453:-533 901:-459 906:-457 907:-395 908:-383 909:-17 
watch -458 5064:-43 4760:-586 5324:-578 
binary_watch -458 
watch 459 5385:456 3186:533 5713:16 
binary_watch 459 88:-588 425:-537 446:-534 901:-458 902:-457 903:-396 904:-384 905:-18 
watch -459 2553:457 
binary_watch -459 
watch 460 4284:550 
binary_watch 460 80:-589 437:-535 644:-502 890:-462 894:-461 898:-346 899:-124 900:-94 
watch -460 2722:203 2554:461 4797:-89 4311:291 2822:-587 
binary_watch -460 
watch 461 
binary_watch 461 74:-590 431:-536 638:-503 889:-462 894:-460 895:-347 896:-125 897:-95 
watch -461 2554:460 
binary_watch -461 
watch 462 4289:281 5308:281 5355:503 3793:420 
binary_watch 462 67:-591 424:-537 631:-504 889:-461 890:-460 891:-348 892:-126 893:-96 
watch -462 4772:281 4552:-570 5347:126 
binary_watch -462 
watch 463 
binary_watch 463 869:-465 876:-464 883:-409 884:-277 885:-232 886:-181 887:-166 888:-52 
watch -463 2555:465 
binary_watch -463 
watch 464 
binary_watch 464 868:-465 876:-463 877:-410 878:-278 879:-233 880:-182 881:-167 882:-53 
watch -464 
binary_watch -464 
watch 465 
binary_watch 465 868:-464 869:-463 870:-411 871:-279 872:-234 873:-183 874:-168 875:-54 
watch -465 2555:464 3433:570 
binary_watch -465 
watch 466 
binary_watch 466 848:-468 855:-467 862:-424 863:-352 864:-325 865:-127 866:-85 867:-46 
watch -466 2556:467 
binary_watch -466 
watch 467 
binary_watch 467 847:-468 855:-466 856:-425 857:-353 858:-326 859:-128 860:-86 861:-47 
watch -467 3423:21 2556:466 
binary_watch -467 
watch 468 3311:222 
binary_watch 468 847:-467 848:-466 849:-426 850:-354 851:-327 852:-129 853:-87 854:-48 
watch -468 
binary_watch -468 
watch 469 
binary_watch 469 827:-471 834:-470 841:-382 842:-331 843:-256 844:-229 845:-94 846:-40 
watch -469 5196:281 5136:281 5116:281 5148:281 5115:281 4940:330 
binary_watch -469 
watch 470 
binary_watch 470 826:-471 834:-469 835:-383 836:-332 837:-257 838:-230 839:-95 840:-41 
watch -470 5366:-251 2557:471 
binary_watch -470 
watch 471 
binary_watch 471 826:-470 827:-469 828:-384 829:-333 830:-258 831:-231 832:-96 833:-42 
watch -471 4368:-251 5225:-251 2557:470 
binary_watch -471 
watch 472 
binary_watch 472 806:-474 813:-473 820:-223 821:-202 822:-172 823:-97 824:-25 825:-1 
watch -472 4738:-203 2558:473 
binary_watch -472 
watch 473 4746:281 5072:-280 5807:283 5081:477 3927:106 4401:432 3348:490 5737:196 
binary_watch 473 805:-474 813:-472 814:-224 815:-203 816:-173 817:-98 818:-26 819:-2 
watch -473 
binary_watch -473 
watch 474 5232:576 5591:243 3501:359 3951:88 4683:375 4697:577 3973:273 
binary_watch 474 805:-473 806:-472 807:-225 808:-204 809:-174 810:-99 811:-27 812:-3 
watch -474 4775:281 4756:-136 4802:-136 2558:472 
binary_watch -474 
watch 475 
binary_watch 475 416:-538 788:-477 794:-476 800:-418 801:-340 802:-304 803:-199 804:-169 
watch -475 5620:342 5624:-189 
binary_watch -475 
watch 476 4328:204 
binary_watch 476 411:-539 787:-477 794:-475 795:-419 796:-341 797:-305 798:-200 799:-170 
watch -476 4922:-189 5176:538 2559:477 4318:301 
binary_watch -476 
watch 477 4877:-300 5001:31 
binary_watch 477 405:-540 787:-476 788:-475 789:-420 790:-342 791:-306 792:-201 793:-171 
watch -477 5081:-473 5005:-3 4356:214 4357:214 4353:342 2559:476 4687:330 5124:517 5121:430 4998:-305 4997:251 5000:368 3553:189 4230:265 4992:404 
binary_watch -477 
watch 478 
binary_watch 478 591:-511 643:-502 773:-480 778:-479 783:-259 784:-178 785:-145 786:-88 
watch -478 5103:281 4967:281 5058:281 5098:555 5348:-159 4964:180 
binary_watch -478 
watch 479 4532:88 4465:261 
binary_watch 479 587:-512 637:-503 772:-480 778:-478 779:-260 780:-179 781:-146 782:-89 
watch -479 4312:249 4473:106 3706:158 2560:478 5135:513 5333:58 4421:478 3493:490 3388:-145 4431:88 3573:-408 5164:240 3459:490 5337:513 3559:260 4483:88 
binary_watch -479 
watch 480 3431:506 4495:88 4456:-311 
binary_watch 480 582:-513 630:-504 772:-479 773:-478 774:-261 775:-180 776:-147 777:-90 
watch -480 4166:281 2947:-136 3737:-89 4858:-576 3759:46 2560:479 5503:277 
binary_watch -480 
watch 481 
binary_watch 481 752:-483 759:-482 766:-367 767:-361 768:-319 769:-301 770:-166 771:-52 
watch -481 5581:-203 3356:490 4896:504 5208:-287 
binary_watch -481 
watch 482 
binary_watch 482 751:-483 759:-481 760:-368 761:-362 762:-320 763:-302 764:-167 765:-53 
watch -482 5266:281 5260:-2 2561:483 3101:-375 5267:-581 
binary_watch -482 
watch 483 
binary_watch 483 751:-482 752:-481 753:-369 754:-363 755:-321 756:-303 757:-168 758:-54 
watch -483 2561:482 2935:-150 4023:54 4150:225 
binary_watch -483 
watch 484 4327:517 
binary_watch 484 700:-493 734:-486 740:-485 746:-436 747:-403 748:-334 749:-184 750:-79 
watch -484 2562:485 
binary_watch -484 
watch 485 
binary_watch 485 694:-494 733:-486 740:-484 741:-437 742:-404 743:-335 744:-185 745:-80 
watch -485 5134:-280 
binary_watch -485 
watch 486 
binary_watch 486 687:-495 733:-485 734:-484 735:-438 736:-405 737:-336 738:-186 739:-81 
watch -486 2562:484 2715:81 
binary_watch -486 
watch 487 3618:-93 2992:439 3572:120 
binary_watch 487 498:-526 518:-523 719:-489 724:-488 729:-406 730:-298 731:-238 732:-118 
watch -487 3767:406 3526:406 2963:-408 4725:138 3107:-300 4876:-300 4129:-360 4128:569 3709:-300 3455:-408 3621:-89 3049:238 5727:365 4054:273 4132:585 4249:-349 4298:-385 4846:230 2563:488 5508:575 4877:-477 4125:293 3778:220 4717:522 3619:46 4618:432 4257:494 4843:517 
binary_watch -487 
watch 488 3654:281 5323:391 2907:118 5168:-78 3402:214 2993:88 2918:56 2975:275 3485:408 
binary_watch 488 493:-527 512:-524 718:-489 724:-487 725:-407 726:-299 727:-239 728:-119 
watch -488 
binary_watch -488 
watch 489 
binary_watch 489 487:-528 505:-525 718:-488 719:-487 720:-408 721:-300 722:-240 723:-120 
watch -489 2563:487 3020:120 
binary_watch -489 
watch 490 
binary_watch 490 37:-595 140:-580 341:-550 707:-492 711:-491 715:-427 716:-388 717:-217 
watch -490 3331:281 3649:-215 4126:138 3039:-284 3315:-389 3316:-7 3354:-546 2601:212 3413:377 3777:505 3969:377 3118:432 2944:-376 3182:-376 2967:212 3415:377 3376:-378 3079:212 3050:212 3659:-93 3648:-568 3458:-93 3567:9 2866:-376 2865:126 3065:-93 2667:-211 3036:-211 3275:138 2986:212 3309:-78 2841:-227 2901:396 3348:-473 3255:388 3080:-175 3113:-27 3650:243 3933:-197 3342:-390 3201:9 3345:388 3245:283 3103:-2 3357:388 3246:-8 4026:283 3356:-5 2564:492 2900:-591 2846:180 3959:272 4013:262 3173:424 3712:552 3263:133 3715:385 3496:177 3493:479 3603:262 3872:262 2832:262 3911:262 3358:88 3164:133 3215:46 3290:389 3090:88 2906:35 3297:155 4137:262 
binary_watch -490 
watch 491 3882:118 
binary_watch 491 31:-596 134:-581 335:-551 706:-492 711:-490 712:-428 713:-389 714:-218 
watch -491 
binary_watch -491 
watch 492 3885:204 5233:366 3336:526 
binary_watch 492 24:-597 127:-582 328:-552 706:-491 707:-490 708:-429 709:-390 710:-219 
watch -492 4244:432 5275:-580 2564:490 
binary_watch -492 
watch 493 5742:-7 2632:432 2622:432 5237:432 4991:420 5643:196 5740:-374 4940:469 4969:570 
binary_watch 493 686:-495 693:-494 700:-484 701:-430 702:-394 703:-181 704:-163 705:-25 
watch -493 4973:281 2565:494 4975:-203 
binary_watch -493 
watch 494 2629:284 4693:203 5540:432 
binary_watch 494 685:-495 693:-493 694:-485 695:-431 696:-395 697:-182 698:-164 699:-26 
watch -494 4426:-2 2565:493 4257:487 5461:-118 5239:128 4700:330 5231:-328 5217:-229 
binary_watch -494 
watch 495 5526:203 5042:-312 4493:163 5037:576 5597:243 4694:576 5235:189 2801:85 5673:44 5238:180 5243:419 
binary_watch 495 685:-494 686:-493 687:-486 688:-432 689:-396 690:-183 691:-165 692:-27 
watch -495 4766:281 5769:-43 
binary_watch -495 
watch 496 
binary_watch 496 379:-544 668:-498 674:-497 680:-451 681:-319 682:-274 683:-139 684:-37 
watch -496 2566:498 5227:381 4037:46 
binary_watch -496 
watch 497 5408:39 
binary_watch 497 373:-545 667:-498 674:-496 675:-452 676:-320 677:-275 678:-140 679:-38 
watch -497 3169:84 
binary_watch -497 
watch 498 4916:281 4920:281 5544:243 4890:238 
binary_watch 498 366:-546 667:-497 668:-496 669:-453 670:-321 671:-276 672:-141 673:-39 
watch -498 4882:281 5437:-203 5409:287 2566:496 2873:39 
binary_watch -498 
watch 499 
binary_watch 499 100:-586 650:-501 656:-500 662:-313 663:-115 664:-91 665:-67 666:-34 
watch -499 4779:-329 3091:-7 4730:-7 4726:-7 4698:-7 4723:-7 2567:501 5763:126 5782:61 3077:116 4778:88 4567:351 4873:-251 4881:165 2693:297 3679:238 4644:223 4879:527 
binary_watch -499 
watch 500 3312:44 
binary_watch 500 94:-587 649:-501 656:-499 657:-314 658:-116 659:-92 660:-68 661:-35 
watch -500 
binary_watch -500 
watch 501 3749:300 
binary_watch 501 87:-588 649:-500 650:-499 651:-315 652:-117 653:-93 654:-69 655:-36 
watch -501 2567:499 5548:-299 5453:432 5505:125 2894:212 5449:125 3135:92 5759:378 5758:378 5615:570 5658:164 5579:570 5617:-507 3567:490 5628:120 3776:-507 5494:374 
binary_watch -501 
watch 502 3452:417 
binary_watch 502 629:-504 636:-503 643:-478 644:-460 645:-415 646:-367 647:-142 648:-127 
watch -502 4556:88 2568:504 
binary_watch -502 
watch 503 
binary_watch 503 628:-504 636:-502 637:-479 638:-461 639:-416 640:-368 641:-143 642:-128 
watch -503 5355:-462 
binary_watch -503 
watch 504 
binary_watch 504 628:-503 629:-502 630:-480 631:-462 632:-417 633:-369 634:-144 635:-129 
watch -504 5343:281 5344:140 5313:-159 5342:-418 4896:368 2823:468 2568:502 5241:-58 2902:166 
binary_watch -504 
watch 505 5747:126 5261:126 
binary_watch 505 239:-565 611:-507 617:-506 623:-328 624:-298 625:-226 626:-97 627:-22 
watch -505 4659:-136 5506:-569 4232:97 4112:97 3717:-569 4839:358 3978:88 5255:309 5252:588 5234:366 4102:-108 3732:310 2569:507 4254:299 5223:59 4244:492 4243:262 5306:-301 3999:118 5704:-331 3777:490 4836:358 4225:570 5216:128 4506:249 4662:-197 4695:88 
binary_watch -505 
watch 506 3480:9 4123:97 5688:565 4044:46 
binary_watch 506 233:-566 610:-507 617:-505 618:-329 619:-299 620:-227 621:-98 622:-23 
watch -506 5068:98 3747:92 
binary_watch -506 
watch 507 4192:281 5674:-137 3594:576 5489:26 5498:22 4929:443 5776:120 4571:126 5254:309 5601:342 2858:557 3776:501 5617:501 3550:175 5746:250 5260:482 5360:305 3736:46 5484:90 
binary_watch 507 226:-567 610:-506 611:-505 612:-330 613:-300 614:-228 615:-99 616:-24 
watch -507 2569:505 5618:396 
binary_watch -507 
watch 508 
binary_watch 508 458:-532 534:-520 596:-510 601:-509 606:-415 607:-355 608:-295 609:-253 
watch -508 
binary_watch -508 
watch 509 
binary_watch 509 452:-533 530:-521 595:-510 601:-508 602:-416 603:-356 604:-296 605:-254 
watch -509 2570:510 4518:-24 
binary_watch -509 
watch 510 
binary_watch 510 445:-534 525:-522 595:-509 596:-508 597:-417 598:-357 599:-297 600:-255 
watch -510 2570:508 
binary_watch -510 
watch 511 
binary_watch 511 457:-532 497:-526 581:-513 586:-512 591:-478 592:-319 593:-244 594:-85 
watch -511 4487:281 4445:-78 4417:160 2571:513 3429:566 3815:-479 3380:468 4489:289 
binary_watch -511 
watch 512 
binary_watch 512 451:-533 492:-527 580:-513 586:-511 587:-479 588:-320 589:-245 590:-86 
watch -512 4362:88 
binary_watch -512 
watch 513 5277:166 
binary_watch 513 444:-534 486:-528 580:-512 581:-511 582:-480 583:-321 584:-246 585:-87 
watch -513 5349:281 5055:43 5060:281 5051:43 5135:-19 5282:-59 5299:-178 5248:165 5337:178 2571:512 5054:180 5301:330 5303:309 
binary_watch -513 
watch 514 
binary_watch 514 560:-516 567:-515 574:-409 575:-301 576:-295 577:-190 578:-70 579:-28 
watch -514 2572:515 
binary_watch -514 
watch 515 
binary_watch 515 559:-516 567:-514 568:-410 569:-302 570:-296 571:-191 572:-71 573:-29 
watch -515 2572:516 
binary_watch -515 
watch 516 
binary_watch 516 559:-515 560:-514 561:-411 562:-303 563:-297 564:-192 565:-72 566:-30 
watch -516 2885:449 
binary_watch -516 
watch 517 4193:88 
binary_watch 517 539:-519 546:-518 553:-448 554:-433 555:-340 556:-280 557:-259 558:-217 
watch -517 2573:519 5180:-179 4812:281 4842:281 4679:-204 4838:-136 3636:387 4377:-251 5124:477 4680:-568 5029:569 5026:-3 5109:-251 3711:328 5030:259 3587:-568 3707:-568 5114:199 4333:307 4330:307 4308:348 4334:307 4682:576 4237:330 4327:-484 4843:526 4854:-260 3009:259 4741:88 4837:413 3684:106 3675:88 5027:358 5108:555 3008:-90 4821:88 5359:359 5123:21 4852:178 4847:158 3739:46 
binary_watch -517 
watch 518 5130:405 5113:199 5182:385 5031:575 5350:230 4870:95 5129:405 5276:582 5195:15 
binary_watch 518 538:-519 546:-517 547:-449 548:-434 549:-341 550:-281 551:-260 552:-218 
watch -518 5346:281 
binary_watch -518 
watch 519 4081:434 5118:259 4310:307 
binary_watch 519 538:-518 539:-517 540:-450 541:-435 542:-342 543:-282 544:-261 545:-219 
watch -519 2573:517 5077:281 3967:281 4664:-312 3827:-216 5270:330 4265:494 4272:180 3459:479 5273:37 5142:494 
binary_watch -519 
watch 520 
binary_watch 520 340:-550 517:-523 524:-522 529:-521 534:-508 535:-451 536:-265 537:-40 
watch -520 3365:88 4284:-460 2574:522 
binary_watch -520 
watch 521 
binary_watch 521 334:-551 511:-524 523:-522 529:-520 530:-509 531:-452 532:-266 533:-41 
watch -521 3923:162 
binary_watch -521 
watch 522 
binary_watch 522 327:-552 504:-525 523:-521 524:-520 525:-510 526:-453 527:-267 528:-42 
watch -522 2574:520 4158:157 
binary_watch -522 
watch 523 
binary_watch 523 503:-525 510:-524 517:-520 518:-487 519:-268 520:-190 521:-97 522:-52 
watch -523 2575:525 
binary_watch -523 
watch 524 
binary_watch 524 502:-525 510:-523 511:-521 512:-488 513:-269 514:-191 515:-98 516:-53 
watch -524 4339:92 
binary_watch -524 
watch 525 
binary_watch 525 502:-524 503:-523 504:-522 505:-489 506:-270 507:-192 508:-99 509:-54 
watch -525 2575:523 4908:296 
binary_watch -525 
watch 526 
binary_watch 526 436:-535 485:-528 491:-527 497:-511 498:-487 499:-442 500:-277 501:-70 
watch -526 5789:-569 4413:344 2576:528 
binary_watch -526 
watch 527 
binary_watch 527 430:-536 484:-528 491:-526 492:-512 493:-488 494:-443 495:-278 496:-71 
watch -527 3789:281 4620:-136 
binary_watch -527 
watch 528 5441:243 
binary_watch 528 423:-537 484:-527 485:-526 486:-513 487:-489 488:-444 489:-279 490:-72 
watch -528 2576:527 5432:378 5380:-125 5625:138 5485:-298 5250:-305 3104:-150 5654:-555 4791:-535 3299:155 
binary_watch -528 
watch 529 4018:-177 3871:252 
binary_watch 529 464:-531 471:-530 478:-415 479:-316 480:-292 481:-211 482:-175 483:-133 
watch -529 
binary_watch -529 
watch 530 
binary_watch 530 463:-531 471:-529 472:-416 473:-317 474:-293 475:-212 476:-176 477:-134 
watch -530 2825:15 5466:98 2967:490 2919:-371 5262:133 2577:531 3157:133 2676:408 3215:490 
binary_watch -530 
watch 531 
binary_watch 531 463:-530 464:-529 465:-417 466:-318 467:-294 468:-213 469:-177 470:-135 
watch -531 2577:529 3426:135 3424:135 5640:285 5173:-574 5367:285 5369:-17 
binary_watch -531 
watch 532 
binary_watch 532 443:-534 450:-533 457:-511 458:-508 459:-457 460:-352 461:-343 462:-145 
watch -532 
binary_watch -532 
watch 533 
binary_watch 533 442:-534 450:-532 451:-512 452:-509 453:-458 454:-353 455:-344 456:-146 
watch -533 3186:-459 3388:479 2578:534 
binary_watch -533 
watch 534 
binary_watch 534 442:-533 443:-532 444:-513 445:-510 446:-459 447:-354 448:-345 449:-147 
watch -534 4440:281 5061:-108 2578:532 3814:-549 
binary_watch -534 
watch 535 4791:528 
binary_watch 535 422:-537 429:-536 436:-526 437:-460 438:-457 439:-289 440:-148 441:-130 
watch -535 4313:126 
binary_watch -535 
watch 536 
binary_watch 536 421:-537 429:-535 430:-527 431:-461 432:-458 433:-290 434:-149 435:-131 
watch -536 4300:-280 2579:535 3100:237 
binary_watch -536 
watch 537 
binary_watch 537 421:-536 422:-535 423:-528 424:-462 425:-459 426:-291 427:-150 428:-132 
watch -537 4792:443 5395:-105 2579:536 
binary_watch -537 
watch 538 5172:-574 
binary_watch 538 259:-562 404:-540 410:-539 416:-475 417:-337 418:-238 419:-220 420:-109 
watch -538 5465:-298 5206:-429 2580:540 5176:359 5569:477 
binary_watch -538 
watch 539 
binary_watch 539 253:-563 403:-540 410:-538 411:-476 412:-338 413:-239 414:-221 415:-110 
watch -539 
binary_watch -539 
watch 540 
binary_watch 540 246:-564 403:-539 404:-538 405:-477 406:-339 407:-240 408:-222 409:-111 
watch -540 4609:157 2580:538 
binary_watch -540 
watch 541 3444:467 
binary_watch 541 178:-574 386:-543 392:-542 398:-361 399:-322 400:-205 401:-82 402:-40 
watch -541 2799:9 5150:306 2581:543 4377:517 2781:205 
binary_watch -541 
watch 542 
binary_watch 542 172:-575 385:-543 392:-541 393:-362 394:-323 395:-206 396:-83 397:-41 
watch -542 5247:66 
binary_watch -542 
watch 543 3445:362 
binary_watch 543 165:-576 385:-542 386:-541 387:-363 388:-324 389:-207 390:-84 391:-42 
watch -543 4900:-169 5712:-382 2581:542 4252:165 5521:-158 5551:498 4931:397 5696:-205 4058:127 4282:-367 5714:323 5439:395 5726:-386 
binary_watch -543 
watch 544 2848:300 
binary_watch 544 365:-546 372:-545 379:-496 380:-349 381:-283 382:-226 383:-175 384:-103 
watch -544 4001:358 2582:546 4029:-91 3351:103 2989:-176 
binary_watch -544 
watch 545 2837:-2 3557:103 5381:120 2730:133 5744:175 4819:566 5749:-175 
binary_watch 545 364:-546 372:-544 373:-497 374:-350 375:-284 376:-227 377:-176 378:-104 
watch -545 5668:-158 
binary_watch -545 
watch 546 5739:-7 5576:203 2706:243 5582:448 5375:331 2702:106 5534:103 
binary_watch 546 364:-545 365:-544 366:-498 367:-351 368:-285 369:-228 370:-177 371:-105 
watch -546 2582:544 
binary_watch -546 
watch 547 
binary_watch 547 158:-577 347:-549 353:-548 359:-352 360:-145 361:-76 362:-49 363:-28 
watch -547 
binary_watch -547 
watch 548 
binary_watch 548 153:-578 346:-549 353:-547 354:-353 355:-146 356:-77 357:-50 358:-29 
watch -548 4953:-137 2612:-213 3213:389 2583:549 4542:-324 3910:175 3484:262 5758:501 3036:490 5486:59 
binary_watch -548 
watch 549 
binary_watch 549 147:-579 346:-548 347:-547 348:-354 349:-147 350:-78 351:-51 352:-30 
watch -549 4630:281 2583:548 3397:-50 5087:-553 3859:-278 2952:352 2904:-234 2856:352 
binary_watch -549 
watch 550 
binary_watch 550 326:-552 333:-551 340:-520 341:-490 342:-376 343:-361 344:-160 345:-112 
watch -550 2584:552 
binary_watch -550 
watch 551 
binary_watch 551 325:-552 333:-550 334:-521 335:-491 336:-377 337:-362 338:-161 339:-113 
watch -551 3842:362 2584:550 3864:140 
binary_watch -551 
watch 552 
binary_watch 552 325:-551 326:-550 327:-522 328:-492 329:-378 330:-363 331:-162 332:-114 
watch -552 3712:378 
binary_watch -552 
watch 553 3688:98 5087:98 
binary_watch 553 305:-555 312:-554 319:-391 320:-373 321:-193 322:-184 323:-97 324:-43 
watch -553 4757:-329 4787:-315 2585:555 5733:379 5689:285 5699:196 5745:-177 5729:25 
binary_watch -553 
watch 554 4551:199 2636:432 2614:106 5706:358 
binary_watch 554 304:-555 312:-553 313:-392 314:-374 315:-194 316:-185 317:-98 318:-44 
watch -554 5792:92 
binary_watch -554 
watch 555 4117:196 5078:319 
binary_watch 555 304:-554 305:-553 306:-393 307:-375 308:-195 309:-186 310:-99 311:-45 
watch -555 5106:281 2765:-43 2608:-213 3919:587 2585:553 2609:284 
binary_watch -555 
watch 556 
binary_watch 556 238:-565 287:-558 293:-557 299:-397 300:-355 301:-181 302:-34 303:-31 
watch -556 2586:557 
binary_watch -556 
watch 557 3166:318 
binary_watch 557 232:-566 286:-558 293:-556 294:-398 295:-356 296:-182 297:-35 298:-32 
watch -557 4577:281 2858:-507 2586:558 5433:165 
binary_watch -557 
watch 558 5009:31 
binary_watch 558 225:-567 286:-557 287:-556 288:-399 289:-357 290:-183 291:-36 292:-33 
watch -558 
binary_watch -558 
watch 559 
binary_watch 559 266:-561 273:-560 280:-451 281:-421 282:-178 283:-166 284:-79 285:-67 
watch -559 2587:561 5298:-168 5207:-288 
binary_watch -559 
watch 560 
binary_watch 560 265:-561 273:-559 274:-452 275:-422 276:-179 277:-167 278:-80 279:-68 
watch -560 4455:214 
binary_watch -560 
watch 561 
binary_watch 561 265:-560 266:-559 267:-453 268:-423 269:-180 270:-168 271:-81 272:-69 
watch -561 2587:559 
binary_watch -561 
watch 562 
binary_watch 562 245:-564 252:-563 259:-538 260:-415 261:-394 262:-346 263:-100 264:-76 
watch -562 
binary_watch -562 
watch 563 
binary_watch 563 244:-564 252:-562 253:-539 254:-416 255:-395 256:-347 257:-101 258:-77 
watch -563 3773:-280 5160:-248 5154:91 5201:-248 2588:564 5157:9 5476:300 3794:58 5480:300 
binary_watch -563 
watch 564 
binary_watch 564 244:-563 245:-562 246:-540 247:-417 248:-396 249:-348 250:-102 251:-78 
watch -564 2588:563 5725:396 5777:-91 
binary_watch -564 
watch 565 
binary_watch 565 224:-567 231:-566 238:-556 239:-505 240:-427 241:-316 242:-103 243:-22 
watch -565 5688:-506 4019:396 
binary_watch -565 
watch 566 5353:281 4866:13 3892:410 
binary_watch 566 223:-567 231:-565 232:-557 233:-506 234:-428 235:-317 236:-104 237:-23 
watch -566 3893:-22 2690:-351 3432:-22 3431:-480 2589:567 
binary_watch -566 
watch 567 
binary_watch 567 223:-566 224:-565 225:-558 226:-507 227:-429 228:-318 229:-105 230:-24 
watch -567 5341:281 5570:456 2589:566 3884:-22 3483:-103 4867:230 
binary_watch -567 
watch 568 4235:126 5190:-159 5634:126 
binary_watch 568 203:-570 210:-569 217:-328 218:-259 219:-250 220:-187 221:-124 222:-91 
watch -568 4686:-329 4904:-329 4902:-329 4650:281 2590:570 3727:-189 4681:-330 5387:-369 3970:88 3229:37 3089:21 4272:519 3674:88 5244:588 
binary_watch -568 
watch 569 4988:281 5796:203 4850:178 5240:259 4912:126 3706:479 2961:126 4831:249 4753:250 5126:178 4844:-395 5506:505 3717:505 3920:44 5789:526 4041:262 3015:367 5210:364 
binary_watch 569 202:-570 210:-568 211:-329 212:-260 213:-251 214:-188 215:-125 216:-92 
watch -569 
binary_watch -569 
watch 570 4626:281 4649:138 4874:22 4861:328 5145:328 5329:448 4141:31 4075:328 4879:499 3759:480 5155:120 
binary_watch 570 202:-569 203:-568 204:-330 205:-261 206:-252 207:-189 208:-126 209:-93 
watch -570 5767:9 5553:9 5649:-125 5670:-315 5594:-159 2590:568 5378:126 5579:126 4225:126 5559:126 4211:-247 5572:126 4315:126 5630:126 5635:27 5377:126 3521:-60 4969:-493 5638:-159 
binary_watch -570 
watch 571 
binary_watch 571 139:-580 185:-573 191:-572 197:-349 198:-310 199:-295 200:-154 201:-115 
watch -571 3370:125 4054:487 
binary_watch -571 
watch 572 
binary_watch 572 133:-581 184:-573 191:-571 192:-350 193:-311 194:-296 195:-155 196:-116 
watch -572 2591:573 
binary_watch -572 
watch 573 
binary_watch 573 126:-582 184:-572 185:-571 186:-351 187:-312 188:-297 189:-156 190:-117 
watch -573 4133:-587 5258:-137 3078:-213 4022:-406 3149:581 3691:328 2591:572 
binary_watch -573 
watch 574 5023:281 5179:281 5181:-280 5089:203 5167:281 4942:330 4436:301 4438:367 4139:330 4552:462 5173:531 5192:307 4989:-59 5120:307 5164:479 
binary_watch 574 164:-576 171:-575 178:-541 179:-394 180:-385 181:-328 182:-310 183:-202 
watch -574 4986:-203 3498:408 5252:505 2592:575 5237:-493 5250:528 4947:310 4789:310 4270:-311 4696:-311 5793:-187 5373:592 5325:429 
binary_watch -574 
watch 575 4422:458 4222:413 3639:220 
binary_watch 575 163:-576 171:-574 172:-542 173:-395 174:-386 175:-329 176:-311 177:-203 
watch -575 4924:281 5031:-518 4960:281 4865:281 3298:-312 3922:-312 5721:-473 5785:-313 5786:-278 2592:576 4935:-493 4857:178 2695:493 5508:487 5775:-588 5781:-214 3958:584 5784:61 3947:395 3653:395 4790:235 5602:342 3646:243 3643:412 5028:31 4840:58 5012:58 3930:106 4466:157 4816:140 4847:517 5778:287 4837:517 4884:-276 5723:196 2697:31 4860:-58 4835:214 4880:-118 5359:517 4875:387 4277:196 
binary_watch -575 
watch 576 5522:-158 4858:480 5527:120 5510:120 4862:88 4763:309 5026:517 5728:196 3644:304 4068:273 3700:311 4437:108 5352:428 4213:198 3662:88 
binary_watch 576 163:-575 164:-574 165:-543 166:-396 167:-387 168:-330 169:-312 170:-204 
watch -576 5205:281 5259:281 5111:281 5193:281 5125:281 4692:281 4689:281 2630:396 2623:396 2643:396 4674:396 4735:-136 4142:396 5558:9 5232:-474 4395:-138 
binary_watch -576 
watch 577 3873:46 3844:199 
binary_watch 577 58:-592 146:-579 152:-578 158:-547 159:-373 160:-139 161:-136 162:-4 
watch -577 2593:579 4697:-474 4628:-211 3716:76 4953:548 3735:592 2894:501 2722:460 3849:389 3624:367 3099:238 4629:358 3851:592 4899:-320 2809:301 4780:375 2700:238 2775:-6 2813:-59 
binary_watch -577 
watch 578 5324:473 3850:199 2776:55 3373:592 
binary_watch 578 52:-593 145:-579 152:-577 153:-548 154:-374 155:-140 156:-137 157:-5 
watch -578 4051:-136 
binary_watch -578 
watch 579 3370:571 3422:46 
binary_watch 579 45:-594 145:-578 146:-577 147:-549 148:-375 149:-141 150:-138 151:-6 
watch -579 5541:9 3860:578 2593:577 5692:285 5760:4 5574:-105 5543:260 5781:575 3965:592 3404:157 5802:360 5803:360 5800:124 5363:140 3859:549 5691:196 
binary_watch -579 
watch 580 5268:263 5275:263 5290:85 
binary_watch 580 125:-582 132:-581 139:-571 140:-490 141:-262 142:-166 143:-70 144:-31 
watch -580 
binary_watch -580 
watch 581 5267:53 
binary_watch 581 124:-582 132:-580 133:-572 134:-491 135:-263 136:-167 137:-71 138:-32 
watch -581 5264:281 2594:582 3149:92 3344:88 3482:105 3633:31 3907:122 3224:31 3903:31 3265:184 3227:88 3496:490 
binary_watch -581 
watch 582 
binary_watch 582 124:-581 125:-580 126:-573 127:-492 128:-264 129:-168 130:-72 131:-33 
watch -582 5276:-518 2956:325 2916:-318 2594:581 
binary_watch -582 
watch 583 
binary_watch 583 79:-589 107:-585 113:-584 119:-406 120:-262 121:-244 122:-241 123:-148 
watch -583 5351:-215 5038:-242 
binary_watch -583 
watch 584 3576:262 
binary_watch 584 73:-590 106:-585 113:-583 114:-407 115:-263 116:-245 117:-242 118:-149 
watch -584 4751:281 3964:-76 4798:-252 5015:-26 5014:-26 3898:242 2595:585 4754:88 3955:88 3251:407 4750:364 3357:490 
binary_watch -584 
watch 585 3359:120 
binary_watch 585 66:-591 106:-584 107:-583 108:-408 109:-264 110:-246 111:-243 112:-150 
watch -585 4021:-285 3671:243 5577:-263 2595:584 4132:487 4029:544 4057:120 
binary_watch -585 
watch 586 4654:281 3904:342 4198:16 5386:455 4760:458 
binary_watch 586 86:-588 93:-587 100:-499 101:-457 102:-292 103:-202 104:-43 105:-13 
watch -586 4972:281 4963:281 4970:281 4767:281 4745:281 4824:-136 4736:-136 5808:-27 
binary_watch -586 
watch 587 3771:27 3632:-3 
binary_watch 587 85:-588 93:-586 94:-500 95:-458 96:-293 97:-203 98:-44 99:-14 
watch -587 2596:588 5528:287 5445:125 5531:287 5626:243 5616:155 5606:351 5627:120 5610:196 5612:425 3378:-594 3905:-195 3919:555 5433:557 5578:120 4711:396 5566:405 5609:199 5615:501 5613:199 5779:120 5693:196 3968:251 5457:-118 
binary_watch -587 
watch 588 4130:273 5775:575 
binary_watch 588 85:-587 86:-586 87:-501 88:-459 89:-294 90:-204 91:-45 92:-15 
watch -588 5186:281 5140:-329 2596:587 5244:27 
binary_watch -588 
watch 589 
binary_watch 589 65:-591 72:-590 79:-583 80:-460 81:-337 82:-274 83:-235 84:-55 
watch -589 2844:-25 3133:-26 3353:53 2597:590 
binary_watch -589 
watch 590 2876:39 
binary_watch 590 64:-591 72:-589 73:-584 74:-461 75:-338 76:-275 77:-236 78:-56 
watch -590 4771:-329 5426:120 2597:589 
binary_watch -590 
watch 591 2879:198 2900:490 
binary_watch 591 64:-590 65:-589 66:-585 67:-462 68:-339 69:-276 70:-237 71:-57 
watch -591 4202:-93 
binary_watch -591 
watch 592 
binary_watch 592 44:-594 51:-593 58:-577 59:-292 60:-238 61:-184 62:-133 63:-73 
watch -592 3862:278 3846:-50 3851:577 3868:278 3735:577 3544:577 3965:473 3373:-578 2598:594 3958:575 3412:88 3819:322 4337:-443 5372:177 5373:-103 3937:272 3975:88 3445:-543 4020:-177 
binary_watch -592 
watch 593 3497:125 
binary_watch 593 43:-594 51:-592 52:-578 53:-293 54:-239 55:-185 56:-134 57:-74 
watch -593 
binary_watch -593 
watch 594 3378:587 3500:-2 4035:387 4040:459 
binary_watch 594 43:-593 44:-592 45:-579 46:-294 47:-240 48:-186 49:-135 50:-75 
watch -594 2598:592 
binary_watch -594 
watch 595 4146:217 
binary_watch 595 23:-597 30:-596 37:-490 38:-262 39:-106 40:-88 41:-46 42:-31 
watch -595 
binary_watch -595 
watch 596 
binary_watch 596 22:-597 30:-595 31:-491 32:-263 33:-107 34:-89 35:-47 36:-32 
watch -596 2599:597 
binary_watch -596 
watch 597 
binary_watch 597 22:-596 23:-595 24:-492 25:-264 26:-108 27:-90 28:-48 29:-33 
watch -597 2599:596 
binary_watch -597 
watch 598 
binary_watch 598 2:-600 9:-599 16:-232 17:-226 18:-217 19:-193 20:-73 21:-40 
watch -598 2600:599 
binary_watch -598 
watch 599 
binary_watch 599 1:-600 9:-598 10:-233 11:-227 12:-218 13:-194 14:-74 15:-41 
watch -599 2600:598 
binary_watch -599 
watch 600 
binary_watch 600 1:-599 2:-598 3:-234 4:-228 5:-219 6:-195 7:-75 8:-42 
watch -600 
binary_watch -600 
